# Blender 5.2.2 LTS
# www.blender.org
mtllib PEAKchar.mtl
o BODY
g the_peakchar_body
v 0.400791 1.936306 -0.137931
v 0.414138 1.950768 0.157551
v 0.298175 1.790419 -0.257414
v 0.323451 1.802396 0.286249
v 0.000000 1.505911 -0.235631
v 0.000000 1.502009 0.256356
v 0.485515 1.675002 0.184665
v 0.000000 1.926753 0.384471
v 0.000000 1.933924 -0.359482
v 0.000000 1.628669 -0.330877
v 0.000000 1.629801 0.367149
v 0.345278 1.653470 0.293315
v 0.311529 1.940780 0.274044
v 0.450302 1.948181 0.009204
v 0.000000 1.470967 0.002148
v 0.292121 0.937583 0.203768
v 0.292434 0.937286 -0.145834
v 0.628647 0.983673 -0.135774
v 0.628731 0.984132 0.198687
v 0.175398 1.429704 0.239132
v 0.175553 1.428474 -0.205694
v 0.530815 1.458242 -0.129498
v 0.534692 1.461503 0.187619
v 0.366109 0.598379 -0.192385
v 0.672301 0.618507 -0.192402
v 0.673761 0.613949 0.121752
v 0.363186 0.593514 0.121306
v 0.460910 0.961204 0.271299
v 0.461178 0.960760 -0.209799
v 0.373818 1.437129 0.273923
v 0.371301 1.433328 -0.221596
v 0.519237 0.609018 -0.256345
v 0.517543 0.601244 0.186866
v 0.697853 0.993397 0.031635
v 0.224959 0.926062 0.027078
v 0.598504 1.470467 0.029897
v 0.126421 1.366513 0.009120
v 0.300961 0.592569 -0.036424
v 0.737253 0.621067 -0.036337
v 0.386424 -0.008443 0.169760
v 0.386238 0.334716 0.158122
v 0.427449 0.000808 -0.211711
v 0.419136 0.377871 -0.211098
v 0.725630 -0.008084 0.169303
v 0.708550 0.338885 0.162058
v 0.682266 0.000826 -0.211734
v 0.685935 0.379069 -0.211029
v 0.427585 0.000332 0.496383
v 0.427191 0.297335 0.496654
v 0.678214 0.298506 0.497013
v 0.681859 0.000331 0.496389
v 0.287359 0.113519 0.171370
v 0.382406 0.131514 -0.259054
v 0.727924 0.131603 -0.259172
v 0.824947 0.114179 0.170776
v 0.382707 0.114172 0.531071
v 0.725720 0.114114 0.531176
v 0.393607 -0.006193 -0.062509
v 0.308136 0.221688 0.168983
v 0.347943 0.360308 -0.052913
v 0.392469 0.038811 -0.248522
v 0.554793 -0.003932 -0.237139
v 0.552379 0.385178 -0.269189
v 0.717487 0.038856 -0.248582
v 0.716976 -0.006061 -0.062682
v 0.756381 0.362404 -0.051741
v 0.811229 0.033498 0.169662
v 0.555248 -0.020385 0.169146
v 0.542070 0.348613 0.226025
v 0.393167 0.218360 0.523505
v 0.716570 0.035096 0.523406
v 0.554772 -0.004290 0.515083
v 0.553405 0.314048 0.515297
v 0.703542 0.313087 0.379295
v 0.715889 -0.006327 0.379262
v 0.393968 -0.006412 0.379357
v 0.394949 0.309328 0.377838
v 0.302000 0.032875 0.170428
v 0.393610 0.260333 -0.246506
v 0.716702 0.260396 -0.246597
v 0.799209 0.222636 0.170282
v 0.392664 0.035104 0.523383
v 0.713886 0.218442 0.523765
v 0.299714 0.112386 0.386471
v 0.554698 0.115120 0.581620
v 0.807264 0.112411 0.386601
v 0.814808 0.123095 -0.070879
v 0.554783 0.135078 -0.328416
v 0.298511 0.122591 -0.070269
v 0.314154 0.242436 -0.065540
v 0.554782 0.268014 -0.312547
v 0.798035 0.242871 -0.065589
v 0.784648 0.217601 0.384726
v 0.554940 -0.017667 -0.064763
v 0.554532 0.221743 0.570129
v 0.314703 0.033468 0.383889
v 0.554857 -0.017686 0.380618
v 0.548262 0.341255 0.384807
v 0.318251 0.216840 0.383828
v 0.554774 0.034998 0.570099
v 0.794567 0.033593 0.383780
v 0.798095 0.036006 -0.068304
v 0.554783 0.039247 -0.312387
v 0.313922 0.035682 -0.067882
v 0.334725 0.458763 -0.052296
v 0.386657 0.444741 0.110742
v 0.533363 0.439486 0.179538
v 0.687173 0.453681 0.113374
v 0.745158 0.469598 -0.051405
v 0.678756 0.477265 -0.205134
v 0.540388 0.476930 -0.264597
v 0.402012 0.469683 -0.205189
v 0.292888 1.927307 -0.249500
v 0.467580 1.669043 -0.147175
v 0.156147 1.928179 -0.325658
v 0.166538 1.632095 -0.309886
v 0.536723 1.683059 0.019476
v 0.168595 1.929269 0.351165
v 0.174159 1.635527 0.344716
v 0.417289 1.806198 -0.146181
v 0.439317 1.816229 0.172720
v 0.000000 1.783435 -0.345619
v 0.000000 1.786270 0.381445
v 0.479184 1.819186 0.014007
v 0.171629 1.790486 0.354338
v 0.158312 1.783704 -0.321555
v 0.327873 1.647059 -0.257613
v 0.347609 2.700849 0.210564
v 0.445500 2.766007 -0.286824
v 0.382005 2.357269 -0.289637
v 0.353328 2.352911 0.274019
v 0.448004 2.573277 -0.285121
v 0.364322 2.553205 0.246441
v 0.344162 2.133342 -0.278157
v 0.340180 2.137234 0.281708
v 0.000000 2.853284 -0.381571
v 0.000000 2.742574 0.288712
v 0.000000 2.353432 0.421609
v 0.000000 2.383891 -0.423708
v 0.000000 2.558060 0.373677
v 0.000000 2.620672 -0.430208
v 0.000000 2.150366 -0.408011
v 0.000000 2.130308 0.425788
v 0.493085 2.866224 -0.025298
v 0.515035 2.331161 -0.009481
v 0.559054 2.473697 -0.016672
v 0.483867 2.133591 -0.002089
v 0.000000 2.911251 -0.013652
v 0.210841 2.839669 -0.342785
v 0.203404 2.374314 -0.384741
v 0.218605 2.611536 -0.390256
v 0.184695 2.141556 -0.369126
v 0.193042 2.727993 0.256859
v 0.194835 2.353541 0.379314
v 0.193577 2.554956 0.335209
v 0.189296 2.131451 0.383733
v 0.249338 2.899821 -0.013443
v 0.467913 2.866976 -0.176761
v 0.485108 2.331068 -0.159499
v 0.533479 2.471910 -0.156737
v 0.447854 2.129402 -0.151838
v 0.000000 2.912740 -0.211055
v 0.230328 2.906818 -0.189943
v 0.479245 2.752449 0.099544
v 0.468815 2.349831 0.138589
v 0.522636 2.562023 0.108473
v 0.443419 2.139560 0.148683
v 0.000000 2.854370 0.155893
v 0.229303 2.830313 0.136362
v 1.808087 2.585893 0.009151
v 1.804129 2.599758 0.111535
v 1.788861 2.495431 -0.021631
v 1.711956 2.487020 0.168049
v 1.110112 2.748563 -0.196486
v 1.080351 2.736564 0.057625
v 1.046257 2.483965 0.039875
v 1.071732 2.495314 -0.213229
v 0.739053 2.806550 -0.219764
v 0.740476 2.775107 0.035979
v 0.730640 2.521969 0.002239
v 0.705984 2.549735 -0.249437
v 1.427460 2.682530 0.126802
v 1.377482 2.443990 0.119659
v 1.421073 2.459661 -0.129728
v 1.458243 2.691060 -0.107192
v 1.768966 2.541952 0.149541
v 1.797630 2.558925 -0.002641
v 1.096346 2.624221 -0.258190
v 1.056175 2.607116 0.100880
v 0.717731 2.683800 -0.290542
v 0.731081 2.638974 0.071114
v 1.398991 2.562374 0.172816
v 1.447577 2.581825 -0.164274
v 1.792166 2.592946 0.078228
v 1.723453 2.476417 0.085020
v 1.052413 2.437963 -0.089376
v 1.104933 2.795163 -0.063253
v 0.719270 2.486369 -0.126819
v 0.755144 2.845250 -0.075175
v 1.449247 2.732399 0.015967
v 1.388289 2.401664 -0.007125
v 1.755379 2.527617 0.068736
v 1.754026 2.656146 0.129636
v 1.629508 2.452471 0.179306
v 1.725809 2.494460 -0.084098
v 1.756242 2.646842 -0.028855
v 1.749475 2.595966 -0.071402
v 1.704626 2.570409 0.200019
v 1.647236 2.424332 0.065055
v 1.746880 2.670474 0.074245
v 1.906266 2.616094 0.085766
v 1.914265 2.598504 0.024580
v 1.883042 2.648157 0.192567
v 1.902674 2.599335 0.161461
v 1.882400 2.558676 0.206740
v 1.734877 2.372589 0.207072
v 1.779100 2.413888 0.198207
v 1.787448 2.396086 0.137137
v 1.887649 2.514223 -0.120029
v 1.905545 2.497827 -0.063765
v 1.911827 2.558845 -0.044861
v 1.894556 2.579382 -0.099402
v 1.861567 2.604281 0.240817
v 1.744159 2.353819 0.141668
v 1.898502 2.674171 0.069850
v 1.906905 2.655788 0.004220
v 0.353905 1.572102 0.282007
v 0.515131 1.678230 -0.067978
v 0.335362 1.729325 0.293699
v 0.230523 1.785835 -0.294551
v 0.000000 2.035257 -0.383789
v 0.442453 1.951145 0.085726
v 0.351870 1.930838 -0.198614
v 0.387997 1.809836 0.235805
v 0.369254 1.946865 0.220703
v 0.505565 1.595630 0.183888
v 0.086131 1.927109 0.375152
v 0.086997 1.631138 0.360500
v 0.000000 1.556263 0.329909
v 0.000000 1.558264 -0.299637
v 0.441102 1.739355 -0.149396
v 0.494828 1.591020 -0.138924
v 0.000000 1.706768 -0.342865
v 0.000000 1.710029 0.380900
v 0.000000 1.476029 0.139991
v 0.525691 1.681674 0.106450
v 0.312912 1.868453 0.277937
v 0.435237 1.942670 -0.067174
v 0.000000 1.478891 -0.130233
v 0.065697 1.455663 0.002448
v 0.333899 0.735907 0.163040
v 0.241504 1.186105 -0.158342
v 0.580713 1.236241 -0.125588
v 0.581449 1.238000 0.200649
v 0.369397 0.948705 0.255018
v 0.679673 0.991032 0.121646
v 0.551926 0.973125 -0.188590
v 0.242420 0.929187 -0.067544
v 0.240835 1.187315 0.218510
v 0.279330 1.425586 0.274452
v 0.582299 1.468553 0.113581
v 0.458259 1.446523 -0.187319
v 0.137453 1.376663 -0.104070
v 0.334419 0.736808 -0.165072
v 0.658259 0.770464 -0.163828
v 0.658390 0.769688 0.162451
v 0.318657 0.594669 -0.120963
v 0.601810 0.614307 -0.239555
v 0.720930 0.618657 0.049002
v 0.433778 0.596490 0.169531
v 0.551848 0.973619 0.250993
v 0.369747 0.948322 -0.194975
v 0.461949 1.450418 0.243303
v 0.278155 1.422528 -0.228383
v 0.436640 0.603419 -0.239546
v 0.601961 0.607588 0.169841
v 0.414579 1.211026 -0.207767
v 0.414462 1.213190 0.278774
v 0.496431 0.753742 -0.231844
v 0.495939 0.752185 0.230432
v 0.679582 0.990757 -0.058461
v 0.242239 0.929350 0.122973
v 0.579871 1.466704 -0.054215
v 0.136878 1.376819 0.127806
v 0.316860 0.592195 0.048694
v 0.719713 0.620920 -0.120974
v 0.178688 1.166013 0.024679
v 0.649341 1.247506 0.038083
v 0.267389 0.729382 -0.001381
v 0.725460 0.777217 -0.000827
v 0.408380 -0.003213 -0.155578
v 0.387416 -0.007866 0.050598
v 0.292471 0.165541 0.171537
v 0.338764 0.278608 0.162448
v 0.352436 0.347477 0.045209
v 0.371971 0.370443 -0.141131
v 0.384460 0.078685 -0.256801
v 0.408171 0.013161 -0.232321
v 0.630595 -0.002548 -0.229288
v 0.479018 -0.002553 -0.229281
v 0.481857 0.383012 -0.254539
v 0.622939 0.383695 -0.254531
v 0.725702 0.078753 -0.256893
v 0.701620 0.013187 -0.232356
v 0.724202 -0.007584 0.050234
v 0.701556 -0.003168 -0.155637
v 0.733477 0.371949 -0.140819
v 0.747944 0.350770 0.048033
v 0.824189 0.069274 0.170026
v 0.779928 0.008216 0.169459
v 0.463940 -0.017536 0.169394
v 0.647091 -0.017349 0.169154
v 0.625293 0.349766 0.212119
v 0.461670 0.346834 0.209614
v 0.385085 0.165267 0.529458
v 0.408504 0.266810 0.511793
v 0.724217 0.069790 0.529446
v 0.701077 0.011932 0.511622
v 0.479068 -0.002927 0.509368
v 0.630453 -0.002928 0.509370
v 0.628107 0.309415 0.509750
v 0.478303 0.308802 0.509556
v 0.704402 0.317582 0.279506
v 0.694177 0.307602 0.454684
v 0.700757 -0.003512 0.453774
v 0.723454 -0.007736 0.281884
v 0.387665 -0.007986 0.282195
v 0.408646 -0.003521 0.453776
v 0.408148 0.305194 0.454026
v 0.391911 0.313514 0.276704
v 0.332911 0.007712 0.170091
v 0.288962 0.068571 0.170846
v 0.408710 0.322430 -0.228085
v 0.384831 0.194383 -0.256513
v 0.700800 0.322577 -0.228093
v 0.725557 0.194476 -0.256638
v 0.764114 0.280984 0.165271
v 0.817925 0.166078 0.171645
v 0.408320 0.011934 0.511612
v 0.384707 0.069815 0.529394
v 0.697886 0.267379 0.512110
v 0.722660 0.165190 0.529641
v 0.288929 0.112102 0.285682
v 0.329169 0.113242 0.469380
v 0.647599 0.114839 0.568892
v 0.461613 0.114861 0.568855
v 0.820418 0.112460 0.285464
v 0.777942 0.113156 0.469576
v 0.783547 0.127790 -0.176593
v 0.825557 0.118104 0.048566
v 0.461586 0.134140 -0.310781
v 0.648075 0.134151 -0.310796
v 0.288102 0.117421 0.049287
v 0.328304 0.127516 -0.176235
v 0.306598 0.230999 0.049701
v 0.333527 0.303452 -0.058856
v 0.342040 0.252449 -0.167243
v 0.302422 0.180484 -0.069212
v 0.467928 0.265880 -0.295808
v 0.554480 0.330279 -0.289728
v 0.641729 0.265887 -0.295820
v 0.554783 0.200311 -0.325151
v 0.769627 0.252652 -0.167464
v 0.776451 0.304055 -0.058228
v 0.803881 0.231727 0.050357
v 0.810722 0.180974 -0.069680
v 0.794597 0.218519 0.284296
v 0.753801 0.270866 0.381004
v 0.760311 0.217540 0.465383
v 0.800940 0.163202 0.386566
v 0.554826 -0.013033 -0.162535
v 0.642491 -0.014894 -0.063590
v 0.555145 -0.019811 0.049609
v 0.467591 -0.014956 -0.063509
v 0.641664 0.220492 0.558639
v 0.554354 0.273705 0.550610
v 0.466961 0.220519 0.558538
v 0.554614 0.167046 0.579272
v 0.303878 0.032801 0.284150
v 0.343645 0.009071 0.381162
v 0.342492 0.034423 0.464577
v 0.301916 0.068344 0.385728
v 0.555089 -0.019824 0.282134
v 0.642030 -0.014956 0.379790
v 0.554767 -0.013090 0.458715
v 0.467756 -0.015001 0.379842
v 0.545380 0.339268 0.297945
v 0.465212 0.333156 0.381485
v 0.551159 0.335579 0.459691
v 0.631843 0.335769 0.382406
v 0.309634 0.217557 0.283005
v 0.304168 0.163189 0.386112
v 0.344141 0.217138 0.464858
v 0.346767 0.268273 0.379651
v 0.642568 0.035136 0.558524
v 0.554750 0.070223 0.579255
v 0.466933 0.035139 0.558518
v 0.554780 0.010833 0.550552
v 0.807452 0.033211 0.283673
v 0.806451 0.068446 0.385684
v 0.766312 0.034424 0.464608
v 0.766086 0.009185 0.381043
v 0.768868 0.037641 -0.170300
v 0.811896 0.074000 -0.070404
v 0.809873 0.034507 0.048733
v 0.768165 0.010041 -0.064886
v 0.466910 0.039247 -0.296412
v 0.554783 0.080419 -0.325131
v 0.642705 0.039253 -0.296420
v 0.554784 0.012206 -0.285342
v 0.303341 0.033960 0.049424
v 0.300929 0.073565 -0.069844
v 0.341930 0.037494 -0.170104
v 0.343077 0.009821 -0.064600
v 0.346154 0.411268 -0.051237
v 0.378455 0.504415 0.107005
v 0.528229 0.504682 0.173405
v 0.682389 0.517128 0.108432
v 0.742708 0.527715 -0.050981
v 0.677673 0.530110 -0.204433
v 0.532351 0.525900 -0.265796
v 0.386964 0.518096 -0.204445
v 0.321416 0.510681 -0.051421
v 0.393229 0.390897 0.120445
v 0.537872 0.384912 0.191526
v 0.691500 0.397067 0.124043
v 0.747420 0.417057 -0.050020
v 0.679660 0.429784 -0.204705
v 0.547281 0.433003 -0.262556
v 0.415023 0.425882 -0.204789
v 0.355414 0.464728 -0.136303
v 0.466636 0.473931 -0.249303
v 0.614128 0.478066 -0.249300
v 0.725287 0.474527 -0.136048
v 0.731923 0.462382 0.037038
v 0.616486 0.444967 0.162855
v 0.452651 0.439898 0.161081
v 0.345708 0.451648 0.035012
v 0.227418 1.926412 -0.291792
v 0.462892 1.746976 0.180542
v 0.079532 1.931814 -0.349976
v 0.083528 1.629291 -0.324842
v 0.288819 1.854375 -0.250075
v 0.422648 1.664813 0.247350
v 0.244185 1.934277 0.317344
v 0.172254 1.554527 0.307475
v 0.168842 1.552603 -0.275135
v 0.507762 1.752927 0.016412
v 0.174250 1.715029 0.356985
v 0.261107 1.643254 0.323866
v 0.079479 1.494483 0.247413
v 0.563452 1.604381 0.023289
v 0.163124 1.709391 -0.322076
v 0.079564 1.496595 -0.225627
v 0.401215 1.867197 -0.140318
v 0.420365 1.880290 0.164569
v 0.000000 1.854441 -0.348218
v 0.000000 1.853423 0.378801
v 0.457335 1.880195 0.012215
v 0.167776 1.856784 0.348856
v 0.153956 1.851591 -0.319235
v 0.080702 1.783291 -0.339189
v 0.250764 1.795673 0.325280
v 0.459055 1.814099 -0.069762
v 0.087215 1.787323 0.374034
v 0.361767 1.797676 -0.208616
v 0.471558 1.819740 0.097076
v 0.344518 1.567165 -0.241596
v 0.312394 1.720322 -0.261980
v 0.248380 1.638134 -0.288920
v 0.402831 1.657956 -0.210792
v 0.325794 2.808486 -0.309551
v 0.396076 2.721075 0.167274
v 0.403303 2.466690 -0.288918
v 0.360518 2.454935 0.262341
v 0.417935 2.353014 0.208635
v 0.299391 2.367152 -0.342612
v 0.444139 2.681256 -0.301296
v 0.358564 2.644173 0.227434
v 0.440605 2.556585 0.182440
v 0.328142 2.598863 -0.343933
v 0.365155 2.245684 -0.287049
v 0.348390 2.245912 0.280790
v 0.269686 2.136840 -0.328698
v 0.398466 2.139417 0.218111
v 0.097175 2.737581 0.278956
v 0.100292 2.353551 0.410398
v 0.098497 2.557069 0.362764
v 0.097559 2.130410 0.414493
v 0.000000 2.498931 -0.428777
v 0.000000 2.457525 0.402019
v 0.000000 2.267782 -0.419335
v 0.000000 2.243148 0.430999
v 0.000000 2.807176 0.227802
v 0.000000 2.656399 0.336683
v 0.000000 2.750072 -0.419268
v 0.482973 2.880359 -0.100189
v 0.509161 2.327060 -0.085552
v 0.551717 2.461690 -0.086472
v 0.475119 2.130622 -0.078610
v 0.000000 2.916792 -0.110558
v 0.372028 2.882895 -0.014494
v 0.528439 2.412465 -0.014917
v 0.501708 2.235469 -0.005729
v 0.103235 2.851893 -0.370335
v 0.102573 2.380827 -0.413196
v 0.109373 2.618448 -0.419965
v 0.093748 2.147360 -0.397296
v 0.283450 2.717755 0.231820
v 0.279086 2.353099 0.332331
v 0.282388 2.553094 0.296931
v 0.270412 2.134094 0.338087
v 0.125096 2.908938 -0.013649
v 0.243124 2.910460 -0.099940
v 0.190177 2.648489 0.301036
v 0.208789 2.785729 0.201139
v 0.194095 2.243776 0.387804
v 0.195051 2.456774 0.361372
v 0.213263 2.490212 -0.389625
v 0.195085 2.258190 -0.380158
v 0.214581 2.737931 -0.378446
v 0.178218 2.023003 0.366970
v 0.000000 2.021236 0.405018
v 0.324240 2.032335 0.277273
v 0.169023 2.027615 -0.346600
v 0.315642 2.023191 -0.262068
v 0.454122 2.828526 -0.242624
v 0.443551 2.343235 -0.228095
v 0.503855 2.505515 -0.221896
v 0.403952 2.130579 -0.218832
v 0.000000 2.900487 -0.307365
v 0.217287 2.890420 -0.275917
v 0.348117 2.891191 -0.176401
v 0.469642 2.233416 -0.156862
v 0.500031 2.414850 -0.160950
v 0.114591 2.912353 -0.204461
v 0.492770 2.823440 0.038567
v 0.501569 2.340818 0.065604
v 0.553096 2.506683 0.047100
v 0.472717 2.137150 0.074547
v 0.000000 2.889777 0.075352
v 0.244276 2.870574 0.065139
v 0.349910 2.799405 0.119585
v 0.113238 2.848451 0.150056
v 0.486417 2.451608 0.125942
v 0.456833 2.244946 0.145255
v 0.515192 2.664335 0.114588
v 0.425449 2.038804 0.152378
v 0.462743 2.034556 0.003634
v 0.420449 2.026364 -0.143529
v 1.804329 2.578376 0.044012
v 1.794651 2.634904 0.116809
v 1.797009 2.566100 0.123744
v 1.685596 2.475334 0.188459
v 1.724411 2.485120 0.132694
v 1.771930 2.486304 -0.050903
v 1.798689 2.521135 -0.004091
v 1.290756 2.719049 -0.155467
v 0.901936 2.763427 0.036629
v 0.877163 2.509638 0.016327
v 0.880934 2.522505 -0.236910
v 1.105249 2.692112 -0.239837
v 1.060726 2.454520 -0.157084
v 1.049146 2.539713 0.082343
v 1.094040 2.778089 0.003502
v 0.918399 2.777300 -0.219671
v 0.727905 2.751851 -0.268643
v 0.710717 2.506261 -0.193955
v 0.731125 2.573311 0.048151
v 0.749942 2.822453 -0.011756
v 1.256731 2.707355 0.094510
v 1.217637 2.457637 0.078418
v 1.252621 2.469967 -0.173400
v 1.613733 2.667286 -0.062688
v 1.439552 2.718691 0.076798
v 1.385515 2.497712 0.158397
v 1.403836 2.419156 -0.075256
v 1.455278 2.642193 -0.146478
v 1.719990 2.517263 0.152756
v 1.782525 2.576338 0.004885
v 1.084391 2.555087 -0.248535
v 1.067057 2.676292 0.091734
v 0.709212 2.612479 -0.283291
v 0.733846 2.710155 0.065595
v 1.413580 2.627437 0.160790
v 1.436018 2.517379 -0.159453
v 1.797738 2.592287 -0.033074
v 1.751046 2.548313 0.188807
v 0.883064 2.631748 0.078482
v 0.900748 2.652232 -0.283088
v 1.230419 2.580070 0.138279
v 1.278825 2.597494 -0.216038
v 1.767596 2.536469 0.032949
v 1.777419 2.596667 0.093642
v 1.739824 2.491575 0.024776
v 1.047448 2.448528 -0.020404
v 1.110264 2.784527 -0.133871
v 0.726571 2.491997 -0.058664
v 0.750061 2.839246 -0.149843
v 1.455896 2.722401 -0.049319
v 1.378687 2.410535 0.061445
v 1.753151 2.532454 0.105229
v 1.769489 2.556725 0.068097
v 1.704853 2.446435 0.064588
v 1.790205 2.635157 0.091477
v 0.923297 2.823777 -0.080533
v 0.875565 2.465467 -0.111994
v 1.281670 2.764485 -0.026163
v 1.226990 2.412065 -0.050717
v 1.735749 2.505928 0.075578
v 1.590453 2.666047 0.137162
v 1.514913 2.449638 0.151085
v 1.578540 2.473823 -0.097168
v 1.801550 2.611508 -0.016894
v 1.605352 2.585145 -0.112686
v 1.557540 2.561504 0.188997
v 1.528679 2.414234 0.029490
v 1.605298 2.699616 0.048951
v 1.746162 2.673217 0.021674
v 1.619663 2.418041 0.129335
v 1.724267 2.625009 0.168892
v 1.733526 2.546470 -0.099226
v 1.726987 2.621915 -0.053030
v 1.664331 2.457751 -0.016696
v 1.642804 2.511480 0.189109
v 1.717740 2.664729 0.102718
v 1.921158 2.600890 0.058654
v 1.904548 2.628950 0.175446
v 1.904169 2.573041 0.184263
v 1.763340 2.389306 0.213132
v 1.796206 2.404017 0.169464
v 1.905583 2.498035 -0.096584
v 1.920694 2.525882 -0.049608
v 1.913576 2.576544 -0.072666
v 1.878418 2.577021 0.233852
v 1.773799 2.366150 0.134723
v 1.911290 2.648693 0.086222
v 1.921549 2.625715 0.007727
v 1.911681 2.673519 0.035295
v 1.740933 2.351439 0.178391
v 1.878797 2.632930 0.225035
v 1.898465 2.548697 -0.119642
v 0.569118 2.574320 -0.260535
v 0.604562 2.492715 -0.143347
v 0.624358 2.510582 -0.009777
v 0.616529 2.616735 0.076798
v 0.609912 2.764200 0.055821
v 0.615655 2.856422 -0.050855
v 0.592766 2.837455 -0.198060
v 0.570286 2.722615 -0.285602
v 0.498853 1.752306 0.102631
v 0.450040 1.882132 0.091468
v 0.349251 1.859924 -0.201067
v 0.437312 1.584726 0.243208
v 0.084412 1.556059 0.321449
v 0.085504 1.854127 0.370444
v 0.082671 1.707313 -0.337442
v 0.439422 1.874632 -0.067347
v 0.263872 1.560499 0.299605
v 0.408239 0.743276 0.212861
v 0.707848 0.775162 0.087383
v 0.583919 0.762798 -0.213715
v 0.285087 0.731460 -0.090044
v 0.320951 1.199699 0.267846
v 0.631606 1.245253 0.125067
v 0.505000 1.224574 -0.180819
v 0.194082 1.171604 -0.077177
v 0.321465 1.197875 -0.201168
v 0.505419 1.226727 0.254412
v 0.408848 0.744638 -0.214507
v 0.583757 0.761522 0.212393
v 0.193630 1.172169 0.130179
v 0.631076 1.244269 -0.049178
v 0.284793 0.731023 0.087531
v 0.707695 0.775513 -0.088932
v 0.292737 0.172076 0.049797
v 0.330939 0.290406 0.048251
v 0.359555 0.314263 -0.153735
v 0.331532 0.188178 -0.174436
v 0.462896 0.198685 -0.307713
v 0.476626 0.328089 -0.274169
v 0.632403 0.328174 -0.274170
v 0.646773 0.198697 -0.307729
v 0.780434 0.188461 -0.174792
v 0.750836 0.314488 -0.153674
v 0.775952 0.291877 0.050152
v 0.819879 0.172676 0.049545
v 0.813221 0.163318 0.286003
v 0.759338 0.273925 0.279659
v 0.735920 0.268343 0.459267
v 0.773144 0.164003 0.468794
v 0.474259 -0.010796 -0.159178
v 0.635463 -0.010779 -0.159201
v 0.646261 -0.016817 0.049926
v 0.464460 -0.016960 0.050112
v 0.646119 0.166439 0.566781
v 0.634183 0.271187 0.541399
v 0.474025 0.271085 0.541273
v 0.462796 0.166479 0.566711
v 0.290731 0.067944 0.285066
v 0.334596 0.007980 0.283021
v 0.366349 0.010710 0.458397
v 0.331502 0.069114 0.468243
v 0.464573 -0.016986 0.282069
v 0.645944 -0.016855 0.281903
v 0.635127 -0.010880 0.456321
v 0.474378 -0.010885 0.456323
v 0.629503 0.336581 0.291331
v 0.462926 0.333752 0.289524
v 0.472357 0.327801 0.456933
v 0.629874 0.329456 0.457332
v 0.341214 0.271114 0.277300
v 0.293964 0.163038 0.285633
v 0.332681 0.164092 0.468443
v 0.367280 0.266741 0.458601
v 0.635405 0.011376 0.541228
v 0.646637 0.070145 0.566716
v 0.462767 0.070154 0.566701
v 0.474133 0.011377 0.541227
v 0.776849 0.008324 0.282604
v 0.819954 0.068377 0.284609
v 0.776612 0.069086 0.468333
v 0.742855 0.010721 0.458402
v 0.744356 0.011820 -0.161881
v 0.780597 0.076634 -0.175210
v 0.823678 0.071326 0.048278
v 0.778278 0.008795 0.049649
v 0.474111 0.012710 -0.272507
v 0.462740 0.080007 -0.307793
v 0.646900 0.080016 -0.307804
v 0.635486 0.012714 -0.272512
v 0.334205 0.008379 0.050182
v 0.290052 0.070665 0.049088
v 0.330792 0.076417 -0.174921
v 0.365938 0.011733 -0.161765
v 0.334954 0.507220 0.033766
v 0.446420 0.503083 0.155714
v 0.611559 0.510078 0.156682
v 0.728017 0.523322 0.034841
v 0.724265 0.529908 -0.134753
v 0.610362 0.528672 -0.249818
v 0.454315 0.522157 -0.249813
v 0.340293 0.514287 -0.134854
v 0.368493 0.419614 -0.136265
v 0.477262 0.430532 -0.247871
v 0.617311 0.432685 -0.247862
v 0.726254 0.424605 -0.135906
v 0.735438 0.407256 0.042096
v 0.620332 0.389538 0.175137
v 0.458326 0.385807 0.172737
v 0.354662 0.400737 0.039344
v 0.070490 1.464406 -0.123304
v 0.087952 1.711278 0.374440
v 0.243988 1.861863 0.318144
v 0.549729 1.602673 0.108058
v 0.082980 1.556710 -0.291066
v 0.078550 1.853285 -0.340189
v 0.406031 1.738590 0.244233
v 0.070119 1.462716 0.133997
v 0.257253 1.721193 0.330556
v 0.223832 1.851662 -0.289144
v 0.373071 1.875190 0.226932
v 0.486242 1.747995 -0.070477
v 0.543286 1.600007 -0.061920
v 0.239627 1.713610 -0.297504
v 0.257515 1.556664 -0.263144
v 0.425943 1.579429 -0.200042
v 0.381073 1.729439 -0.213233
v 0.327533 2.714196 -0.337140
v 0.433483 2.649560 0.171430
v 0.409173 2.246452 0.215475
v 0.286052 2.252005 -0.338982
v 0.430515 2.456270 0.196609
v 0.315248 2.482294 -0.344615
v 0.099822 2.457449 0.390966
v 0.100151 2.243267 0.419567
v 0.103742 2.801043 0.219672
v 0.096421 2.653469 0.326091
v 0.121942 2.915887 -0.107264
v 0.521790 2.405884 -0.088637
v 0.495111 2.232551 -0.082596
v 0.363135 2.897768 -0.093875
v 0.278440 2.645514 0.269141
v 0.312872 2.762784 0.180634
v 0.276856 2.244787 0.339799
v 0.281991 2.455327 0.317883
v 0.107307 2.496243 -0.418619
v 0.098692 2.264630 -0.408592
v 0.106049 2.748219 -0.408221
v 0.091472 2.021395 0.394568
v 0.256213 2.027128 0.327155
v 0.085962 2.032556 -0.373419
v 0.246382 2.024327 -0.308857
v 0.333627 2.864946 -0.252684
v 0.426495 2.238641 -0.225725
v 0.462964 2.438675 -0.227641
v 0.106892 2.899756 -0.297814
v 0.368928 2.845203 0.055598
v 0.121499 2.885452 0.072268
v 0.518086 2.431723 0.056138
v 0.488444 2.240526 0.070937
v 0.381424 2.036694 0.218685
v 0.453568 2.037815 0.079679
v 0.450942 2.030294 -0.072150
v 0.374477 2.023906 -0.206989
v 1.755603 2.512461 0.031686
v 1.287219 2.663983 -0.197663
v 1.238659 2.429008 -0.118094
v 1.221564 2.513178 0.120349
v 1.270381 2.747893 0.040119
v 0.910472 2.720570 -0.264649
v 0.876570 2.481946 -0.179991
v 0.878994 2.564490 0.059255
v 0.914517 2.806041 -0.014993
v 1.597097 2.691654 0.096866
v 1.531594 2.500957 0.181375
v 1.551779 2.434263 -0.041983
v 1.609631 2.631477 -0.095582
v 1.595113 2.528349 -0.117940
v 1.576659 2.620181 0.171555
v 0.890855 2.701819 0.069664
v 0.889885 2.582550 -0.272953
v 1.242756 2.648261 0.128833
v 1.266686 2.529337 -0.207413
v 1.776150 2.560484 0.036312
v 1.770601 2.561491 0.095863
v 1.514156 2.419036 0.097383
v 1.611036 2.691507 -0.009769
v 0.923806 2.813360 -0.153563
v 0.876007 2.475318 -0.043528
v 1.288767 2.754098 -0.094958
v 1.219615 2.422366 0.018248
v 1.727722 2.510527 0.116851
v 1.776034 2.601074 -0.022608
v 1.718577 2.474660 0.006012
v 1.698627 2.517267 0.179118
v 1.769214 2.632782 0.098988
v 1.937269 2.639439 0.048801
v 1.783623 2.364366 0.180027
v 1.910500 2.603768 0.213574
v 1.929905 2.536702 -0.090103
v 0.586120 2.521268 -0.208481
v 0.617964 2.489399 -0.074586
v 0.622871 2.554449 0.043656
v 0.612235 2.691813 0.079225
v 0.614459 2.822125 0.010709
v 0.606801 2.861152 -0.125158
v 0.579886 2.788971 -0.254257
v 0.565363 2.646826 -0.287334
v 1.818504 2.673485 0.073699
v 1.872234 2.674386 0.071647
v 1.845301 2.674214 0.073014
v 1.881148 2.654894 -0.002730
v 1.829027 2.652103 -0.014793
v 1.855104 2.653702 -0.009171
v 1.841597 2.587532 0.012504
v 1.893324 2.594120 0.020308
v 1.867697 2.589997 0.015885
v 1.884093 2.611720 0.086483
v 1.832210 2.601233 0.083751
v 1.858132 2.606524 0.086030
v 1.783404 2.590349 0.221181
v 1.834975 2.600499 0.234359
v 1.809021 2.595983 0.227865
v 1.859459 2.651675 0.181116
v 1.811896 2.655508 0.157939
v 1.835607 2.654278 0.169510
v 1.807544 2.505347 -0.106134
v 1.860108 2.511465 -0.116514
v 1.833647 2.508565 -0.112061
v 1.883136 2.495139 -0.056524
v 1.833305 2.493315 -0.038836
v 1.858164 2.493360 -0.047990
v 1.841188 2.561261 -0.017054
v 1.890498 2.560606 -0.035728
v 1.866017 2.561626 -0.025961
v 1.869611 2.584686 -0.093363
v 1.817734 2.591749 -0.082785
v 1.843824 2.589007 -0.087700
v 1.813944 2.546667 0.173353
v 1.861275 2.554184 0.196902
v 1.837597 2.549895 0.185434
v 1.884135 2.599347 0.149368
v 1.837421 2.599531 0.125008
v 1.861326 2.599407 0.136281
v 1.891064 2.592330 0.056544
v 1.839725 2.582280 0.050204
v 1.865591 2.586419 0.053956
v 1.873806 2.675760 0.032856
v 1.820280 2.676263 0.028628
v 1.846966 2.676568 0.030899
v 1.843180 2.634887 0.214410
v 1.793242 2.633363 0.196900
v 1.817909 2.635025 0.206106
v 1.872007 2.491522 -0.090008
v 1.821851 2.486451 -0.073784
v 1.846644 2.487966 -0.083166
v 1.883538 2.584465 -0.061059
v 1.834413 2.591403 -0.044177
v 1.859202 2.589120 -0.052270
v 1.890727 2.621222 -0.002741
v 1.839456 2.615095 -0.013540
v 1.865381 2.617921 -0.009412
v 1.861458 2.551364 -0.116007
v 1.808224 2.551494 -0.109671
v 1.834836 2.552197 -0.113068
v 1.890977 2.524234 -0.036188
v 1.841691 2.522249 -0.017482
v 1.866617 2.523103 -0.026227
v 1.845927 2.569131 0.224968
v 1.796297 2.557857 0.207821
v 1.820929 2.563288 0.217085
v 1.877467 2.633454 0.157085
v 1.831311 2.636201 0.132141
v 1.854954 2.635755 0.143681
v 1.877607 2.568386 0.167409
v 1.831817 2.565176 0.141395
v 1.855113 2.565854 0.154026
v 1.878891 2.646349 0.091195
v 1.826341 2.640538 0.093653
v 1.852601 2.643858 0.093588
v 1.671947 2.419324 0.193015
v 1.716481 2.385883 0.203916
v 1.693909 2.402563 0.199088
v 1.729877 2.467655 0.178875
v 1.766193 2.428072 0.194668
v 1.747841 2.448144 0.187927
v 1.775338 2.410164 0.128425
v 1.743226 2.450083 0.102672
v 1.758970 2.429949 0.115874
v 1.687682 2.394579 0.099632
v 1.727538 2.365695 0.130251
v 1.707345 2.380242 0.115431
v 1.779384 2.425938 0.160881
v 1.744072 2.465834 0.142796
v 1.762281 2.446432 0.152134
v 1.741167 2.409956 0.211300
v 1.704589 2.450231 0.199959
v 1.721892 2.429727 0.207271
v 1.713474 2.367143 0.168441
v 1.666551 2.393064 0.149742
v 1.689938 2.380335 0.159416
v 1.754737 2.384137 0.117618
v 1.723238 2.420449 0.085775
v 1.738273 2.401602 0.101796
v -0.400791 1.936306 -0.137931
v -0.414138 1.950768 0.157551
v -0.298175 1.790419 -0.257414
v -0.323451 1.802396 0.286249
v -0.485515 1.675002 0.184665
v -0.345278 1.653470 0.293315
v -0.311529 1.940780 0.274044
v -0.450302 1.948181 0.009204
v -0.292121 0.937583 0.203768
v -0.292434 0.937286 -0.145834
v -0.628647 0.983673 -0.135774
v -0.628731 0.984132 0.198687
v -0.175398 1.429704 0.239132
v -0.175553 1.428474 -0.205694
v -0.530815 1.458242 -0.129498
v -0.534692 1.461503 0.187619
v -0.366109 0.598379 -0.192385
v -0.672301 0.618507 -0.192402
v -0.673761 0.613949 0.121752
v -0.363186 0.593514 0.121306
v -0.460910 0.961204 0.271299
v -0.461178 0.960760 -0.209799
v -0.373818 1.437129 0.273923
v -0.371301 1.433328 -0.221596
v -0.519237 0.609018 -0.256345
v -0.517543 0.601244 0.186866
v -0.697853 0.993397 0.031635
v -0.224959 0.926062 0.027078
v -0.598504 1.470467 0.029897
v -0.126421 1.366513 0.009120
v -0.300961 0.592569 -0.036424
v -0.737253 0.621067 -0.036337
v -0.386424 -0.008443 0.169760
v -0.386238 0.334716 0.158122
v -0.427449 0.000808 -0.211711
v -0.419136 0.377871 -0.211098
v -0.725630 -0.008084 0.169303
v -0.708550 0.338885 0.162058
v -0.682266 0.000826 -0.211734
v -0.685935 0.379069 -0.211029
v -0.427585 0.000332 0.496383
v -0.427191 0.297335 0.496654
v -0.678214 0.298506 0.497013
v -0.681859 0.000331 0.496389
v -0.287359 0.113519 0.171370
v -0.382406 0.131514 -0.259054
v -0.727924 0.131603 -0.259172
v -0.824947 0.114179 0.170776
v -0.382707 0.114172 0.531071
v -0.725720 0.114114 0.531176
v -0.393607 -0.006193 -0.062509
v -0.308136 0.221688 0.168983
v -0.347943 0.360308 -0.052913
v -0.392469 0.038811 -0.248522
v -0.554793 -0.003932 -0.237139
v -0.552379 0.385178 -0.269189
v -0.717487 0.038856 -0.248582
v -0.716976 -0.006061 -0.062682
v -0.756381 0.362404 -0.051741
v -0.811229 0.033498 0.169662
v -0.555248 -0.020385 0.169146
v -0.542070 0.348613 0.226025
v -0.393167 0.218360 0.523505
v -0.716570 0.035096 0.523406
v -0.554772 -0.004290 0.515083
v -0.553405 0.314048 0.515297
v -0.703542 0.313087 0.379295
v -0.715889 -0.006327 0.379262
v -0.393968 -0.006412 0.379357
v -0.394949 0.309328 0.377838
v -0.302000 0.032875 0.170428
v -0.393610 0.260333 -0.246506
v -0.716702 0.260396 -0.246597
v -0.799209 0.222636 0.170282
v -0.392664 0.035104 0.523383
v -0.713886 0.218442 0.523765
v -0.299714 0.112386 0.386471
v -0.554698 0.115120 0.581620
v -0.807264 0.112411 0.386601
v -0.814808 0.123095 -0.070879
v -0.554783 0.135078 -0.328416
v -0.298511 0.122591 -0.070269
v -0.314154 0.242436 -0.065540
v -0.554782 0.268014 -0.312547
v -0.798035 0.242871 -0.065589
v -0.784648 0.217601 0.384726
v -0.554940 -0.017667 -0.064763
v -0.554532 0.221743 0.570129
v -0.314703 0.033468 0.383889
v -0.554857 -0.017686 0.380618
v -0.548262 0.341255 0.384807
v -0.318251 0.216840 0.383828
v -0.554774 0.034998 0.570099
v -0.794567 0.033593 0.383780
v -0.798095 0.036006 -0.068304
v -0.554783 0.039247 -0.312387
v -0.313922 0.035682 -0.067882
v -0.334725 0.458763 -0.052296
v -0.386657 0.444741 0.110742
v -0.533363 0.439486 0.179538
v -0.687173 0.453681 0.113374
v -0.745158 0.469598 -0.051405
v -0.678756 0.477265 -0.205134
v -0.540388 0.476930 -0.264597
v -0.402012 0.469683 -0.205189
v -0.292888 1.927307 -0.249500
v -0.467580 1.669043 -0.147175
v -0.156147 1.928179 -0.325658
v -0.166538 1.632095 -0.309886
v -0.536723 1.683059 0.019476
v -0.168595 1.929269 0.351165
v -0.174159 1.635527 0.344716
v -0.417289 1.806198 -0.146181
v -0.439317 1.816229 0.172720
v -0.479184 1.819186 0.014007
v -0.171629 1.790486 0.354338
v -0.158312 1.783704 -0.321555
v -0.327873 1.647059 -0.257613
v -0.347609 2.700849 0.210564
v -0.445500 2.766007 -0.286824
v -0.382005 2.357269 -0.289637
v -0.353328 2.352911 0.274019
v -0.448004 2.573277 -0.285121
v -0.364322 2.553205 0.246441
v -0.344162 2.133342 -0.278157
v -0.340180 2.137234 0.281708
v -0.493085 2.866224 -0.025298
v -0.515035 2.331161 -0.009481
v -0.559054 2.473697 -0.016672
v -0.483867 2.133591 -0.002089
v -0.210841 2.839669 -0.342785
v -0.203404 2.374314 -0.384741
v -0.218605 2.611536 -0.390256
v -0.184695 2.141556 -0.369126
v -0.193042 2.727993 0.256859
v -0.194835 2.353541 0.379314
v -0.193577 2.554956 0.335209
v -0.189296 2.131451 0.383733
v -0.249338 2.899821 -0.013443
v -0.467913 2.866976 -0.176761
v -0.485108 2.331068 -0.159499
v -0.533479 2.471910 -0.156737
v -0.447854 2.129402 -0.151838
v -0.230328 2.906818 -0.189943
v -0.479245 2.752449 0.099544
v -0.468815 2.349831 0.138589
v -0.522636 2.562023 0.108473
v -0.443419 2.139560 0.148683
v -0.229303 2.830313 0.136362
v -1.808087 2.585893 0.009151
v -1.804129 2.599758 0.111535
v -1.788861 2.495431 -0.021631
v -1.711956 2.487020 0.168049
v -1.110112 2.748563 -0.196486
v -1.080351 2.736564 0.057625
v -1.046257 2.483965 0.039875
v -1.071732 2.495314 -0.213229
v -0.739053 2.806550 -0.219764
v -0.740476 2.775107 0.035979
v -0.730640 2.521969 0.002239
v -0.705984 2.549735 -0.249437
v -1.427460 2.682530 0.126802
v -1.377482 2.443990 0.119659
v -1.421073 2.459661 -0.129728
v -1.458243 2.691060 -0.107192
v -1.768966 2.541952 0.149541
v -1.797630 2.558925 -0.002641
v -1.096346 2.624221 -0.258190
v -1.056175 2.607116 0.100880
v -0.717731 2.683800 -0.290542
v -0.731081 2.638974 0.071114
v -1.398991 2.562374 0.172816
v -1.447577 2.581825 -0.164274
v -1.792166 2.592946 0.078228
v -1.723453 2.476417 0.085020
v -1.052413 2.437963 -0.089376
v -1.104933 2.795163 -0.063253
v -0.719270 2.486369 -0.126819
v -0.755144 2.845250 -0.075175
v -1.449247 2.732399 0.015967
v -1.388289 2.401664 -0.007125
v -1.755379 2.527617 0.068736
v -1.754026 2.656146 0.129636
v -1.629508 2.452471 0.179306
v -1.725809 2.494460 -0.084098
v -1.756242 2.646842 -0.028855
v -1.749475 2.595966 -0.071402
v -1.704626 2.570409 0.200019
v -1.647236 2.424332 0.065055
v -1.746880 2.670474 0.074245
v -1.906266 2.616094 0.085766
v -1.914265 2.598504 0.024580
v -1.883042 2.648157 0.192567
v -1.902674 2.599335 0.161461
v -1.882400 2.558676 0.206740
v -1.734877 2.372589 0.207072
v -1.779100 2.413888 0.198207
v -1.787448 2.396086 0.137137
v -1.887649 2.514223 -0.120029
v -1.905545 2.497827 -0.063765
v -1.911827 2.558845 -0.044861
v -1.894556 2.579382 -0.099402
v -1.861567 2.604281 0.240817
v -1.744159 2.353819 0.141668
v -1.898502 2.674171 0.069850
v -1.906905 2.655788 0.004220
v -0.353905 1.572102 0.282007
v -0.515131 1.678230 -0.067978
v -0.335362 1.729325 0.293699
v -0.230523 1.785835 -0.294551
v -0.442453 1.951145 0.085726
v -0.351870 1.930838 -0.198614
v -0.387997 1.809836 0.235805
v -0.369254 1.946865 0.220703
v -0.505565 1.595630 0.183888
v -0.086131 1.927109 0.375152
v -0.086997 1.631138 0.360500
v -0.441102 1.739355 -0.149396
v -0.494828 1.591020 -0.138924
v -0.525691 1.681674 0.106450
v -0.312912 1.868453 0.277937
v -0.435237 1.942670 -0.067174
v -0.065697 1.455663 0.002448
v -0.333899 0.735907 0.163040
v -0.241504 1.186105 -0.158342
v -0.580713 1.236241 -0.125588
v -0.581449 1.238000 0.200649
v -0.369397 0.948705 0.255018
v -0.679673 0.991032 0.121646
v -0.551926 0.973125 -0.188590
v -0.242420 0.929187 -0.067544
v -0.240835 1.187315 0.218510
v -0.279330 1.425586 0.274452
v -0.582299 1.468553 0.113581
v -0.458259 1.446523 -0.187319
v -0.137453 1.376663 -0.104070
v -0.334419 0.736808 -0.165072
v -0.658259 0.770464 -0.163828
v -0.658390 0.769688 0.162451
v -0.318657 0.594669 -0.120963
v -0.601810 0.614307 -0.239555
v -0.720930 0.618657 0.049002
v -0.433778 0.596490 0.169531
v -0.551848 0.973619 0.250993
v -0.369747 0.948322 -0.194975
v -0.461949 1.450418 0.243303
v -0.278155 1.422528 -0.228383
v -0.436640 0.603419 -0.239546
v -0.601961 0.607588 0.169841
v -0.414579 1.211026 -0.207767
v -0.414462 1.213190 0.278774
v -0.496431 0.753742 -0.231844
v -0.495939 0.752185 0.230432
v -0.679582 0.990757 -0.058461
v -0.242239 0.929350 0.122973
v -0.579871 1.466704 -0.054215
v -0.136878 1.376819 0.127806
v -0.316860 0.592195 0.048694
v -0.719713 0.620920 -0.120974
v -0.178688 1.166013 0.024679
v -0.649341 1.247506 0.038083
v -0.267389 0.729382 -0.001381
v -0.725460 0.777217 -0.000827
v -0.408380 -0.003213 -0.155578
v -0.387416 -0.007866 0.050598
v -0.292471 0.165541 0.171537
v -0.338764 0.278608 0.162448
v -0.352436 0.347477 0.045209
v -0.371971 0.370443 -0.141131
v -0.384460 0.078685 -0.256801
v -0.408171 0.013161 -0.232321
v -0.630595 -0.002548 -0.229288
v -0.479018 -0.002553 -0.229281
v -0.481857 0.383012 -0.254539
v -0.622939 0.383695 -0.254531
v -0.725702 0.078753 -0.256893
v -0.701620 0.013187 -0.232356
v -0.724202 -0.007584 0.050234
v -0.701556 -0.003168 -0.155637
v -0.733477 0.371949 -0.140819
v -0.747944 0.350770 0.048033
v -0.824189 0.069274 0.170026
v -0.779928 0.008216 0.169459
v -0.463940 -0.017536 0.169394
v -0.647091 -0.017349 0.169154
v -0.625293 0.349766 0.212119
v -0.461670 0.346834 0.209614
v -0.385085 0.165267 0.529458
v -0.408504 0.266810 0.511793
v -0.724217 0.069790 0.529446
v -0.701077 0.011932 0.511622
v -0.479068 -0.002927 0.509368
v -0.630453 -0.002928 0.509370
v -0.628107 0.309415 0.509750
v -0.478303 0.308802 0.509556
v -0.704402 0.317582 0.279506
v -0.694177 0.307602 0.454684
v -0.700757 -0.003512 0.453774
v -0.723454 -0.007736 0.281884
v -0.387665 -0.007986 0.282195
v -0.408646 -0.003521 0.453776
v -0.408148 0.305194 0.454026
v -0.391911 0.313514 0.276704
v -0.332911 0.007712 0.170091
v -0.288962 0.068571 0.170846
v -0.408710 0.322430 -0.228085
v -0.384831 0.194383 -0.256513
v -0.700800 0.322577 -0.228093
v -0.725557 0.194476 -0.256638
v -0.764114 0.280984 0.165271
v -0.817925 0.166078 0.171645
v -0.408320 0.011934 0.511612
v -0.384707 0.069815 0.529394
v -0.697886 0.267379 0.512110
v -0.722660 0.165190 0.529641
v -0.288929 0.112102 0.285682
v -0.329169 0.113242 0.469380
v -0.647599 0.114839 0.568892
v -0.461613 0.114861 0.568855
v -0.820418 0.112460 0.285464
v -0.777942 0.113156 0.469576
v -0.783547 0.127790 -0.176593
v -0.825557 0.118104 0.048566
v -0.461586 0.134140 -0.310781
v -0.648075 0.134151 -0.310796
v -0.288102 0.117421 0.049287
v -0.328304 0.127516 -0.176235
v -0.306598 0.230999 0.049701
v -0.333527 0.303452 -0.058856
v -0.342040 0.252449 -0.167243
v -0.302422 0.180484 -0.069212
v -0.467928 0.265880 -0.295808
v -0.554480 0.330279 -0.289728
v -0.641729 0.265887 -0.295820
v -0.554783 0.200311 -0.325151
v -0.769627 0.252652 -0.167464
v -0.776451 0.304055 -0.058228
v -0.803881 0.231727 0.050357
v -0.810722 0.180974 -0.069680
v -0.794597 0.218519 0.284296
v -0.753801 0.270866 0.381004
v -0.760311 0.217540 0.465383
v -0.800940 0.163202 0.386566
v -0.554826 -0.013033 -0.162535
v -0.642491 -0.014894 -0.063590
v -0.555145 -0.019811 0.049609
v -0.467591 -0.014956 -0.063509
v -0.641664 0.220492 0.558639
v -0.554354 0.273705 0.550610
v -0.466961 0.220519 0.558538
v -0.554614 0.167046 0.579272
v -0.303878 0.032801 0.284150
v -0.343645 0.009071 0.381162
v -0.342492 0.034423 0.464577
v -0.301916 0.068344 0.385728
v -0.555089 -0.019824 0.282134
v -0.642030 -0.014956 0.379790
v -0.554767 -0.013090 0.458715
v -0.467756 -0.015001 0.379842
v -0.545380 0.339268 0.297945
v -0.465212 0.333156 0.381485
v -0.551159 0.335579 0.459691
v -0.631843 0.335769 0.382406
v -0.309634 0.217557 0.283005
v -0.304168 0.163189 0.386112
v -0.344141 0.217138 0.464858
v -0.346767 0.268273 0.379651
v -0.642568 0.035136 0.558524
v -0.554750 0.070223 0.579255
v -0.466933 0.035139 0.558518
v -0.554780 0.010833 0.550552
v -0.807452 0.033211 0.283673
v -0.806451 0.068446 0.385684
v -0.766312 0.034424 0.464608
v -0.766086 0.009185 0.381043
v -0.768868 0.037641 -0.170300
v -0.811896 0.074000 -0.070404
v -0.809873 0.034507 0.048733
v -0.768165 0.010041 -0.064886
v -0.466910 0.039247 -0.296412
v -0.554783 0.080419 -0.325131
v -0.642705 0.039253 -0.296420
v -0.554784 0.012206 -0.285342
v -0.303341 0.033960 0.049424
v -0.300929 0.073565 -0.069844
v -0.341930 0.037494 -0.170104
v -0.343077 0.009821 -0.064600
v -0.346154 0.411268 -0.051237
v -0.378455 0.504415 0.107005
v -0.528229 0.504682 0.173405
v -0.682389 0.517128 0.108432
v -0.742708 0.527715 -0.050981
v -0.677673 0.530110 -0.204433
v -0.532351 0.525900 -0.265796
v -0.386964 0.518096 -0.204445
v -0.321416 0.510681 -0.051421
v -0.393229 0.390897 0.120445
v -0.537872 0.384912 0.191526
v -0.691500 0.397067 0.124043
v -0.747420 0.417057 -0.050020
v -0.679660 0.429784 -0.204705
v -0.547281 0.433003 -0.262556
v -0.415023 0.425882 -0.204789
v -0.355414 0.464728 -0.136303
v -0.466636 0.473931 -0.249303
v -0.614128 0.478066 -0.249300
v -0.725287 0.474527 -0.136048
v -0.731923 0.462382 0.037038
v -0.616486 0.444967 0.162855
v -0.452651 0.439898 0.161081
v -0.345708 0.451648 0.035012
v -0.227418 1.926412 -0.291792
v -0.462892 1.746976 0.180542
v -0.079532 1.931814 -0.349976
v -0.083528 1.629291 -0.324842
v -0.288819 1.854375 -0.250075
v -0.422648 1.664813 0.247350
v -0.244185 1.934277 0.317344
v -0.172254 1.554527 0.307475
v -0.168842 1.552603 -0.275135
v -0.507762 1.752927 0.016412
v -0.174250 1.715029 0.356985
v -0.261107 1.643254 0.323866
v -0.079479 1.494483 0.247413
v -0.563452 1.604381 0.023289
v -0.163124 1.709391 -0.322076
v -0.079564 1.496595 -0.225627
v -0.401215 1.867197 -0.140318
v -0.420365 1.880290 0.164569
v -0.457335 1.880195 0.012215
v -0.167776 1.856784 0.348856
v -0.153956 1.851591 -0.319235
v -0.080702 1.783291 -0.339189
v -0.250764 1.795673 0.325280
v -0.459055 1.814099 -0.069762
v -0.087215 1.787323 0.374034
v -0.361767 1.797676 -0.208616
v -0.471558 1.819740 0.097076
v -0.344518 1.567165 -0.241596
v -0.312394 1.720322 -0.261980
v -0.248380 1.638134 -0.288920
v -0.402831 1.657956 -0.210792
v -0.325794 2.808486 -0.309551
v -0.396076 2.721075 0.167274
v -0.403303 2.466690 -0.288918
v -0.360518 2.454935 0.262341
v -0.417935 2.353014 0.208635
v -0.299391 2.367152 -0.342612
v -0.444139 2.681256 -0.301296
v -0.358564 2.644173 0.227434
v -0.440605 2.556585 0.182440
v -0.328142 2.598863 -0.343933
v -0.365155 2.245684 -0.287049
v -0.348390 2.245912 0.280790
v -0.269686 2.136840 -0.328698
v -0.398466 2.139417 0.218111
v -0.097175 2.737581 0.278956
v -0.100292 2.353551 0.410398
v -0.098497 2.557069 0.362764
v -0.097559 2.130410 0.414493
v -0.482973 2.880359 -0.100189
v -0.509161 2.327060 -0.085552
v -0.551717 2.461690 -0.086472
v -0.475119 2.130622 -0.078610
v -0.372028 2.882895 -0.014494
v -0.528439 2.412465 -0.014917
v -0.501708 2.235469 -0.005729
v -0.103235 2.851893 -0.370335
v -0.102573 2.380827 -0.413196
v -0.109373 2.618448 -0.419965
v -0.093748 2.147360 -0.397296
v -0.283450 2.717755 0.231820
v -0.279086 2.353099 0.332331
v -0.282388 2.553094 0.296931
v -0.270412 2.134094 0.338087
v -0.125096 2.908938 -0.013649
v -0.243124 2.910460 -0.099940
v -0.190177 2.648489 0.301036
v -0.208789 2.785729 0.201139
v -0.194095 2.243776 0.387804
v -0.195051 2.456774 0.361372
v -0.213263 2.490212 -0.389625
v -0.195085 2.258190 -0.380158
v -0.214581 2.737931 -0.378446
v -0.178218 2.023003 0.366970
v -0.324240 2.032335 0.277273
v -0.169023 2.027615 -0.346600
v -0.315642 2.023191 -0.262068
v -0.454122 2.828526 -0.242624
v -0.443551 2.343235 -0.228095
v -0.503855 2.505515 -0.221896
v -0.403952 2.130579 -0.218832
v -0.217287 2.890420 -0.275917
v -0.348117 2.891191 -0.176401
v -0.469642 2.233416 -0.156862
v -0.500031 2.414850 -0.160950
v -0.114591 2.912353 -0.204461
v -0.492770 2.823440 0.038567
v -0.501569 2.340818 0.065604
v -0.553096 2.506683 0.047100
v -0.472717 2.137150 0.074547
v -0.244276 2.870574 0.065139
v -0.349910 2.799405 0.119585
v -0.113238 2.848451 0.150056
v -0.486417 2.451608 0.125942
v -0.456833 2.244946 0.145255
v -0.515192 2.664335 0.114588
v -0.425449 2.038804 0.152378
v -0.462743 2.034556 0.003634
v -0.420449 2.026364 -0.143529
v -1.804329 2.578376 0.044012
v -1.794651 2.634904 0.116809
v -1.797009 2.566100 0.123744
v -1.685596 2.475334 0.188459
v -1.724411 2.485120 0.132694
v -1.771930 2.486304 -0.050903
v -1.798689 2.521135 -0.004091
v -1.290756 2.719049 -0.155467
v -0.901936 2.763427 0.036629
v -0.877163 2.509638 0.016327
v -0.880934 2.522505 -0.236910
v -1.105249 2.692112 -0.239837
v -1.060726 2.454520 -0.157084
v -1.049146 2.539713 0.082343
v -1.094040 2.778089 0.003502
v -0.918399 2.777300 -0.219671
v -0.727905 2.751851 -0.268643
v -0.710717 2.506261 -0.193955
v -0.731125 2.573311 0.048151
v -0.749942 2.822453 -0.011756
v -1.256731 2.707355 0.094510
v -1.217637 2.457637 0.078418
v -1.252621 2.469967 -0.173400
v -1.613733 2.667286 -0.062688
v -1.439552 2.718691 0.076798
v -1.385515 2.497712 0.158397
v -1.403836 2.419156 -0.075256
v -1.455278 2.642193 -0.146478
v -1.719990 2.517263 0.152756
v -1.782525 2.576338 0.004885
v -1.084391 2.555087 -0.248535
v -1.067057 2.676292 0.091734
v -0.709212 2.612479 -0.283291
v -0.733846 2.710155 0.065595
v -1.413580 2.627437 0.160790
v -1.436018 2.517379 -0.159453
v -1.797738 2.592287 -0.033074
v -1.751046 2.548313 0.188807
v -0.883064 2.631748 0.078482
v -0.900748 2.652232 -0.283088
v -1.230419 2.580070 0.138279
v -1.278825 2.597494 -0.216038
v -1.767596 2.536469 0.032949
v -1.777419 2.596667 0.093642
v -1.739824 2.491575 0.024776
v -1.047448 2.448528 -0.020404
v -1.110264 2.784527 -0.133871
v -0.726571 2.491997 -0.058664
v -0.750061 2.839246 -0.149843
v -1.455896 2.722401 -0.049319
v -1.378687 2.410535 0.061445
v -1.753151 2.532454 0.105229
v -1.769489 2.556725 0.068097
v -1.704853 2.446435 0.064588
v -1.790205 2.635157 0.091477
v -0.923297 2.823777 -0.080533
v -0.875565 2.465467 -0.111994
v -1.281670 2.764485 -0.026163
v -1.226990 2.412065 -0.050717
v -1.735749 2.505928 0.075578
v -1.590453 2.666047 0.137162
v -1.514913 2.449638 0.151085
v -1.578540 2.473823 -0.097168
v -1.801550 2.611508 -0.016894
v -1.605352 2.585145 -0.112686
v -1.557540 2.561504 0.188997
v -1.528679 2.414234 0.029490
v -1.605298 2.699616 0.048951
v -1.746162 2.673217 0.021674
v -1.619663 2.418041 0.129335
v -1.724267 2.625009 0.168892
v -1.733526 2.546470 -0.099226
v -1.726987 2.621915 -0.053030
v -1.664331 2.457751 -0.016696
v -1.642804 2.511480 0.189109
v -1.717740 2.664729 0.102718
v -1.921158 2.600890 0.058654
v -1.904548 2.628950 0.175446
v -1.904169 2.573041 0.184263
v -1.763340 2.389306 0.213132
v -1.796206 2.404017 0.169464
v -1.905583 2.498035 -0.096584
v -1.920694 2.525882 -0.049608
v -1.913576 2.576544 -0.072666
v -1.878418 2.577021 0.233852
v -1.773799 2.366150 0.134723
v -1.911290 2.648693 0.086222
v -1.921549 2.625715 0.007727
v -1.911681 2.673519 0.035295
v -1.740933 2.351439 0.178391
v -1.878797 2.632930 0.225035
v -1.898465 2.548697 -0.119642
v -0.569118 2.574320 -0.260535
v -0.604562 2.492715 -0.143347
v -0.624358 2.510582 -0.009777
v -0.616529 2.616735 0.076798
v -0.609912 2.764200 0.055821
v -0.615655 2.856422 -0.050855
v -0.592766 2.837455 -0.198060
v -0.570286 2.722615 -0.285602
v -0.498853 1.752306 0.102631
v -0.450040 1.882132 0.091468
v -0.349251 1.859924 -0.201067
v -0.437312 1.584726 0.243208
v -0.084412 1.556059 0.321449
v -0.085504 1.854127 0.370444
v -0.082671 1.707313 -0.337442
v -0.439422 1.874632 -0.067347
v -0.263872 1.560499 0.299605
v -0.408239 0.743276 0.212861
v -0.707848 0.775162 0.087383
v -0.583919 0.762798 -0.213715
v -0.285087 0.731460 -0.090044
v -0.320951 1.199699 0.267846
v -0.631606 1.245253 0.125067
v -0.505000 1.224574 -0.180819
v -0.194082 1.171604 -0.077177
v -0.321465 1.197875 -0.201168
v -0.505419 1.226727 0.254412
v -0.408848 0.744638 -0.214507
v -0.583757 0.761522 0.212393
v -0.193630 1.172169 0.130179
v -0.631076 1.244269 -0.049178
v -0.284793 0.731023 0.087531
v -0.707695 0.775513 -0.088932
v -0.292737 0.172076 0.049797
v -0.330939 0.290406 0.048251
v -0.359555 0.314263 -0.153735
v -0.331532 0.188178 -0.174436
v -0.462896 0.198685 -0.307713
v -0.476626 0.328089 -0.274169
v -0.632403 0.328174 -0.274170
v -0.646773 0.198697 -0.307729
v -0.780434 0.188461 -0.174792
v -0.750836 0.314488 -0.153674
v -0.775952 0.291877 0.050152
v -0.819879 0.172676 0.049545
v -0.813221 0.163318 0.286003
v -0.759338 0.273925 0.279659
v -0.735920 0.268343 0.459267
v -0.773144 0.164003 0.468794
v -0.474259 -0.010796 -0.159178
v -0.635463 -0.010779 -0.159201
v -0.646261 -0.016817 0.049926
v -0.464460 -0.016960 0.050112
v -0.646119 0.166439 0.566781
v -0.634183 0.271187 0.541399
v -0.474025 0.271085 0.541273
v -0.462796 0.166479 0.566711
v -0.290731 0.067944 0.285066
v -0.334596 0.007980 0.283021
v -0.366349 0.010710 0.458397
v -0.331502 0.069114 0.468243
v -0.464573 -0.016986 0.282069
v -0.645944 -0.016855 0.281903
v -0.635127 -0.010880 0.456321
v -0.474378 -0.010885 0.456323
v -0.629503 0.336581 0.291331
v -0.462926 0.333752 0.289524
v -0.472357 0.327801 0.456933
v -0.629874 0.329456 0.457332
v -0.341214 0.271114 0.277300
v -0.293964 0.163038 0.285633
v -0.332681 0.164092 0.468443
v -0.367280 0.266741 0.458601
v -0.635405 0.011376 0.541228
v -0.646637 0.070145 0.566716
v -0.462767 0.070154 0.566701
v -0.474133 0.011377 0.541227
v -0.776849 0.008324 0.282604
v -0.819954 0.068377 0.284609
v -0.776612 0.069086 0.468333
v -0.742855 0.010721 0.458402
v -0.744356 0.011820 -0.161881
v -0.780597 0.076634 -0.175210
v -0.823678 0.071326 0.048278
v -0.778278 0.008795 0.049649
v -0.474111 0.012710 -0.272507
v -0.462740 0.080007 -0.307793
v -0.646900 0.080016 -0.307804
v -0.635486 0.012714 -0.272512
v -0.334205 0.008379 0.050182
v -0.290052 0.070665 0.049088
v -0.330792 0.076417 -0.174921
v -0.365938 0.011733 -0.161765
v -0.334954 0.507220 0.033766
v -0.446420 0.503083 0.155714
v -0.611559 0.510078 0.156682
v -0.728017 0.523322 0.034841
v -0.724265 0.529908 -0.134753
v -0.610362 0.528672 -0.249818
v -0.454315 0.522157 -0.249813
v -0.340293 0.514287 -0.134854
v -0.368493 0.419614 -0.136265
v -0.477262 0.430532 -0.247871
v -0.617311 0.432685 -0.247862
v -0.726254 0.424605 -0.135906
v -0.735438 0.407256 0.042096
v -0.620332 0.389538 0.175137
v -0.458326 0.385807 0.172737
v -0.354662 0.400737 0.039344
v -0.070490 1.464406 -0.123304
v -0.087952 1.711278 0.374440
v -0.243988 1.861863 0.318144
v -0.549729 1.602673 0.108058
v -0.082980 1.556710 -0.291066
v -0.078550 1.853285 -0.340189
v -0.406031 1.738590 0.244233
v -0.070119 1.462716 0.133997
v -0.257253 1.721193 0.330556
v -0.223832 1.851662 -0.289144
v -0.373071 1.875190 0.226932
v -0.486242 1.747995 -0.070477
v -0.543286 1.600007 -0.061920
v -0.239627 1.713610 -0.297504
v -0.257515 1.556664 -0.263144
v -0.425943 1.579429 -0.200042
v -0.381073 1.729439 -0.213233
v -0.327533 2.714196 -0.337140
v -0.433483 2.649560 0.171430
v -0.409173 2.246452 0.215475
v -0.286052 2.252005 -0.338982
v -0.430515 2.456270 0.196609
v -0.315248 2.482294 -0.344615
v -0.099822 2.457449 0.390966
v -0.100151 2.243267 0.419567
v -0.103742 2.801043 0.219672
v -0.096421 2.653469 0.326091
v -0.121942 2.915887 -0.107264
v -0.521790 2.405884 -0.088637
v -0.495111 2.232551 -0.082596
v -0.363135 2.897768 -0.093875
v -0.278440 2.645514 0.269141
v -0.312872 2.762784 0.180634
v -0.276856 2.244787 0.339799
v -0.281991 2.455327 0.317883
v -0.107307 2.496243 -0.418619
v -0.098692 2.264630 -0.408592
v -0.106049 2.748219 -0.408221
v -0.091472 2.021395 0.394568
v -0.256213 2.027128 0.327155
v -0.085962 2.032556 -0.373419
v -0.246382 2.024327 -0.308857
v -0.333627 2.864946 -0.252684
v -0.426495 2.238641 -0.225725
v -0.462964 2.438675 -0.227641
v -0.106892 2.899756 -0.297814
v -0.368928 2.845203 0.055598
v -0.121499 2.885452 0.072268
v -0.518086 2.431723 0.056138
v -0.488444 2.240526 0.070937
v -0.381424 2.036694 0.218685
v -0.453568 2.037815 0.079679
v -0.450942 2.030294 -0.072150
v -0.374477 2.023906 -0.206989
v -1.755603 2.512461 0.031686
v -1.287219 2.663983 -0.197663
v -1.238659 2.429008 -0.118094
v -1.221564 2.513178 0.120349
v -1.270381 2.747893 0.040119
v -0.910472 2.720570 -0.264649
v -0.876570 2.481946 -0.179991
v -0.878994 2.564490 0.059255
v -0.914517 2.806041 -0.014993
v -1.597097 2.691654 0.096866
v -1.531594 2.500957 0.181375
v -1.551779 2.434263 -0.041983
v -1.609631 2.631477 -0.095582
v -1.595113 2.528349 -0.117940
v -1.576659 2.620181 0.171555
v -0.890855 2.701819 0.069664
v -0.889885 2.582550 -0.272953
v -1.242756 2.648261 0.128833
v -1.266686 2.529337 -0.207413
v -1.776150 2.560484 0.036312
v -1.770601 2.561491 0.095863
v -1.514156 2.419036 0.097383
v -1.611036 2.691507 -0.009769
v -0.923806 2.813360 -0.153563
v -0.876007 2.475318 -0.043528
v -1.288767 2.754098 -0.094958
v -1.219615 2.422366 0.018248
v -1.727722 2.510527 0.116851
v -1.776034 2.601074 -0.022608
v -1.718577 2.474660 0.006012
v -1.698627 2.517267 0.179118
v -1.769214 2.632782 0.098988
v -1.937269 2.639439 0.048801
v -1.783623 2.364366 0.180027
v -1.910500 2.603768 0.213574
v -1.929905 2.536702 -0.090103
v -0.586120 2.521268 -0.208481
v -0.617964 2.489399 -0.074586
v -0.622871 2.554449 0.043656
v -0.612235 2.691813 0.079225
v -0.614459 2.822125 0.010709
v -0.606801 2.861152 -0.125158
v -0.579886 2.788971 -0.254257
v -0.565363 2.646826 -0.287334
v -1.818504 2.673485 0.073699
v -1.872234 2.674386 0.071647
v -1.845301 2.674214 0.073014
v -1.881148 2.654894 -0.002730
v -1.829027 2.652103 -0.014793
v -1.855104 2.653702 -0.009171
v -1.841597 2.587532 0.012504
v -1.893324 2.594120 0.020308
v -1.867697 2.589997 0.015885
v -1.884093 2.611720 0.086483
v -1.832210 2.601233 0.083751
v -1.858132 2.606524 0.086030
v -1.783404 2.590349 0.221181
v -1.834975 2.600499 0.234359
v -1.809021 2.595983 0.227865
v -1.859459 2.651675 0.181116
v -1.811896 2.655508 0.157939
v -1.835607 2.654278 0.169510
v -1.807544 2.505347 -0.106134
v -1.860108 2.511465 -0.116514
v -1.833647 2.508565 -0.112061
v -1.883136 2.495139 -0.056524
v -1.833305 2.493315 -0.038836
v -1.858164 2.493360 -0.047990
v -1.841188 2.561261 -0.017054
v -1.890498 2.560606 -0.035728
v -1.866017 2.561626 -0.025961
v -1.869611 2.584686 -0.093363
v -1.817734 2.591749 -0.082785
v -1.843824 2.589007 -0.087700
v -1.813944 2.546667 0.173353
v -1.861275 2.554184 0.196902
v -1.837597 2.549895 0.185434
v -1.884135 2.599347 0.149368
v -1.837421 2.599531 0.125008
v -1.861326 2.599407 0.136281
v -1.891064 2.592330 0.056544
v -1.839725 2.582280 0.050204
v -1.865591 2.586419 0.053956
v -1.873806 2.675760 0.032856
v -1.820280 2.676263 0.028628
v -1.846966 2.676568 0.030899
v -1.843180 2.634887 0.214410
v -1.793242 2.633363 0.196900
v -1.817909 2.635025 0.206106
v -1.872007 2.491522 -0.090008
v -1.821851 2.486451 -0.073784
v -1.846644 2.487966 -0.083166
v -1.883538 2.584465 -0.061059
v -1.834413 2.591403 -0.044177
v -1.859202 2.589120 -0.052270
v -1.890727 2.621222 -0.002741
v -1.839456 2.615095 -0.013540
v -1.865381 2.617921 -0.009412
v -1.861458 2.551364 -0.116007
v -1.808224 2.551494 -0.109671
v -1.834836 2.552197 -0.113068
v -1.890977 2.524234 -0.036188
v -1.841691 2.522249 -0.017482
v -1.866617 2.523103 -0.026227
v -1.845927 2.569131 0.224968
v -1.796297 2.557857 0.207821
v -1.820929 2.563288 0.217085
v -1.877467 2.633454 0.157085
v -1.831311 2.636201 0.132141
v -1.854954 2.635755 0.143681
v -1.877607 2.568386 0.167409
v -1.831817 2.565176 0.141395
v -1.855113 2.565854 0.154026
v -1.878891 2.646349 0.091195
v -1.826341 2.640538 0.093653
v -1.852601 2.643858 0.093588
v -1.671947 2.419324 0.193015
v -1.716481 2.385883 0.203916
v -1.693909 2.402563 0.199088
v -1.729877 2.467655 0.178875
v -1.766193 2.428072 0.194668
v -1.747841 2.448144 0.187927
v -1.775338 2.410164 0.128425
v -1.743226 2.450083 0.102672
v -1.758970 2.429949 0.115874
v -1.687682 2.394579 0.099632
v -1.727538 2.365695 0.130251
v -1.707345 2.380242 0.115431
v -1.779384 2.425938 0.160881
v -1.744072 2.465834 0.142796
v -1.762281 2.446432 0.152134
v -1.741167 2.409956 0.211300
v -1.704589 2.450231 0.199959
v -1.721892 2.429727 0.207271
v -1.713474 2.367143 0.168441
v -1.666551 2.393064 0.149742
v -1.689938 2.380335 0.159416
v -1.754737 2.384137 0.117618
v -1.723238 2.420449 0.085775
v -1.738273 2.401602 0.101796
vn 0.7711 0.2264 0.5951
vn 0.9018 0.3126 0.2982
vn 0.8942 0.3622 0.2629
vn 0.7819 0.2966 0.5483
vn 0.9376 0.3429 -0.0587
vn 0.9222 0.3798 -0.0722
vn 0.9302 0.3587 -0.0777
vn 0.9041 0.3540 0.2394
vn 0.8006 0.3114 0.5120
vn 0.9743 0.2144 -0.0696
vn 0.9449 0.2273 0.2355
vn 0.9987 -0.0284 -0.0413
vn 0.9707 0.0025 0.2405
vn 0.8774 0.0129 0.4796
vn 0.8423 0.2108 0.4960
vn 0.5244 0.1623 -0.8358
vn 0.5655 0.0733 -0.8215
vn 0.6851 0.1094 -0.7202
vn 0.6438 0.2211 -0.7326
vn 0.5942 -0.1326 -0.7933
vn 0.7185 -0.1173 -0.6855
vn 0.8451 -0.0963 -0.5259
vn 0.8114 0.1436 -0.5666
vn 0.7668 0.2765 -0.5792
vn 0.4192 -0.0265 0.9075
vn 0.3115 -0.0699 0.9477
vn 0.5366 0.0698 0.8410
vn 0.5940 0.1089 0.7971
vn 0.1783 -0.0000 0.9840
vn 0.4652 0.1050 0.8790
vn 0.7166 0.1793 0.6741
vn 0.7490 0.1789 0.6380
vn -0.4738 -0.4545 0.7543
vn 0.0164 -0.4438 0.8960
vn 0.0403 -0.5827 0.8117
vn -0.2029 -0.8033 0.5600
vn 0.2015 -0.2668 0.9425
vn 0.1282 -0.3098 0.9421
vn -0.0000 -0.3170 0.9484
vn -0.0000 -0.6304 0.7763
vn -0.0000 -0.8886 0.4587
vn 0.2800 0.0715 0.9573
vn 0.3122 0.0335 0.9494
vn 0.1749 0.0013 0.9846
vn 0.1551 0.0367 0.9872
vn 0.3469 -0.1082 0.9317
vn 0.1929 -0.1328 0.9722
vn -0.0000 -0.1415 0.9899
vn -0.0000 -0.0115 0.9999
vn -0.0000 0.0233 0.9997
vn -0.0000 -0.2862 -0.9582
vn -0.0000 -0.0921 -0.9958
vn 0.1332 -0.0835 -0.9876
vn 0.1242 -0.2831 -0.9510
vn -0.0000 -0.0263 -0.9997
vn 0.1535 -0.0076 -0.9881
vn 0.2867 0.0398 -0.9572
vn 0.2498 -0.0515 -0.9669
vn 0.2081 -0.2520 -0.9451
vn 0.9186 0.1803 -0.3517
vn 0.8720 0.3261 -0.3651
vn 0.9483 -0.0658 -0.3106
vn 0.1089 -0.2515 0.9617
vn -0.1330 -0.1554 0.9789
vn 0.2813 -0.1644 0.9454
vn 0.0153 -0.2095 0.9777
vn 0.0313 -0.2297 0.9728
vn -0.3407 -0.2839 0.8963
vn -0.3678 -0.2580 0.8934
vn 0.0439 -0.1034 0.9937
vn -0.3342 -0.1779 0.9256
vn -0.6809 -0.2248 0.6970
vn -0.6654 -0.3031 0.6822
vn -0.6887 -0.2834 0.6673
vn 0.9974 0.0715 -0.0133
vn 0.9949 0.1005 0.0024
vn 0.9238 0.0215 0.3823
vn 0.9311 0.0026 0.3648
vn 0.9877 0.1565 0.0065
vn 0.9138 0.1118 0.3906
vn 0.7050 0.0504 0.7074
vn 0.7119 -0.0666 0.6991
vn 0.7202 -0.0716 0.6901
vn -0.0094 0.1372 -0.9905
vn -0.0022 0.1359 -0.9907
vn 0.3718 0.1835 -0.9100
vn 0.3704 0.1737 -0.9125
vn 0.0388 0.0627 -0.9973
vn 0.3956 0.1338 -0.9086
vn 0.6981 0.1727 -0.6949
vn 0.6917 0.1906 -0.6965
vn 0.6935 0.1674 -0.7008
vn -0.9724 -0.2322 -0.0229
vn -0.9741 -0.2263 0.0006
vn -0.9155 -0.1480 -0.3741
vn -0.9078 -0.1521 -0.3908
vn -0.9786 -0.2055 0.0061
vn -0.9167 -0.1764 -0.3585
vn -0.6936 -0.1218 -0.7100
vn -0.7076 -0.0504 -0.7048
vn -0.7050 -0.0475 -0.7076
vn 0.0825 0.0075 0.9966
vn -0.2845 -0.0954 0.9539
vn -0.6809 -0.1936 0.7064
vn 0.9787 0.2052 -0.0018
vn 0.9028 0.1918 0.3850
vn 0.9716 0.2358 -0.0175
vn 0.9027 0.2250 0.3668
vn 0.7001 0.1535 0.6974
vn 0.1206 -0.0076 -0.9927
vn 0.4389 0.0850 -0.8945
vn 0.2338 -0.0637 -0.9702
vn 0.4974 0.0546 -0.8658
vn 0.7249 0.1456 -0.6733
vn 0.7085 0.1519 -0.6892
vn -0.9734 -0.2291 -0.0014
vn -0.9095 -0.2441 -0.3364
vn -0.9022 -0.4312 -0.0067
vn -0.8255 -0.4736 -0.3070
vn -0.4045 -0.4915 -0.7713
vn -0.6438 -0.2252 -0.7313
vn -0.2331 -0.1211 -0.9649
vn -0.3408 -0.0315 -0.9396
vn -0.0578 -0.2173 -0.9744
vn 0.4166 0.0917 0.9045
vn 0.4018 -0.0234 0.9154
vn -0.3816 0.0525 -0.9229
vn -0.3883 0.0582 -0.9197
vn 0.3981 -0.1536 0.9044
vn 0.3968 -0.1451 0.9064
vn -0.9194 -0.2260 0.3219
vn -0.9046 -0.2272 0.3607
vn -0.8477 -0.4503 0.2805
vn 0.9031 0.1918 -0.3843
vn 0.9085 0.1789 -0.3776
vn 0.8976 0.2075 -0.3889
vn -0.8871 -0.2808 0.3663
vn -0.8970 -0.2764 0.3449
vn 0.9118 0.1604 -0.3779
vn 0.9131 0.1295 -0.3865
vn -0.9996 0.0277 0.0052
vn -0.9840 0.1778 0.0141
vn -0.9873 0.1565 -0.0281
vn -0.9988 0.0207 -0.0447
vn -0.9307 0.3638 0.0385
vn -0.9511 0.3089 0.0093
vn -0.9552 0.2641 -0.1334
vn -0.9774 0.1349 -0.1627
vn -0.9839 0.0109 -0.1782
vn -0.8323 0.5435 0.1090
vn -0.9110 0.4040 0.0833
vn -0.6984 0.6268 0.3455
vn -0.9436 0.2758 0.1831
vn -0.9862 0.1372 -0.0927
vn -0.9464 0.3066 -0.1021
vn -0.8781 0.3072 -0.3668
vn -0.8887 0.2602 -0.3776
vn -0.9068 0.1357 -0.3990
vn -0.7068 0.1804 -0.6841
vn -0.6860 0.3365 -0.6451
vn -0.6955 0.2716 -0.6652
vn -0.9073 0.1266 -0.4009
vn -0.9108 0.0038 -0.4129
vn -0.7075 0.1254 -0.6954
vn -0.7074 -0.0004 -0.7068
vn -0.3764 0.1212 -0.9185
vn -0.3738 -0.0030 -0.9275
vn -0.3749 0.2705 -0.8867
vn 0.0001 0.2667 -0.9638
vn -0.0002 0.1182 -0.9930
vn -0.0002 -0.0041 -1.0000
vn -0.3743 0.3480 -0.8595
vn -0.3873 0.2208 -0.8951
vn 0.0032 0.2501 -0.9682
vn 0.0012 0.3515 -0.9362
vn 0.3735 0.3610 -0.8545
vn 0.3729 0.2724 -0.8870
vn 0.3888 0.2706 -0.8807
vn 0.6974 0.2730 -0.6626
vn 0.6779 0.3627 -0.6395
vn 0.6891 0.2772 -0.6695
vn 0.3739 0.1212 -0.9195
vn 0.3716 -0.0035 -0.9284
vn 0.7008 0.1260 -0.7021
vn 0.7010 -0.0024 -0.7131
vn 0.9021 0.1302 -0.4114
vn 0.9053 -0.0000 -0.4249
vn 0.8826 0.2733 -0.3826
vn 0.9494 0.2878 -0.1260
vn 0.9755 0.1467 -0.1643
vn 0.9826 0.0106 -0.1855
vn 0.8662 0.3481 -0.3584
vn 0.8912 0.2596 -0.3720
vn 0.9609 0.2718 -0.0535
vn 0.9298 0.3589 -0.0813
vn 0.8840 0.4544 0.1099
vn 0.9387 0.3433 0.0300
vn 0.8941 0.3912 0.2182
vn 0.6412 0.6850 0.3459
vn 0.8023 0.5828 0.1289
vn 0.9129 0.4033 0.0633
vn 0.9832 0.1817 -0.0153
vn 0.9987 0.0317 -0.0399
vn 0.9759 0.2151 0.0378
vn 0.9983 0.0525 0.0240
vn 0.9716 0.2222 0.0810
vn 0.9947 0.0585 0.0841
vn 0.9047 0.4198 0.0731
vn 0.9022 0.3923 0.1794
vn 0.9559 0.2013 0.2139
vn 0.9720 0.0469 0.2304
vn 0.7594 0.6462 0.0759
vn 0.4701 0.8774 0.0954
vn 0.4818 0.8724 0.0824
vn 0.7612 0.6354 0.1297
vn 0.7393 0.5759 0.3490
vn 0.8356 0.3385 0.4326
vn 0.4928 0.8328 0.2521
vn 0.4285 0.7464 0.5093
vn 0.5525 0.5065 0.6620
vn 0.6039 0.2830 0.7451
vn 0.8638 0.1643 0.4762
vn 0.8683 0.0258 0.4953
vn 0.6153 0.1277 0.7778
vn 0.6144 0.0071 0.7890
vn -0.2086 -0.9548 -0.2118
vn -0.0981 -0.9681 -0.2305
vn -0.0731 -0.9938 -0.0837
vn -0.2226 -0.9683 -0.1130
vn -0.0000 -0.9735 -0.2285
vn 0.0001 -0.9965 -0.0842
vn 0.0003 -0.9995 -0.0326
vn -0.0750 -0.9966 -0.0343
vn -0.2138 -0.9757 -0.0479
vn 0.0980 -0.9681 -0.2305
vn 0.0732 -0.9938 -0.0836
vn 0.2078 -0.9549 -0.2120
vn 0.2215 -0.9685 -0.1134
vn 0.2126 -0.9759 -0.0486
vn 0.0754 -0.9966 -0.0342
vn 0.0756 -0.9971 -0.0124
vn 0.0007 -0.9999 -0.0117
vn 0.2066 -0.9783 -0.0172
vn 0.2043 -0.9789 0.0002
vn 0.0753 -0.9972 -0.0000
vn 0.0008 -1.0000 0.0001
vn -0.0747 -0.9971 -0.0125
vn -0.2073 -0.9781 -0.0168
vn -0.0741 -0.9972 -0.0000
vn -0.2043 -0.9789 -0.0003
vn 0.2892 0.1075 0.9512
vn 0.2898 -0.0017 0.9571
vn 0.2803 0.2558 0.9252
vn -0.0002 0.2538 0.9673
vn -0.0001 0.1035 0.9946
vn -0.0000 -0.0035 1.0000
vn 0.2472 0.4915 0.8351
vn 0.2058 0.7995 0.5644
vn -0.0042 0.8164 0.5775
vn -0.0007 0.5048 0.8632
vn -0.2458 0.4909 0.8358
vn -0.2778 0.2544 0.9263
vn -0.2113 0.7982 0.5642
vn -0.4259 0.7449 0.5135
vn -0.5443 0.5026 0.6717
vn -0.5946 0.2764 0.7550
vn -0.2871 0.1058 0.9521
vn -0.2882 -0.0033 0.9576
vn -0.6075 0.1193 0.7853
vn -0.6082 -0.0008 0.7938
vn -0.9810 -0.1941 0.0015
vn -0.9784 -0.1974 0.0609
vn -0.9978 0.0261 0.0605
vn -0.8149 -0.5796 -0.0005
vn -0.8140 -0.5786 0.0515
vn -0.8077 -0.5604 0.1833
vn -0.9557 -0.1966 0.2189
vn -0.9751 0.0171 0.2210
vn -0.4708 -0.8822 -0.0008
vn -0.4726 -0.8807 0.0316
vn -0.2049 -0.9786 0.0181
vn -0.2091 -0.9762 0.0567
vn -0.4837 -0.8682 0.1103
vn -0.4812 -0.8319 0.2764
vn -0.7432 -0.5156 0.4264
vn -0.2155 -0.9662 0.1415
vn -0.1924 -0.9439 0.2684
vn -0.3720 -0.7835 0.4978
vn -0.5398 -0.4602 0.7049
vn -0.8501 -0.1841 0.4933
vn -0.8651 0.0063 0.5016
vn -0.5999 -0.1641 0.7831
vn -0.0741 -0.9972 0.0139
vn 0.0006 -0.9999 0.0131
vn 0.0003 -0.9992 0.0395
vn -0.0738 -0.9964 0.0413
vn 0.0751 -0.9971 0.0138
vn 0.2052 -0.9785 0.0192
vn 0.2096 -0.9761 0.0575
vn 0.0743 -0.9964 0.0411
vn 0.0712 -0.9919 0.1050
vn 0.0001 -0.9944 0.1060
vn 0.2161 -0.9661 0.1415
vn 0.1929 -0.9439 0.2682
vn 0.0900 -0.9545 0.2844
vn -0.0000 -0.9593 0.2825
vn -0.0710 -0.9919 0.1052
vn -0.0899 -0.9545 0.2845
vn 0.2183 0.8757 0.4307
vn 0.1527 0.9848 0.0823
vn -0.0222 0.9015 0.4322
vn -0.0184 0.9976 0.0662
vn -0.0155 0.9992 0.0373
vn 0.1806 0.9823 0.0489
vn -0.2673 0.8583 0.4380
vn -0.1866 0.9786 0.0868
vn -0.4984 0.8613 0.0992
vn -0.4964 0.8634 0.0906
vn -0.2067 0.9770 0.0527
vn -0.2104 0.9529 0.2183
vn -0.0104 0.9750 0.2221
vn -0.4975 0.8268 0.2624
vn 0.1939 0.9565 0.2178
vn -0.7804 0.6215 0.0684
vn -0.9212 0.3850 0.0552
vn -0.9119 0.3682 0.1813
vn -0.7704 0.6227 0.1370
vn -0.9815 0.1827 0.0579
vn -0.9631 0.1695 0.2092
vn -0.8607 0.1445 0.4882
vn -0.8322 0.3243 0.4497
vn -0.7357 0.5694 0.3668
vn 0.3739 -0.7826 0.4977
vn 0.1695 -0.7744 0.6096
vn 0.5434 -0.4567 0.7043
vn 0.2547 -0.4343 0.8640
vn -0.0000 -0.4359 0.9000
vn -0.0000 -0.7841 0.6206
vn 0.6046 -0.1579 0.7807
vn 0.2850 -0.1501 0.9467
vn -0.0000 -0.1489 0.9888
vn -0.2839 -0.1512 0.9469
vn -0.2540 -0.4349 0.8639
vn -0.1692 -0.7745 0.6095
vn 0.4695 -0.8829 0.0015
vn 0.4737 -0.8799 0.0374
vn 0.8152 -0.5792 0.0065
vn 0.8180 -0.5714 0.0657
vn 0.8125 -0.5500 0.1931
vn 0.4860 -0.8664 0.1149
vn 0.9827 -0.1844 0.0145
vn 0.9808 -0.1772 0.0817
vn 0.9574 -0.1741 0.2304
vn 0.8543 -0.1683 0.4917
vn 0.7484 -0.5071 0.4276
vn 0.4840 -0.8300 0.2773
vn 0.4111 -0.8086 -0.4210
vn 0.5012 -0.8348 -0.2278
vn 0.6116 -0.4838 -0.6260
vn 0.7769 -0.5150 -0.3623
vn 0.8153 -0.5557 -0.1625
vn 0.4913 -0.8655 -0.0975
vn 0.6886 -0.1735 -0.7041
vn 0.8883 -0.1855 -0.4201
vn 0.9617 -0.1971 -0.1906
vn 0.9794 -0.1949 -0.0524
vn 0.8157 -0.5763 -0.0501
vn 0.4753 -0.8792 -0.0319
vn -0.4141 -0.8073 -0.4205
vn -0.2022 -0.8212 -0.5337
vn -0.6166 -0.4802 -0.6239
vn -0.3174 -0.4867 -0.8139
vn -0.0001 -0.4972 -0.8676
vn -0.0000 -0.8353 -0.5498
vn -0.6943 -0.1694 -0.6994
vn -0.3647 -0.1710 -0.9153
vn -0.0001 -0.1737 -0.9848
vn 0.3628 -0.1717 -0.9159
vn 0.3162 -0.4874 -0.8140
vn 0.2016 -0.8214 -0.5336
vn -0.4796 -0.8770 -0.0301
vn -0.8207 -0.5694 -0.0473
vn -0.8237 -0.5452 -0.1557
vn -0.4973 -0.8624 -0.0944
vn -0.9801 -0.1917 -0.0517
vn -0.9656 -0.1863 -0.1816
vn -0.8949 -0.1759 -0.4101
vn -0.7851 -0.5064 -0.3566
vn -0.5067 -0.8320 -0.2257
vn -0.9693 -0.2347 -0.0735
vn -0.9446 -0.1572 0.2880
vn -0.9245 -0.2145 0.3151
vn -0.9703 -0.2362 -0.0515
vn -0.7656 -0.0337 0.6425
vn -0.7363 -0.1538 0.6590
vn -0.4251 0.0852 0.9011
vn -0.4071 -0.0817 0.9097
vn -0.0187 0.1527 0.9881
vn -0.0041 -0.0243 0.9997
vn 0.3794 0.1677 0.9099
vn 0.3934 0.0137 0.9193
vn 0.7251 0.1368 0.6749
vn 0.7278 0.0351 0.6849
vn 0.9387 0.0845 0.3341
vn 0.9371 0.0448 0.3462
vn 0.9982 0.0447 -0.0394
vn 0.9980 0.0545 -0.0311
vn 0.9162 0.0252 -0.3998
vn 0.9153 0.0692 -0.3968
vn 0.7090 0.0192 -0.7049
vn 0.7026 0.0838 -0.7066
vn 0.3908 0.0072 -0.9204
vn 0.3819 0.0818 -0.9206
vn 0.0020 -0.0370 -0.9993
vn -0.0030 0.0419 -0.9991
vn -0.3811 -0.1161 -0.9172
vn -0.3842 -0.0379 -0.9225
vn -0.6840 -0.2002 -0.7014
vn -0.6934 -0.1332 -0.7082
vn -0.8783 -0.2477 -0.4090
vn -0.8914 -0.2072 -0.4031
vn -0.8982 -0.1352 -0.4182
vn -0.7012 -0.0891 -0.7073
vn -0.9883 -0.1228 -0.0906
vn -0.3888 -0.0182 -0.9212
vn 0.0034 0.0453 -0.9990
vn 0.3962 0.0824 -0.9145
vn 0.7120 0.0923 -0.6960
vn 0.9139 0.0934 -0.3951
vn 0.9926 0.1129 -0.0450
vn 0.9341 0.1923 0.3008
vn 0.7142 0.3425 0.6104
vn 0.3401 0.4643 0.8178
vn -0.0258 0.4851 0.8741
vn -0.4042 0.4029 0.8212
vn -0.7847 0.1978 0.5874
vn -0.9677 -0.0135 0.2516
vn -0.0000 -0.8670 -0.4984
vn -0.1748 -0.7861 -0.5928
vn -0.4494 -0.8594 -0.2438
vn -0.0000 -0.9830 -0.1839
vn -0.5427 -0.8398 -0.0103
vn -0.0000 -0.9999 -0.0103
vn 0.2505 -0.0447 0.9671
vn 0.1406 -0.0776 0.9870
vn -0.0000 -0.0863 0.9963
vn 0.5195 0.1795 0.8354
vn 0.5637 0.1229 0.8168
vn 0.4339 0.0754 0.8978
vn 0.3944 0.1201 0.9110
vn 0.6148 -0.0322 0.7880
vn 0.4809 -0.0720 0.8738
vn 0.9071 0.2549 0.3349
vn 0.9589 0.2811 -0.0385
vn -0.0000 -0.5902 -0.8073
vn 0.0521 -0.5507 -0.8331
vn 0.0539 -0.4376 -0.8975
vn -0.0000 -0.0793 -0.9969
vn 0.1811 -0.0611 -0.9816
vn -0.0000 -0.1848 -0.9828
vn 0.1958 -0.1779 -0.9644
vn 0.3488 -0.1624 -0.9230
vn 0.3273 -0.0179 -0.9448
vn 0.6287 0.2056 0.7500
vn 0.6590 0.2469 0.7104
vn 0.4806 0.1090 0.8701
vn -0.4635 -0.8601 0.2132
vn -0.0000 -0.9877 0.1564
vn 0.3548 0.0203 0.9347
vn 0.4506 0.0305 -0.8922
vn 0.4080 0.1003 -0.9075
vn 0.4748 -0.1466 -0.8678
vn 0.7039 0.1716 0.6892
vn 0.7501 -0.0003 0.6613
vn 0.8705 0.3060 -0.3853
vn 0.8608 0.3438 -0.3752
vn 0.7481 0.2195 -0.6262
vn 0.7521 0.2745 -0.5992
vn 0.8873 0.2479 -0.3889
vn 0.7414 0.1662 -0.6502
vn 0.4912 0.0975 -0.8656
vn 0.3656 0.0115 -0.9307
vn 0.4413 -0.0347 -0.8967
vn 0.3018 -0.1647 -0.9391
vn 0.1564 -0.2731 -0.9492
vn 0.3530 -0.1004 -0.9302
vn 0.5576 0.0474 -0.8288
vn 0.5993 0.1013 -0.7941
vn 0.6228 0.1889 -0.7592
vn 0.3271 0.0328 -0.9444
vn 0.3210 0.2051 -0.9246
vn 0.3517 0.1461 -0.9246
vn 0.3994 -0.0220 -0.9165
vn 0.2979 0.5595 -0.7734
vn 0.3320 0.4738 -0.8156
vn 0.2165 0.3669 -0.9047
vn 0.2296 0.0215 -0.9730
vn 0.3583 -0.2286 -0.9052
vn 0.6150 -0.1498 0.7742
vn 0.4379 0.1627 0.8842
vn 0.5745 0.2214 0.7880
vn 0.6577 0.0586 0.7510
vn 0.3362 0.5025 0.7966
vn 0.4595 0.4811 0.7466
vn 0.4509 0.4412 0.7759
vn 0.5174 0.2763 0.8099
vn 0.5781 0.1542 0.8013
vn 0.8791 -0.1201 0.4612
vn 0.8726 -0.0811 0.4817
vn 0.7781 -0.0440 0.6266
vn 0.7834 -0.0974 0.6138
vn 0.8579 -0.0709 0.5089
vn 0.7591 -0.0177 0.6508
vn 0.6614 0.0300 0.7494
vn 0.6805 -0.0171 0.7325
vn 0.6783 -0.0919 0.7290
vn 0.3479 -0.1739 -0.9213
vn 0.3426 -0.0907 -0.9351
vn 0.4736 -0.1135 -0.8734
vn 0.4773 -0.1953 -0.8568
vn 0.3347 -0.0635 -0.9402
vn 0.4656 -0.0820 -0.8812
vn 0.6102 -0.1109 -0.7844
vn 0.6163 -0.1411 -0.7748
vn 0.6108 -0.2172 -0.7614
vn 0.8118 -0.1122 0.5730
vn 0.7221 -0.0025 0.6918
vn 0.6274 0.0752 0.7751
vn 0.3307 -0.0442 -0.9427
vn 0.4458 -0.0739 -0.8921
vn 0.5666 -0.1457 -0.8110
vn 0.3948 0.1087 0.9123
vn 0.3671 0.1941 0.9097
vn 0.2005 0.2212 0.9544
vn 0.2100 0.1283 0.9692
vn 0.3311 0.2815 0.9006
vn 0.1913 0.3072 0.9322
vn -0.0000 0.3133 0.9496
vn -0.0000 0.2281 0.9736
vn -0.0000 0.1339 0.9910
vn 0.4015 -0.1118 0.9090
vn 0.4083 0.0088 0.9128
vn 0.2165 0.0156 0.9762
vn 0.2151 -0.1162 0.9696
vn -0.0000 0.0184 0.9998
vn -0.0000 -0.1164 0.9932
vn 0.2224 0.8002 0.5569
vn 0.1265 0.8506 0.5103
vn 0.1538 0.7407 0.6540
vn 0.2460 0.7080 0.6619
vn -0.0000 0.8709 0.4914
vn -0.0000 0.7591 0.6510
vn -0.0000 0.5876 0.8092
vn 0.1714 0.5742 0.8006
vn 0.2635 0.5504 0.7922
vn 0.2933 0.3904 0.8727
vn 0.1828 0.4136 0.8919
vn -0.0000 0.4214 0.9069
vn 0.1209 0.9818 -0.1467
vn 0.0422 0.9943 -0.0977
vn 0.0316 0.9993 0.0182
vn 0.0883 0.9957 0.0264
vn -0.0000 0.9963 -0.0863
vn -0.0000 0.9999 0.0124
vn -0.0000 0.9875 0.1579
vn 0.0503 0.9823 0.1805
vn 0.1132 0.9636 0.2421
vn 0.8911 -0.1585 -0.4252
vn 0.8502 -0.2959 -0.4355
vn 0.9320 -0.3115 -0.1854
vn 0.9682 -0.1582 -0.1939
vn 0.5945 -0.6813 -0.4271
vn 0.6778 -0.7283 -0.1010
vn 0.7063 -0.6649 0.2429
vn 0.9507 -0.2973 0.0879
vn 0.9874 -0.1469 0.0585
vn 0.8657 -0.2326 -0.4433
vn 0.8845 -0.1772 -0.4317
vn 0.9636 -0.1724 -0.2045
vn 0.9496 -0.2184 -0.2249
vn 0.9872 -0.1528 0.0462
vn 0.9815 -0.1904 0.0223
vn 0.1723 0.9167 -0.3605
vn 0.1836 0.9536 -0.2385
vn 0.1406 0.9899 0.0203
vn 0.1498 0.9883 -0.0294
vn 0.1602 0.9353 0.3156
vn 0.1607 0.9267 0.3397
vn 0.3879 0.3416 0.8561
vn 0.4529 0.2269 0.8622
vn 0.3408 0.5144 0.7869
vn 0.2993 0.7071 0.6406
vn 0.3314 0.6552 0.6789
vn 0.5644 -0.0010 0.8255
vn 0.5558 -0.1007 0.8252
vn 0.5464 0.0737 0.8343
vn 0.5077 0.1411 0.8499
vn -0.0000 -0.0440 -0.9990
vn -0.0000 -0.0295 -0.9996
vn 0.1802 -0.0336 -0.9831
vn 0.1849 -0.0500 -0.9815
vn -0.0000 0.0387 -0.9993
vn 0.1828 0.0398 -0.9823
vn -0.0000 -0.1518 -0.9884
vn -0.0000 -0.0686 -0.9976
vn 0.1921 -0.0748 -0.9785
vn 0.1955 -0.1580 -0.9679
vn -0.0000 0.2179 -0.9760
vn 0.1878 0.2185 -0.9576
vn -0.0000 0.6147 -0.7888
vn 0.1665 0.6064 -0.7775
vn 0.2056 -0.1944 0.9591
vn -0.0000 -0.1981 0.9802
vn 0.3771 -0.1802 0.9085
vn 0.5232 -0.1542 0.8382
vn 0.6533 -0.1265 0.7465
vn 0.1965 -0.2235 -0.9547
vn -0.0000 -0.2203 -0.9754
vn 0.3492 -0.2315 -0.9080
vn 0.4758 -0.2419 -0.8457
vn 0.5998 -0.2502 -0.7600
vn 0.2719 0.8032 -0.5301
vn 0.2088 0.7119 -0.6705
vn 0.2115 0.8813 -0.4225
vn 0.7627 -0.1657 -0.6252
vn 0.7465 -0.2317 -0.6237
vn 0.7646 -0.1425 -0.6285
vn 0.7169 -0.2390 -0.6550
vn 0.4714 -0.5313 -0.7039
vn 0.0985 0.9241 -0.3691
vn -0.0000 0.9342 -0.3568
vn 0.2253 0.8001 0.5559
vn 0.2067 0.7403 0.6397
vn 0.1709 0.8798 0.4436
vn 0.0881 0.9269 0.3650
vn -0.0000 0.9419 0.3359
vn 0.9034 -0.2317 0.3608
vn 0.9446 -0.1189 0.3059
vn 0.6798 -0.4826 0.5522
vn 0.9506 -0.1205 0.2862
vn 0.9525 -0.1542 0.2626
vn 0.7729 -0.1118 0.6246
vn 0.8803 -0.1179 0.4595
vn 0.9585 -0.1433 0.2463
vn 0.9836 -0.1800 -0.0070
vn 0.9418 -0.2146 -0.2587
vn 0.8489 -0.2388 -0.4715
vn 0.7276 -0.2505 -0.6387
vn 0.8329 -0.5257 0.1729
vn 0.8494 -0.4955 0.1815
vn 0.7635 -0.4954 0.4143
vn 0.8556 -0.2849 0.4322
vn 0.9697 -0.1775 -0.1681
vn 0.6849 -0.6949 0.2193
vn 0.3238 -0.8377 0.4399
vn 0.4965 -0.3756 0.7826
vn 0.6048 0.2366 0.7605
vn 0.2959 0.0701 -0.9526
vn 0.2605 0.0328 -0.9649
vn 0.2898 0.4043 -0.8675
vn 0.3109 0.4218 -0.8517
vn 0.1801 0.0362 -0.9830
vn 0.2195 0.4134 -0.8837
vn 0.2263 0.7272 -0.6480
vn 0.2822 0.7205 -0.6334
vn 0.2940 0.7369 -0.6087
vn 0.0219 -0.9981 -0.0576
vn -0.0909 -0.9938 -0.0637
vn 0.0082 -0.9059 -0.4234
vn 0.1106 -0.9123 -0.3944
vn -0.1380 -0.9885 -0.0623
vn -0.0575 -0.9010 -0.4301
vn 0.0312 -0.6741 -0.7379
vn 0.1076 -0.6775 -0.7276
vn 0.1848 -0.6772 -0.7122
vn -0.1519 0.0226 0.9881
vn -0.2088 -0.0211 0.9777
vn -0.2482 -0.3998 0.8824
vn -0.1901 -0.3650 0.9114
vn -0.1762 -0.0452 0.9833
vn -0.2196 -0.4218 0.8797
vn -0.2276 -0.7305 0.6439
vn -0.2394 -0.7243 0.6466
vn -0.1707 -0.7239 0.6684
vn 0.1789 0.9821 0.0591
vn 0.1640 0.9845 0.0630
vn 0.0623 0.8983 0.4349
vn 0.0825 0.9037 0.4201
vn 0.1532 0.9863 0.0607
vn 0.0758 0.8923 0.4450
vn -0.0174 0.6587 0.7522
vn -0.0436 0.6718 0.7394
vn -0.0105 0.6865 0.7270
vn 0.0920 0.0560 -0.9942
vn 0.1352 0.4382 -0.8887
vn 0.0309 0.1156 -0.9928
vn 0.0753 0.4968 -0.8646
vn 0.1086 0.7936 -0.5987
vn 0.1571 0.7497 -0.6428
vn -0.1346 -0.9889 -0.0623
vn -0.0876 -0.8987 -0.4298
vn -0.0767 -0.9907 -0.1120
vn -0.0682 -0.8797 -0.4706
vn -0.0456 -0.6271 -0.7776
vn -0.0275 -0.6670 -0.7446
vn -0.0947 -0.0736 0.9928
vn -0.1388 -0.4523 0.8810
vn 0.0138 -0.1323 0.9911
vn -0.0147 -0.5161 0.8564
vn -0.0477 -0.8018 0.5956
vn -0.1628 -0.7514 0.6395
vn 0.1382 0.9875 0.0753
vn 0.0920 0.8755 0.4743
vn 0.1204 0.9827 0.1406
vn 0.0979 0.8342 0.5427
vn 0.0659 0.5640 0.8232
vn 0.0264 0.6263 0.7791
vn 0.1653 0.9147 0.3688
vn 0.1822 0.9799 0.0815
vn 0.1247 0.9205 0.3704
vn 0.2184 0.9239 0.3141
vn 0.0499 0.7557 0.6530
vn 0.1409 0.9871 0.0766
vn -0.0747 0.0328 0.9967
vn -0.0767 0.0961 0.9924
vn -0.1224 -0.2612 0.9575
vn -0.0340 -0.1496 0.9882
vn -0.1322 -0.6714 0.7292
vn -0.2732 -0.4091 0.8706
vn 0.0860 -0.9428 -0.3221
vn 0.1124 -0.9889 -0.0972
vn 0.1915 -0.9115 -0.3639
vn 0.2457 -0.9178 -0.3120
vn 0.2146 -0.6823 -0.6988
vn 0.0908 -0.7207 -0.6873
vn 0.1904 0.6985 -0.6899
vn 0.2595 0.2431 -0.9346
vn 0.2923 0.4893 -0.8217
vn 0.3472 0.5362 -0.7694
vn 0.2762 0.7507 -0.6002
vn 0.2719 0.5792 -0.7685
vn 0.2200 -0.1698 -0.9606
vn 0.0090 0.0748 -0.9972
vn 0.2503 -0.3036 -0.9193
vn -0.0261 0.4809 0.8764
vn -0.1500 0.6513 0.7438
vn -0.0879 0.3839 0.9192
vn -0.0384 0.3046 0.9517
vn -0.1056 0.3338 0.9367
vn 0.0373 0.2462 0.9685
vn 0.0352 -0.3292 -0.9436
vn 0.1143 -0.3437 -0.9321
vn -0.0116 -0.2740 -0.9617
vn -0.1363 0.3517 0.9261
vn 0.1968 -0.3425 -0.9187
vn 0.4759 -0.5700 0.6698
vn 0.8374 -0.5008 0.2189
vn 0.8318 -0.5010 0.2389
vn 0.3543 -0.9285 0.1114
vn 0.9475 -0.3143 0.0597
vn 0.2793 -0.8301 -0.4827
vn 0.5014 -0.0493 -0.8638
vn 0.5088 -0.6255 -0.5915
vn 0.8419 -0.5272 -0.1150
vn 0.9738 -0.2159 -0.0718
vn 0.4068 -0.9134 0.0115
vn 0.7151 -0.6977 0.0438
vn -0.0305 -0.9562 0.2912
vn -0.2817 -0.9317 0.2293
vn -0.0848 -0.9473 0.3088
vn 0.2258 0.9410 -0.2519
vn 0.1028 0.9705 -0.2181
vn 0.2505 0.9253 -0.2847
vn 0.1574 0.9374 -0.3108
vn 0.2029 0.9257 -0.3193
vn 0.1235 0.9586 -0.2564
vn -0.1612 -0.9370 0.3100
vn -0.1983 -0.9286 0.3137
vn -0.0700 -0.9639 0.2570
vn 0.2395 0.9212 -0.3068
vn -0.1805 -0.9334 0.3103
vn 0.7511 -0.5352 0.3866
vn 0.8532 -0.4941 0.1670
vn 0.7081 0.3787 0.5959
vn 0.9449 0.3056 0.1174
vn 0.1362 -0.5085 0.8502
vn 0.2037 -0.9389 0.2773
vn 0.6732 -0.6819 0.2860
vn 0.4250 -0.4016 0.8112
vn 0.2763 -0.8609 -0.4272
vn 0.2920 -0.2883 -0.9119
vn 0.7212 -0.1480 -0.6768
vn 0.5645 -0.7467 -0.3519
vn 0.1415 -0.8778 -0.4576
vn 0.1077 -0.9757 0.1906
vn 0.1773 0.1731 0.9688
vn 0.0296 -0.6046 0.7960
vn -0.0346 0.1336 0.9904
vn 0.7524 0.2092 -0.6246
vn 0.7886 0.6127 -0.0518
vn 0.9830 0.1623 0.0857
vn 0.8597 -0.0047 -0.5107
vn 0.3470 -0.4037 -0.8466
vn 0.5582 -0.6363 -0.5324
vn 0.0950 0.2083 0.9734
vn -0.0128 0.3530 0.9356
vn 0.4831 0.6943 0.5334
vn 0.5674 -0.6322 -0.5276
vn 0.8055 0.2880 -0.5179
vn 0.4482 -0.3501 -0.8225
vn 0.1943 0.5292 -0.8260
vn 0.0544 0.9698 -0.2376
vn 0.5208 0.8357 -0.1741
vn 0.4567 0.5104 -0.7286
vn 0.0408 0.8779 0.4770
vn 0.0734 0.2433 0.9672
vn 0.5381 0.2920 0.7907
vn 0.3122 0.8453 0.4335
vn -0.0414 0.8468 0.5304
vn -0.0024 0.9761 -0.2173
vn 0.2700 -0.3411 -0.9004
vn 0.1158 0.5044 -0.8557
vn 0.1692 -0.3623 -0.9166
vn 0.7483 0.6633 -0.0050
vn -0.4451 -0.4270 0.7872
vn -0.5491 -0.8223 0.1493
vn -0.1186 -0.9569 0.2652
vn -0.2072 -0.5775 0.7896
vn -0.4896 -0.3081 0.8157
vn 0.5217 0.6065 0.6001
vn 0.6905 0.3520 0.6319
vn 0.3441 0.8933 0.2892
vn 0.6991 0.3753 -0.6086
vn 0.4221 -0.9012 -0.0988
vn 0.1269 -0.9895 -0.0685
vn 0.1023 -0.7612 0.6404
vn 0.3623 -0.3080 0.8797
vn 0.6746 0.7284 0.1198
vn 0.3905 0.5872 -0.7090
vn 0.9870 0.1356 0.0867
vn 0.3548 -0.1860 0.9163
vn 0.6976 -0.6560 0.2882
vn -0.0430 -0.9306 -0.3634
vn 0.7839 -0.1078 -0.6115
vn 0.8138 0.5090 -0.2805
vn 0.8945 0.0525 0.4440
vn 0.7884 -0.5899 -0.1746
vn 0.3933 0.9114 0.1206
vn 0.2966 0.6415 0.7074
vn 0.0198 0.1426 0.9896
vn 0.3400 -0.4567 0.8221
vn 0.4139 -0.8727 0.2590
vn 0.5284 -0.7923 0.3051
vn 0.5339 -0.7510 -0.3885
vn 0.9582 -0.0124 -0.2857
vn 0.7896 -0.2513 0.5598
vn 0.2056 -0.3941 -0.8958
vn 0.3783 0.2366 -0.8949
vn 0.3261 0.7749 -0.5415
vn 0.6886 0.7235 0.0496
vn 0.6549 0.3739 0.6568
vn 0.0196 0.1956 0.9805
vn -0.2176 -0.8360 -0.5037
vn -0.1495 -0.8223 -0.5491
vn -0.5501 -0.8220 0.1476
vn 0.1356 0.9907 0.0061
vn -0.1833 0.7515 0.6337
vn -0.2461 0.1082 0.9632
vn -0.0888 -0.6559 0.7496
vn -0.2992 0.0403 0.9533
vn -0.2879 0.7299 0.6200
vn 0.0135 0.9993 -0.0352
vn 0.3415 0.5869 -0.7341
vn 0.2577 -0.8670 0.4265
vn 0.0776 -0.9542 -0.2890
vn -0.0732 -0.4451 -0.8925
vn -0.1000 0.3071 -0.9464
vn -0.1353 -0.5755 -0.8065
vn 0.0089 -0.9900 -0.1411
vn 0.1812 -0.8543 0.4872
vn 0.3092 -0.3312 0.8914
vn 0.0654 0.8683 -0.4918
vn 0.2825 0.9176 0.2797
vn 0.3995 0.3985 0.8256
vn 0.3758 -0.3173 0.8707
vn 0.2988 0.3621 0.8829
vn 0.1676 0.9137 0.3702
vn -0.0274 0.8847 -0.4653
vn -0.1573 0.2449 -0.9567
vn 0.3415 -0.6995 -0.6277
vn 0.1525 -0.9872 -0.0466
vn 0.1745 -0.9784 0.1107
vn 0.4109 -0.7501 -0.5182
vn -0.0797 -0.7694 0.6338
vn 0.4617 0.6072 -0.6466
vn 0.5465 -0.1232 -0.8283
vn 0.4172 -0.1064 -0.9026
vn 0.1059 -0.7985 -0.5926
vn 0.0696 -0.5057 -0.8599
vn 0.1519 -0.9539 -0.2587
vn 0.1979 -0.9742 0.1085
vn 0.2390 -0.8509 0.4678
vn 0.2698 -0.5934 0.7583
vn 0.2490 -0.2091 0.9457
vn 0.1968 0.1690 0.9658
vn 0.1628 0.4873 0.8579
vn 0.1371 0.7662 0.6278
vn 0.1299 0.9569 0.2597
vn 0.1262 0.9815 -0.1440
vn 0.1181 0.8595 -0.4974
vn 0.0971 0.6004 -0.7938
vn 0.0622 0.2315 -0.9708
vn 0.0471 -0.1440 -0.9885
vn 0.1526 -0.9576 0.2442
vn 0.2057 -0.8735 -0.4412
vn 0.0778 -0.5533 0.8294
vn 0.0257 0.9743 -0.2239
vn -0.0047 0.8671 0.4982
vn 0.1499 0.5280 -0.8359
vn -0.2351 0.7420 0.6278
vn -0.2794 0.0841 0.9565
vn 0.0705 0.9975 -0.0108
vn 0.0287 -0.9702 -0.2407
vn -0.1185 -0.4810 -0.8687
vn 0.2139 -0.8659 0.4522
vn 0.2245 0.9187 0.3249
vn 0.3471 0.3810 0.8569
vn 0.0171 0.8797 -0.4751
vn 0.2281 -0.3154 -0.9211
vn -0.1293 0.2955 -0.9466
vn 0.3421 -0.3256 0.8815
vn -0.0971 -0.7017 0.7059
vn 0.1538 -0.9872 0.0422
vn 0.3991 0.6055 -0.6885
vn 0.4801 -0.1198 -0.8690
vn 0.3718 -0.7343 -0.5680
vn 0.0154 0.1972 0.9802
vn 0.7694 0.6379 -0.0321
vn 0.4945 0.6528 0.5738
vn 0.7757 0.2448 -0.5816
vn -0.0128 0.2669 0.9636
vn -0.4781 -0.3768 0.7934
vn -0.5502 -0.8224 0.1446
vn -0.1935 -0.8305 -0.5223
vn 0.3882 -0.3823 -0.8386
vn -0.7711 0.2264 0.5951
vn -0.7819 0.2966 0.5483
vn -0.8942 0.3622 0.2629
vn -0.9018 0.3126 0.2982
vn -0.9222 0.3798 -0.0722
vn -0.9376 0.3429 -0.0587
vn -0.9041 0.3540 0.2394
vn -0.9302 0.3587 -0.0777
vn -0.8006 0.3114 0.5120
vn -0.9449 0.2273 0.2355
vn -0.9743 0.2144 -0.0696
vn -0.9707 0.0025 0.2405
vn -0.9987 -0.0284 -0.0413
vn -0.8423 0.2108 0.4960
vn -0.8774 0.0129 0.4796
vn -0.5244 0.1623 -0.8358
vn -0.6438 0.2211 -0.7326
vn -0.6851 0.1094 -0.7202
vn -0.5655 0.0733 -0.8215
vn -0.7185 -0.1173 -0.6855
vn -0.5942 -0.1326 -0.7933
vn -0.8114 0.1436 -0.5666
vn -0.8451 -0.0963 -0.5259
vn -0.7668 0.2765 -0.5792
vn -0.4192 -0.0265 0.9075
vn -0.5940 0.1089 0.7971
vn -0.5366 0.0698 0.8410
vn -0.3115 -0.0699 0.9477
vn -0.4652 0.1050 0.8790
vn -0.1783 -0.0000 0.9840
vn -0.7490 0.1789 0.6380
vn -0.7166 0.1793 0.6741
vn 0.4738 -0.4545 0.7543
vn 0.2029 -0.8033 0.5600
vn -0.0403 -0.5827 0.8117
vn -0.0164 -0.4438 0.8960
vn -0.1282 -0.3098 0.9421
vn -0.2015 -0.2668 0.9425
vn -0.2800 0.0715 0.9573
vn -0.1551 0.0367 0.9872
vn -0.1749 0.0013 0.9846
vn -0.3122 0.0335 0.9494
vn -0.1929 -0.1328 0.9722
vn -0.3469 -0.1082 0.9317
vn -0.1242 -0.2831 -0.9510
vn -0.1332 -0.0835 -0.9876
vn -0.1535 -0.0076 -0.9881
vn -0.2498 -0.0515 -0.9669
vn -0.2867 0.0398 -0.9572
vn -0.2081 -0.2520 -0.9451
vn -0.8720 0.3261 -0.3651
vn -0.9186 0.1803 -0.3517
vn -0.9483 -0.0658 -0.3106
vn 0.1330 -0.1554 0.9789
vn -0.1089 -0.2515 0.9617
vn -0.2813 -0.1644 0.9454
vn -0.0153 -0.2095 0.9777
vn 0.3678 -0.2580 0.8934
vn 0.3407 -0.2839 0.8963
vn -0.0313 -0.2297 0.9728
vn 0.3342 -0.1779 0.9256
vn -0.0439 -0.1034 0.9937
vn 0.6654 -0.3031 0.6822
vn 0.6809 -0.2248 0.6970
vn 0.6887 -0.2834 0.6673
vn -0.9974 0.0715 -0.0133
vn -0.9311 0.0026 0.3648
vn -0.9238 0.0215 0.3823
vn -0.9949 0.1005 0.0024
vn -0.9138 0.1118 0.3906
vn -0.9877 0.1565 0.0065
vn -0.7119 -0.0666 0.6991
vn -0.7050 0.0504 0.7074
vn -0.7202 -0.0716 0.6901
vn 0.0094 0.1372 -0.9905
vn -0.3704 0.1737 -0.9125
vn -0.3718 0.1835 -0.9100
vn 0.0022 0.1359 -0.9907
vn -0.3956 0.1338 -0.9086
vn -0.0388 0.0627 -0.9973
vn -0.6917 0.1906 -0.6965
vn -0.6981 0.1727 -0.6949
vn -0.6935 0.1674 -0.7008
vn 0.9724 -0.2322 -0.0229
vn 0.9078 -0.1521 -0.3908
vn 0.9155 -0.1480 -0.3741
vn 0.9741 -0.2263 0.0006
vn 0.9167 -0.1764 -0.3585
vn 0.9786 -0.2055 0.0061
vn 0.7076 -0.0504 -0.7048
vn 0.6936 -0.1218 -0.7100
vn 0.7050 -0.0475 -0.7076
vn 0.2845 -0.0954 0.9539
vn -0.0825 0.0075 0.9966
vn 0.6809 -0.1936 0.7064
vn -0.9028 0.1918 0.3850
vn -0.9787 0.2052 -0.0018
vn -0.9027 0.2250 0.3668
vn -0.9716 0.2358 -0.0175
vn -0.7001 0.1535 0.6974
vn -0.4389 0.0850 -0.8945
vn -0.1206 -0.0076 -0.9927
vn -0.4974 0.0546 -0.8658
vn -0.2338 -0.0637 -0.9702
vn -0.7085 0.1519 -0.6892
vn -0.7249 0.1456 -0.6733
vn 0.9095 -0.2441 -0.3364
vn 0.9734 -0.2291 -0.0014
vn 0.8255 -0.4736 -0.3070
vn 0.9022 -0.4312 -0.0067
vn 0.6438 -0.2252 -0.7313
vn 0.4045 -0.4915 -0.7713
vn 0.3408 -0.0315 -0.9396
vn 0.2331 -0.1211 -0.9649
vn 0.0578 -0.2173 -0.9744
vn -0.4018 -0.0234 0.9154
vn -0.4166 0.0917 0.9045
vn 0.3883 0.0582 -0.9197
vn 0.3816 0.0525 -0.9229
vn -0.3968 -0.1451 0.9064
vn -0.3981 -0.1536 0.9044
vn 0.9046 -0.2272 0.3607
vn 0.9194 -0.2260 0.3219
vn 0.8477 -0.4503 0.2805
vn -0.9085 0.1789 -0.3776
vn -0.9031 0.1918 -0.3843
vn -0.8976 0.2075 -0.3889
vn 0.8970 -0.2764 0.3449
vn 0.8871 -0.2808 0.3663
vn -0.9131 0.1295 -0.3865
vn -0.9118 0.1604 -0.3779
vn 0.9996 0.0277 0.0052
vn 0.9988 0.0207 -0.0447
vn 0.9873 0.1565 -0.0281
vn 0.9840 0.1778 0.0141
vn 0.9511 0.3089 0.0093
vn 0.9307 0.3638 0.0385
vn 0.9774 0.1349 -0.1627
vn 0.9552 0.2641 -0.1334
vn 0.9839 0.0109 -0.1782
vn 0.9110 0.4040 0.0833
vn 0.8323 0.5435 0.1090
vn 0.9436 0.2758 0.1831
vn 0.6984 0.6268 0.3455
vn 0.9464 0.3066 -0.1021
vn 0.9862 0.1372 -0.0927
vn 0.8887 0.2602 -0.3776
vn 0.8781 0.3072 -0.3668
vn 0.9068 0.1357 -0.3990
vn 0.6860 0.3365 -0.6451
vn 0.7068 0.1804 -0.6841
vn 0.6955 0.2716 -0.6652
vn 0.9108 0.0038 -0.4129
vn 0.9073 0.1266 -0.4009
vn 0.7075 0.1254 -0.6954
vn 0.7074 -0.0004 -0.7068
vn 0.3738 -0.0030 -0.9275
vn 0.3764 0.1212 -0.9185
vn 0.3749 0.2705 -0.8867
vn 0.0002 0.1182 -0.9930
vn -0.0001 0.2667 -0.9638
vn 0.0002 -0.0041 -1.0000
vn 0.3743 0.3480 -0.8595
vn 0.3873 0.2208 -0.8951
vn -0.0012 0.3515 -0.9362
vn -0.0032 0.2501 -0.9682
vn -0.3729 0.2724 -0.8870
vn -0.3735 0.3610 -0.8545
vn -0.3888 0.2706 -0.8807
vn -0.6779 0.3627 -0.6395
vn -0.6974 0.2730 -0.6626
vn -0.6891 0.2772 -0.6695
vn -0.3716 -0.0035 -0.9284
vn -0.3739 0.1212 -0.9195
vn -0.7008 0.1260 -0.7021
vn -0.7010 -0.0024 -0.7131
vn -0.9053 -0.0000 -0.4249
vn -0.9021 0.1302 -0.4114
vn -0.8826 0.2733 -0.3826
vn -0.9755 0.1467 -0.1643
vn -0.9494 0.2878 -0.1260
vn -0.9826 0.0106 -0.1855
vn -0.8662 0.3481 -0.3584
vn -0.8912 0.2596 -0.3720
vn -0.9298 0.3589 -0.0813
vn -0.9609 0.2718 -0.0535
vn -0.9387 0.3433 0.0300
vn -0.8840 0.4544 0.1099
vn -0.8941 0.3912 0.2182
vn -0.8023 0.5828 0.1289
vn -0.6412 0.6850 0.3459
vn -0.9129 0.4033 0.0633
vn -0.9987 0.0317 -0.0399
vn -0.9832 0.1817 -0.0153
vn -0.9759 0.2151 0.0378
vn -0.9983 0.0525 0.0240
vn -0.9947 0.0585 0.0841
vn -0.9716 0.2222 0.0810
vn -0.9047 0.4198 0.0731
vn -0.9559 0.2013 0.2139
vn -0.9022 0.3923 0.1794
vn -0.9720 0.0469 0.2304
vn -0.7594 0.6462 0.0759
vn -0.4701 0.8774 0.0954
vn -0.7612 0.6354 0.1297
vn -0.4818 0.8724 0.0824
vn -0.8356 0.3385 0.4326
vn -0.7393 0.5759 0.3490
vn -0.4928 0.8328 0.2521
vn -0.5525 0.5065 0.6620
vn -0.4285 0.7464 0.5093
vn -0.6039 0.2830 0.7451
vn -0.8683 0.0258 0.4953
vn -0.8638 0.1643 0.4762
vn -0.6153 0.1277 0.7778
vn -0.6144 0.0071 0.7890
vn 0.2086 -0.9548 -0.2118
vn 0.2226 -0.9683 -0.1130
vn 0.0731 -0.9938 -0.0837
vn 0.0981 -0.9681 -0.2305
vn -0.0001 -0.9965 -0.0842
vn 0.0750 -0.9966 -0.0343
vn -0.0003 -0.9995 -0.0326
vn 0.2138 -0.9757 -0.0479
vn -0.0732 -0.9938 -0.0836
vn -0.0980 -0.9681 -0.2305
vn -0.2215 -0.9685 -0.1134
vn -0.2078 -0.9549 -0.2120
vn -0.0754 -0.9966 -0.0342
vn -0.2126 -0.9759 -0.0486
vn -0.0007 -0.9999 -0.0117
vn -0.0756 -0.9971 -0.0124
vn -0.2066 -0.9783 -0.0172
vn -0.0753 -0.9972 -0.0000
vn -0.2043 -0.9789 0.0002
vn -0.0008 -1.0000 0.0001
vn 0.2073 -0.9781 -0.0168
vn 0.0747 -0.9971 -0.0125
vn 0.0741 -0.9972 -0.0000
vn 0.2043 -0.9789 -0.0003
vn -0.2898 -0.0017 0.9571
vn -0.2892 0.1075 0.9512
vn -0.2803 0.2558 0.9252
vn 0.0001 0.1035 0.9946
vn 0.0002 0.2538 0.9673
vn -0.2472 0.4915 0.8351
vn -0.2058 0.7995 0.5644
vn 0.0007 0.5048 0.8632
vn 0.0042 0.8164 0.5775
vn 0.2778 0.2544 0.9263
vn 0.2458 0.4909 0.8358
vn 0.2113 0.7982 0.5642
vn 0.5443 0.5026 0.6717
vn 0.4259 0.7449 0.5135
vn 0.5946 0.2764 0.7550
vn 0.2882 -0.0033 0.9576
vn 0.2871 0.1058 0.9521
vn 0.6075 0.1193 0.7853
vn 0.6082 -0.0008 0.7938
vn 0.9978 0.0261 0.0605
vn 0.9784 -0.1974 0.0609
vn 0.9810 -0.1941 0.0015
vn 0.8140 -0.5786 0.0515
vn 0.8149 -0.5796 -0.0005
vn 0.9557 -0.1966 0.2189
vn 0.8077 -0.5604 0.1833
vn 0.9751 0.0171 0.2210
vn 0.4726 -0.8807 0.0316
vn 0.4708 -0.8822 -0.0008
vn 0.2049 -0.9786 0.0181
vn 0.4837 -0.8682 0.1103
vn 0.2091 -0.9762 0.0567
vn 0.7432 -0.5156 0.4264
vn 0.4812 -0.8319 0.2764
vn 0.2155 -0.9662 0.1415
vn 0.3720 -0.7835 0.4978
vn 0.1924 -0.9439 0.2684
vn 0.5398 -0.4602 0.7049
vn 0.8651 0.0063 0.5016
vn 0.8501 -0.1841 0.4933
vn 0.5999 -0.1641 0.7831
vn 0.0741 -0.9972 0.0139
vn -0.0006 -0.9999 0.0131
vn 0.0738 -0.9964 0.0413
vn -0.0003 -0.9992 0.0395
vn -0.0751 -0.9971 0.0138
vn -0.2052 -0.9785 0.0192
vn -0.0743 -0.9964 0.0411
vn -0.2096 -0.9761 0.0575
vn -0.0001 -0.9944 0.1060
vn -0.0712 -0.9919 0.1050
vn -0.2161 -0.9661 0.1415
vn -0.0900 -0.9545 0.2844
vn -0.1929 -0.9439 0.2682
vn 0.0710 -0.9919 0.1052
vn 0.0899 -0.9545 0.2845
vn -0.1527 0.9848 0.0823
vn -0.2183 0.8757 0.4307
vn 0.0184 0.9976 0.0662
vn 0.0222 0.9015 0.4322
vn -0.1806 0.9823 0.0489
vn 0.0155 0.9992 0.0373
vn 0.1866 0.9786 0.0868
vn 0.2673 0.8583 0.4380
vn 0.4984 0.8613 0.0992
vn 0.2067 0.9770 0.0527
vn 0.4964 0.8634 0.0906
vn 0.0104 0.9750 0.2221
vn 0.2104 0.9529 0.2183
vn 0.4975 0.8268 0.2624
vn -0.1939 0.9565 0.2178
vn 0.7804 0.6215 0.0684
vn 0.9212 0.3850 0.0552
vn 0.7704 0.6227 0.1370
vn 0.9119 0.3682 0.1813
vn 0.9815 0.1827 0.0579
vn 0.9631 0.1695 0.2092
vn 0.8322 0.3243 0.4497
vn 0.8607 0.1445 0.4882
vn 0.7357 0.5694 0.3668
vn -0.1695 -0.7744 0.6096
vn -0.3739 -0.7826 0.4977
vn -0.2547 -0.4343 0.8640
vn -0.5434 -0.4567 0.7043
vn -0.2850 -0.1501 0.9467
vn -0.6046 -0.1579 0.7807
vn 0.2539 -0.4349 0.8639
vn 0.2839 -0.1512 0.9469
vn 0.1692 -0.7745 0.6095
vn -0.4737 -0.8799 0.0374
vn -0.4695 -0.8829 0.0015
vn -0.8180 -0.5714 0.0657
vn -0.8152 -0.5792 0.0065
vn -0.4860 -0.8664 0.1149
vn -0.8125 -0.5501 0.1931
vn -0.9808 -0.1772 0.0817
vn -0.9827 -0.1844 0.0145
vn -0.9574 -0.1741 0.2304
vn -0.7484 -0.5071 0.4276
vn -0.8543 -0.1683 0.4917
vn -0.4840 -0.8300 0.2773
vn -0.5012 -0.8348 -0.2278
vn -0.4111 -0.8086 -0.4210
vn -0.7769 -0.5150 -0.3623
vn -0.6116 -0.4838 -0.6260
vn -0.4913 -0.8655 -0.0975
vn -0.8153 -0.5557 -0.1625
vn -0.8883 -0.1855 -0.4201
vn -0.6886 -0.1735 -0.7041
vn -0.9617 -0.1971 -0.1906
vn -0.8157 -0.5763 -0.0501
vn -0.9794 -0.1949 -0.0524
vn -0.4753 -0.8792 -0.0319
vn 0.2022 -0.8212 -0.5337
vn 0.4141 -0.8073 -0.4205
vn 0.3174 -0.4867 -0.8139
vn 0.6166 -0.4802 -0.6239
vn 0.0001 -0.4972 -0.8676
vn 0.3647 -0.1710 -0.9153
vn 0.6943 -0.1694 -0.6994
vn 0.0001 -0.1737 -0.9848
vn -0.3162 -0.4874 -0.8140
vn -0.3628 -0.1717 -0.9159
vn -0.2016 -0.8214 -0.5336
vn 0.4796 -0.8770 -0.0301
vn 0.8207 -0.5694 -0.0473
vn 0.4973 -0.8624 -0.0944
vn 0.8237 -0.5452 -0.1557
vn 0.9801 -0.1917 -0.0517
vn 0.9656 -0.1863 -0.1816
vn 0.7851 -0.5064 -0.3566
vn 0.8949 -0.1759 -0.4101
vn 0.5067 -0.8320 -0.2257
vn 0.9693 -0.2347 -0.0735
vn 0.9703 -0.2362 -0.0515
vn 0.9245 -0.2145 0.3151
vn 0.9446 -0.1572 0.2880
vn 0.7363 -0.1538 0.6590
vn 0.7656 -0.0337 0.6425
vn 0.4071 -0.0817 0.9097
vn 0.4251 0.0852 0.9011
vn 0.0041 -0.0243 0.9997
vn 0.0187 0.1527 0.9881
vn -0.3934 0.0137 0.9193
vn -0.3794 0.1677 0.9099
vn -0.7278 0.0351 0.6849
vn -0.7251 0.1368 0.6749
vn -0.9371 0.0448 0.3462
vn -0.9387 0.0845 0.3341
vn -0.9980 0.0545 -0.0311
vn -0.9982 0.0447 -0.0394
vn -0.9153 0.0692 -0.3968
vn -0.9162 0.0252 -0.3998
vn -0.7026 0.0838 -0.7066
vn -0.7090 0.0192 -0.7049
vn -0.3819 0.0818 -0.9206
vn -0.3908 0.0072 -0.9204
vn 0.0030 0.0419 -0.9991
vn -0.0020 -0.0370 -0.9993
vn 0.3842 -0.0379 -0.9225
vn 0.3811 -0.1161 -0.9172
vn 0.6934 -0.1332 -0.7082
vn 0.6840 -0.2002 -0.7014
vn 0.8914 -0.2072 -0.4031
vn 0.8783 -0.2477 -0.4090
vn 0.7012 -0.0891 -0.7073
vn 0.8982 -0.1352 -0.4182
vn 0.9883 -0.1228 -0.0906
vn -0.0034 0.0453 -0.9990
vn 0.3888 -0.0182 -0.9212
vn -0.7120 0.0923 -0.6960
vn -0.3962 0.0824 -0.9145
vn -0.9926 0.1129 -0.0450
vn -0.9139 0.0934 -0.3951
vn -0.7142 0.3425 0.6104
vn -0.9341 0.1923 0.3008
vn 0.0258 0.4851 0.8741
vn -0.3401 0.4643 0.8178
vn 0.7847 0.1978 0.5874
vn 0.4042 0.4029 0.8212
vn 0.9677 -0.0135 0.2516
vn 0.4494 -0.8594 -0.2438
vn 0.1748 -0.7861 -0.5928
vn 0.5427 -0.8398 -0.0103
vn -0.1406 -0.0776 0.9870
vn -0.2505 -0.0447 0.9671
vn -0.5195 0.1795 0.8354
vn -0.3944 0.1201 0.9110
vn -0.4339 0.0754 0.8978
vn -0.5637 0.1229 0.8168
vn -0.4809 -0.0720 0.8738
vn -0.6148 -0.0322 0.7880
vn -0.9071 0.2549 0.3349
vn -0.9589 0.2811 -0.0385
vn -0.0521 -0.5507 -0.8331
vn -0.0539 -0.4376 -0.8975
vn -0.1811 -0.0611 -0.9816
vn -0.1958 -0.1779 -0.9644
vn -0.3273 -0.0179 -0.9448
vn -0.3488 -0.1624 -0.9230
vn -0.6287 0.2056 0.7500
vn -0.6590 0.2469 0.7104
vn -0.4806 0.1090 0.8701
vn 0.4635 -0.8601 0.2132
vn -0.3548 0.0203 0.9347
vn -0.4080 0.1003 -0.9075
vn -0.4506 0.0305 -0.8922
vn -0.4748 -0.1466 -0.8678
vn -0.7039 0.1716 0.6892
vn -0.7501 -0.0003 0.6613
vn -0.8608 0.3438 -0.3752
vn -0.8705 0.3060 -0.3853
vn -0.7521 0.2745 -0.5992
vn -0.7481 0.2195 -0.6262
vn -0.8873 0.2479 -0.3889
vn -0.7414 0.1662 -0.6502
vn -0.3656 0.0115 -0.9307
vn -0.4912 0.0975 -0.8656
vn -0.3018 -0.1647 -0.9391
vn -0.4413 -0.0347 -0.8967
vn -0.3530 -0.1004 -0.9302
vn -0.1564 -0.2731 -0.9492
vn -0.5576 0.0474 -0.8288
vn -0.5993 0.1013 -0.7941
vn -0.6228 0.1889 -0.7592
vn -0.3271 0.0328 -0.9444
vn -0.3994 -0.0220 -0.9165
vn -0.3517 0.1461 -0.9246
vn -0.3210 0.2051 -0.9246
vn -0.3320 0.4738 -0.8156
vn -0.2979 0.5595 -0.7734
vn -0.2296 0.0215 -0.9730
vn -0.2165 0.3669 -0.9047
vn -0.3583 -0.2286 -0.9052
vn -0.6150 -0.1498 0.7742
vn -0.6577 0.0586 0.7510
vn -0.5745 0.2214 0.7880
vn -0.4379 0.1627 0.8842
vn -0.4595 0.4811 0.7466
vn -0.3362 0.5025 0.7966
vn -0.5174 0.2763 0.8099
vn -0.4509 0.4412 0.7759
vn -0.5781 0.1542 0.8013
vn -0.8791 -0.1201 0.4612
vn -0.7834 -0.0974 0.6138
vn -0.7781 -0.0440 0.6266
vn -0.8726 -0.0811 0.4817
vn -0.7591 -0.0177 0.6508
vn -0.8579 -0.0709 0.5089
vn -0.6805 -0.0171 0.7325
vn -0.6614 0.0300 0.7494
vn -0.6783 -0.0919 0.7290
vn -0.3479 -0.1739 -0.9213
vn -0.4773 -0.1953 -0.8568
vn -0.4736 -0.1135 -0.8734
vn -0.3426 -0.0907 -0.9351
vn -0.4656 -0.0820 -0.8812
vn -0.3347 -0.0635 -0.9402
vn -0.6163 -0.1411 -0.7748
vn -0.6102 -0.1109 -0.7844
vn -0.6108 -0.2172 -0.7614
vn -0.7221 -0.0025 0.6918
vn -0.8118 -0.1122 0.5730
vn -0.6274 0.0752 0.7751
vn -0.4458 -0.0739 -0.8921
vn -0.3307 -0.0442 -0.9427
vn -0.5666 -0.1457 -0.8110
vn -0.3948 0.1087 0.9123
vn -0.2100 0.1283 0.9692
vn -0.2005 0.2212 0.9544
vn -0.3671 0.1941 0.9097
vn -0.1913 0.3072 0.9322
vn -0.3311 0.2815 0.9006
vn -0.4015 -0.1118 0.9090
vn -0.2151 -0.1162 0.9696
vn -0.2165 0.0156 0.9762
vn -0.4083 0.0088 0.9128
vn -0.2224 0.8002 0.5569
vn -0.2460 0.7080 0.6619
vn -0.1538 0.7407 0.6540
vn -0.1265 0.8506 0.5103
vn -0.1714 0.5742 0.8006
vn -0.2635 0.5504 0.7922
vn -0.1828 0.4136 0.8919
vn -0.2933 0.3904 0.8727
vn -0.1209 0.9818 -0.1467
vn -0.0883 0.9957 0.0264
vn -0.0316 0.9993 0.0182
vn -0.0422 0.9943 -0.0977
vn -0.0503 0.9823 0.1805
vn -0.1132 0.9636 0.2421
vn -0.8911 -0.1585 -0.4252
vn -0.9682 -0.1582 -0.1939
vn -0.9320 -0.3115 -0.1854
vn -0.8502 -0.2959 -0.4355
vn -0.6778 -0.7283 -0.1010
vn -0.5945 -0.6813 -0.4271
vn -0.9507 -0.2973 0.0879
vn -0.7063 -0.6649 0.2429
vn -0.9874 -0.1469 0.0585
vn -0.8657 -0.2326 -0.4433
vn -0.9496 -0.2184 -0.2249
vn -0.9636 -0.1724 -0.2045
vn -0.8845 -0.1772 -0.4317
vn -0.9872 -0.1528 0.0462
vn -0.9815 -0.1904 0.0223
vn -0.1723 0.9167 -0.3605
vn -0.1498 0.9883 -0.0294
vn -0.1406 0.9899 0.0203
vn -0.1836 0.9536 -0.2385
vn -0.1602 0.9353 0.3156
vn -0.1607 0.9267 0.3397
vn -0.4529 0.2269 0.8622
vn -0.3879 0.3416 0.8561
vn -0.3408 0.5144 0.7869
vn -0.3314 0.6552 0.6789
vn -0.2993 0.7071 0.6406
vn -0.5558 -0.1007 0.8252
vn -0.5644 -0.0010 0.8255
vn -0.5464 0.0737 0.8343
vn -0.5077 0.1411 0.8499
vn -0.1849 -0.0500 -0.9815
vn -0.1802 -0.0336 -0.9831
vn -0.1828 0.0398 -0.9823
vn -0.1955 -0.1580 -0.9679
vn -0.1921 -0.0748 -0.9785
vn -0.1878 0.2185 -0.9576
vn -0.1665 0.6064 -0.7775
vn -0.2056 -0.1944 0.9591
vn -0.3771 -0.1802 0.9085
vn -0.5232 -0.1542 0.8382
vn -0.6533 -0.1265 0.7465
vn -0.1965 -0.2235 -0.9547
vn -0.3492 -0.2315 -0.9080
vn -0.5998 -0.2502 -0.7600
vn -0.4758 -0.2419 -0.8457
vn -0.2088 0.7119 -0.6705
vn -0.2719 0.8032 -0.5301
vn -0.2115 0.8813 -0.4225
vn -0.7465 -0.2317 -0.6237
vn -0.7627 -0.1657 -0.6252
vn -0.7646 -0.1425 -0.6285
vn -0.7169 -0.2390 -0.6550
vn -0.4714 -0.5313 -0.7039
vn -0.0985 0.9241 -0.3691
vn -0.2067 0.7403 0.6397
vn -0.2253 0.8001 0.5559
vn -0.1709 0.8798 0.4436
vn -0.0881 0.9269 0.3650
vn -0.9446 -0.1189 0.3058
vn -0.9034 -0.2317 0.3608
vn -0.6798 -0.4826 0.5522
vn -0.9525 -0.1542 0.2626
vn -0.9506 -0.1205 0.2862
vn -0.7729 -0.1118 0.6246
vn -0.8803 -0.1179 0.4595
vn -0.9585 -0.1433 0.2463
vn -0.9836 -0.1800 -0.0070
vn -0.9418 -0.2146 -0.2587
vn -0.8489 -0.2388 -0.4715
vn -0.7276 -0.2505 -0.6387
vn -0.8329 -0.5257 0.1729
vn -0.8556 -0.2849 0.4322
vn -0.7635 -0.4954 0.4143
vn -0.8494 -0.4955 0.1815
vn -0.6849 -0.6949 0.2193
vn -0.9697 -0.1775 -0.1681
vn -0.4965 -0.3756 0.7826
vn -0.3238 -0.8377 0.4399
vn -0.6048 0.2366 0.7605
vn -0.2959 0.0701 -0.9526
vn -0.3109 0.4218 -0.8517
vn -0.2898 0.4043 -0.8675
vn -0.2605 0.0328 -0.9649
vn -0.2195 0.4134 -0.8837
vn -0.1801 0.0362 -0.9830
vn -0.2822 0.7205 -0.6334
vn -0.2263 0.7272 -0.6480
vn -0.2940 0.7369 -0.6087
vn -0.0219 -0.9981 -0.0576
vn -0.1106 -0.9123 -0.3944
vn -0.0082 -0.9059 -0.4234
vn 0.0909 -0.9938 -0.0637
vn 0.0575 -0.9010 -0.4301
vn 0.1380 -0.9885 -0.0623
vn -0.1076 -0.6775 -0.7276
vn -0.0312 -0.6741 -0.7379
vn -0.1848 -0.6772 -0.7122
vn 0.1519 0.0226 0.9881
vn 0.1901 -0.3650 0.9114
vn 0.2482 -0.3998 0.8824
vn 0.2088 -0.0211 0.9777
vn 0.2196 -0.4218 0.8797
vn 0.1762 -0.0452 0.9833
vn 0.2394 -0.7243 0.6466
vn 0.2276 -0.7305 0.6439
vn 0.1707 -0.7239 0.6684
vn -0.1789 0.9821 0.0591
vn -0.0825 0.9037 0.4201
vn -0.0623 0.8983 0.4349
vn -0.1640 0.9845 0.0630
vn -0.0758 0.8923 0.4450
vn -0.1532 0.9863 0.0607
vn 0.0436 0.6718 0.7394
vn 0.0174 0.6587 0.7522
vn 0.0105 0.6865 0.7270
vn -0.1352 0.4382 -0.8887
vn -0.0920 0.0560 -0.9942
vn -0.0753 0.4968 -0.8646
vn -0.0309 0.1156 -0.9928
vn -0.1571 0.7497 -0.6428
vn -0.1086 0.7936 -0.5987
vn 0.0876 -0.8987 -0.4298
vn 0.1346 -0.9889 -0.0623
vn 0.0682 -0.8797 -0.4706
vn 0.0767 -0.9907 -0.1120
vn 0.0275 -0.6670 -0.7446
vn 0.0456 -0.6271 -0.7776
vn 0.1388 -0.4523 0.8810
vn 0.0947 -0.0736 0.9928
vn 0.0147 -0.5161 0.8564
vn -0.0138 -0.1323 0.9911
vn 0.1628 -0.7514 0.6395
vn 0.0477 -0.8018 0.5956
vn -0.0920 0.8755 0.4743
vn -0.1382 0.9875 0.0753
vn -0.0979 0.8342 0.5427
vn -0.1204 0.9827 0.1406
vn -0.0264 0.6263 0.7791
vn -0.0659 0.5640 0.8232
vn -0.1653 0.9147 0.3688
vn -0.2184 0.9239 0.3141
vn -0.1247 0.9205 0.3704
vn -0.1822 0.9799 0.0815
vn -0.0499 0.7557 0.6530
vn -0.1409 0.9871 0.0766
vn 0.0747 0.0328 0.9967
vn 0.0340 -0.1496 0.9882
vn 0.1224 -0.2612 0.9575
vn 0.0767 0.0961 0.9924
vn 0.1322 -0.6714 0.7292
vn 0.2732 -0.4091 0.8706
vn -0.0860 -0.9428 -0.3221
vn -0.2457 -0.9178 -0.3120
vn -0.1915 -0.9115 -0.3639
vn -0.1124 -0.9889 -0.0972
vn -0.2146 -0.6823 -0.6988
vn -0.0908 -0.7207 -0.6873
vn -0.1904 0.6985 -0.6899
vn -0.3472 0.5362 -0.7694
vn -0.2923 0.4893 -0.8217
vn -0.2595 0.2431 -0.9346
vn -0.2762 0.7507 -0.6002
vn -0.2719 0.5792 -0.7685
vn -0.0090 0.0748 -0.9972
vn -0.2200 -0.1698 -0.9606
vn -0.2503 -0.3036 -0.9193
vn 0.1500 0.6513 0.7438
vn 0.0261 0.4809 0.8764
vn 0.0879 0.3839 0.9192
vn 0.1056 0.3338 0.9367
vn 0.0384 0.3046 0.9517
vn -0.0373 0.2462 0.9685
vn -0.1143 -0.3437 -0.9321
vn -0.0352 -0.3292 -0.9436
vn 0.0116 -0.2740 -0.9617
vn 0.1363 0.3517 0.9261
vn -0.1968 -0.3425 -0.9187
vn -0.4759 -0.5700 0.6698
vn -0.3543 -0.9285 0.1114
vn -0.8318 -0.5010 0.2389
vn -0.8374 -0.5008 0.2189
vn -0.9475 -0.3143 0.0597
vn -0.2793 -0.8301 -0.4827
vn -0.5014 -0.0493 -0.8638
vn -0.9738 -0.2159 -0.0718
vn -0.8419 -0.5272 -0.1150
vn -0.5088 -0.6255 -0.5915
vn -0.7151 -0.6977 0.0438
vn -0.4068 -0.9134 0.0115
vn 0.2817 -0.9317 0.2293
vn 0.0305 -0.9562 0.2912
vn 0.0848 -0.9473 0.3088
vn -0.1028 0.9705 -0.2181
vn -0.2258 0.9410 -0.2519
vn -0.2505 0.9253 -0.2847
vn -0.2029 0.9257 -0.3193
vn -0.1574 0.9374 -0.3108
vn -0.1235 0.9586 -0.2564
vn 0.1983 -0.9286 0.3137
vn 0.1612 -0.9370 0.3100
vn 0.0700 -0.9639 0.2570
vn -0.2395 0.9212 -0.3068
vn 0.1805 -0.9334 0.3103
vn -0.8532 -0.4941 0.1670
vn -0.7511 -0.5352 0.3866
vn -0.9449 0.3056 0.1174
vn -0.7081 0.3787 0.5959
vn -0.1362 -0.5085 0.8502
vn -0.4250 -0.4016 0.8112
vn -0.6732 -0.6819 0.2860
vn -0.2037 -0.9389 0.2773
vn -0.2763 -0.8609 -0.4272
vn -0.5645 -0.7467 -0.3519
vn -0.7212 -0.1480 -0.6768
vn -0.2920 -0.2883 -0.9119
vn -0.1077 -0.9757 0.1906
vn -0.1415 -0.8778 -0.4576
vn -0.1773 0.1731 0.9688
vn 0.0346 0.1336 0.9904
vn -0.0296 -0.6046 0.7960
vn -0.7524 0.2092 -0.6246
vn -0.8597 -0.0047 -0.5107
vn -0.9830 0.1623 0.0857
vn -0.7886 0.6127 -0.0518
vn -0.3470 -0.4037 -0.8466
vn -0.5582 -0.6363 -0.5324
vn -0.4831 0.6943 0.5334
vn 0.0128 0.3530 0.9356
vn -0.0950 0.2083 0.9734
vn -0.5674 -0.6322 -0.5276
vn -0.4482 -0.3501 -0.8225
vn -0.8055 0.2880 -0.5179
vn -0.1943 0.5292 -0.8260
vn -0.4567 0.5104 -0.7286
vn -0.5208 0.8357 -0.1741
vn -0.0544 0.9698 -0.2376
vn -0.0408 0.8779 0.4770
vn -0.3122 0.8453 0.4335
vn -0.5381 0.2920 0.7907
vn -0.0734 0.2433 0.9672
vn 0.0024 0.9761 -0.2173
vn 0.0414 0.8468 0.5304
vn -0.2700 -0.3411 -0.9004
vn -0.1692 -0.3623 -0.9166
vn -0.1158 0.5044 -0.8557
vn -0.7483 0.6633 -0.0050
vn 0.4451 -0.4270 0.7872
vn 0.2072 -0.5775 0.7896
vn 0.1186 -0.9569 0.2652
vn 0.5491 -0.8223 0.1493
vn 0.4896 -0.3081 0.8157
vn -0.6905 0.3520 0.6319
vn -0.5217 0.6065 0.6001
vn -0.6991 0.3753 -0.6086
vn -0.3441 0.8933 0.2892
vn -0.4221 -0.9012 -0.0988
vn -0.1269 -0.9895 -0.0685
vn -0.3623 -0.3080 0.8797
vn -0.1023 -0.7612 0.6404
vn -0.6746 0.7284 0.1198
vn -0.3905 0.5872 -0.7090
vn -0.9870 0.1356 0.0867
vn -0.6976 -0.6560 0.2882
vn -0.3548 -0.1860 0.9163
vn 0.0430 -0.9306 -0.3634
vn -0.7839 -0.1078 -0.6115
vn -0.7884 -0.5899 -0.1746
vn -0.8945 0.0525 0.4440
vn -0.8138 0.5090 -0.2805
vn -0.2966 0.6415 0.7074
vn -0.3933 0.9114 0.1206
vn -0.3400 -0.4567 0.8221
vn -0.0198 0.1426 0.9896
vn -0.4139 -0.8727 0.2590
vn -0.5284 -0.7923 0.3051
vn -0.7896 -0.2513 0.5598
vn -0.9582 -0.0124 -0.2857
vn -0.5339 -0.7510 -0.3885
vn -0.3783 0.2366 -0.8949
vn -0.2056 -0.3941 -0.8958
vn -0.6886 0.7235 0.0496
vn -0.3261 0.7749 -0.5415
vn -0.6549 0.3739 0.6568
vn -0.0196 0.1956 0.9805
vn 0.2176 -0.8360 -0.5037
vn 0.5501 -0.8220 0.1476
vn 0.1495 -0.8223 -0.5491
vn -0.1356 0.9907 0.0061
vn 0.1833 0.7515 0.6337
vn 0.2461 0.1082 0.9632
vn 0.0888 -0.6559 0.7496
vn 0.2879 0.7299 0.6200
vn 0.2992 0.0403 0.9533
vn -0.3415 0.5869 -0.7341
vn -0.0135 0.9993 -0.0352
vn -0.2577 -0.8670 0.4265
vn -0.0776 -0.9542 -0.2890
vn 0.0732 -0.4451 -0.8925
vn 0.1000 0.3071 -0.9464
vn -0.0089 -0.9900 -0.1411
vn 0.1353 -0.5755 -0.8065
vn -0.3092 -0.3312 0.8914
vn -0.1812 -0.8543 0.4872
vn -0.0654 0.8683 -0.4918
vn -0.2825 0.9176 0.2797
vn -0.3995 0.3985 0.8256
vn -0.3758 -0.3173 0.8707
vn -0.1676 0.9137 0.3702
vn -0.2988 0.3621 0.8829
vn 0.1573 0.2449 -0.9567
vn 0.0274 0.8847 -0.4653
vn -0.1525 -0.9872 -0.0466
vn -0.3415 -0.6995 -0.6277
vn -0.1745 -0.9784 0.1107
vn -0.4109 -0.7501 -0.5182
vn 0.0797 -0.7694 0.6338
vn -0.4617 0.6072 -0.6466
vn -0.5465 -0.1232 -0.8283
vn -0.4172 -0.1064 -0.9026
vn -0.0696 -0.5057 -0.8599
vn -0.1059 -0.7985 -0.5926
vn -0.1519 -0.9539 -0.2587
vn -0.1979 -0.9742 0.1085
vn -0.2390 -0.8509 0.4678
vn -0.2698 -0.5934 0.7583
vn -0.2490 -0.2091 0.9457
vn -0.1968 0.1690 0.9658
vn -0.1628 0.4873 0.8579
vn -0.1371 0.7662 0.6278
vn -0.1299 0.9569 0.2597
vn -0.1262 0.9815 -0.1440
vn -0.1181 0.8595 -0.4974
vn -0.0971 0.6004 -0.7938
vn -0.0622 0.2315 -0.9708
vn -0.0471 -0.1440 -0.9885
vn -0.2057 -0.8735 -0.4412
vn -0.1526 -0.9576 0.2442
vn -0.0778 -0.5533 0.8294
vn 0.0047 0.8671 0.4982
vn -0.0257 0.9743 -0.2239
vn -0.1499 0.5280 -0.8359
vn 0.2794 0.0841 0.9565
vn 0.2351 0.7420 0.6278
vn -0.0705 0.9975 -0.0108
vn 0.1185 -0.4810 -0.8687
vn -0.0287 -0.9702 -0.2407
vn -0.2139 -0.8659 0.4522
vn -0.3471 0.3810 0.8569
vn -0.2245 0.9187 0.3249
vn -0.0171 0.8797 -0.4751
vn -0.2281 -0.3154 -0.9211
vn 0.1293 0.2955 -0.9466
vn -0.3421 -0.3256 0.8815
vn -0.1538 -0.9872 0.0422
vn 0.0971 -0.7017 0.7059
vn -0.3991 0.6055 -0.6885
vn -0.4801 -0.1198 -0.8690
vn -0.3718 -0.7343 -0.5680
vn -0.0154 0.1972 0.9802
vn -0.4945 0.6528 0.5738
vn -0.7694 0.6379 -0.0321
vn -0.7757 0.2448 -0.5816
vn 0.4781 -0.3768 0.7934
vn 0.0128 0.2669 0.9636
vn 0.1935 -0.8305 -0.5223
vn 0.5502 -0.8224 0.1446
vn -0.3882 -0.3823 -0.8386
vt 0.682955 0.307741
vt 0.659409 0.305069
vt 0.657760 0.285549
vt 0.679838 0.287247
vt 0.636204 0.303744
vt 0.634778 0.284489
vt 0.633501 0.266225
vt 0.655634 0.266832
vt 0.676720 0.266754
vt 0.632673 0.249449
vt 0.653752 0.249793
vt 0.632397 0.230883
vt 0.652598 0.231158
vt 0.671071 0.234743
vt 0.673896 0.250748
vt 0.548461 0.267866
vt 0.552022 0.252915
vt 0.569651 0.251683
vt 0.567346 0.268372
vt 0.555583 0.237964
vt 0.571567 0.232831
vt 0.590397 0.231962
vt 0.588869 0.250716
vt 0.587351 0.267351
vt 0.675348 0.889449
vt 0.653113 0.886173
vt 0.656799 0.861305
vt 0.677959 0.865632
vt 0.616617 0.879929
vt 0.622036 0.854554
vt 0.643406 0.831906
vt 0.661792 0.836677
vt 0.680178 0.841447
vt 0.625817 0.934566
vt 0.648157 0.936146
vt 0.646845 0.960300
vt 0.625457 0.958033
vt 0.670226 0.937917
vt 0.668501 0.962107
vt 0.666581 0.986768
vt 0.645838 0.984134
vt 0.625096 0.981499
vt 0.712356 0.939727
vt 0.730058 0.940630
vt 0.729080 0.963838
vt 0.711399 0.963400
vt 0.749719 0.940808
vt 0.748603 0.964171
vt 0.743523 0.987474
vt 0.728106 0.987595
vt 0.712689 0.987716
vt 0.069788 0.361626
vt 0.065669 0.339187
vt 0.087710 0.335324
vt 0.091763 0.356534
vt 0.061549 0.316748
vt 0.083426 0.314991
vt 0.104155 0.311875
vt 0.109093 0.331381
vt 0.113769 0.352153
vt 0.610442 0.249871
vt 0.610037 0.266450
vt 0.611166 0.231353
vt 0.649813 0.911153
vt 0.613572 0.905414
vt 0.672614 0.913617
vt 0.391222 0.833043
vt 0.431938 0.842382
vt 0.427520 0.865100
vt 0.387344 0.854492
vt 0.488979 0.855044
vt 0.483226 0.878981
vt 0.468152 0.901484
vt 0.420687 0.886239
vt 0.373223 0.870994
vt 0.617825 0.593107
vt 0.628792 0.551137
vt 0.652072 0.552988
vt 0.639668 0.595401
vt 0.638855 0.492585
vt 0.663310 0.494922
vt 0.694309 0.506057
vt 0.674524 0.557053
vt 0.654738 0.608049
vt 0.258242 0.608750
vt 0.244969 0.572161
vt 0.268673 0.566286
vt 0.280898 0.604671
vt 0.225314 0.519537
vt 0.250025 0.512991
vt 0.279496 0.514275
vt 0.293131 0.562733
vt 0.306766 0.611191
vt 0.749526 0.168013
vt 0.758055 0.206099
vt 0.734886 0.205388
vt 0.727132 0.166732
vt 0.764805 0.260742
vt 0.740468 0.259882
vt 0.723467 0.249803
vt 0.713135 0.202544
vt 0.702802 0.155285
vt 0.556715 0.868701
vt 0.551800 0.893561
vt 0.546985 0.918025
vt 0.641367 0.423225
vt 0.664333 0.424444
vt 0.639442 0.362134
vt 0.661141 0.361730
vt 0.679126 0.344726
vt 0.686718 0.425391
vt 0.200552 0.455327
vt 0.224570 0.447734
vt 0.178093 0.397886
vt 0.200576 0.389435
vt 0.216595 0.365486
vt 0.248046 0.439880
vt 0.763082 0.330047
vt 0.736499 0.330589
vt 0.753898 0.405342
vt 0.727199 0.408810
vt 0.700500 0.412278
vt 0.711983 0.331041
vt 0.179723 0.548287
vt 0.149798 0.471917
vt 0.175633 0.463595
vt 0.201088 0.528803
vt 0.119872 0.395546
vt 0.153140 0.404057
vt 0.487973 0.800184
vt 0.565690 0.816045
vt 0.561025 0.842694
vt 0.492173 0.829094
vt 0.217606 0.631961
vt 0.198664 0.590124
vt 0.221522 0.579927
vt 0.236191 0.615707
vt 0.381400 0.782047
vt 0.434687 0.791116
vt 0.434489 0.817525
vt 0.392087 0.809118
vt 0.826572 0.250056
vt 0.824690 0.331733
vt 0.792890 0.330941
vt 0.792403 0.260068
vt 0.822808 0.413411
vt 0.788353 0.409376
vt 0.590894 0.501452
vt 0.591726 0.421698
vt 0.616847 0.422603
vt 0.613726 0.492789
vt 0.592558 0.341943
vt 0.615833 0.360225
vt 0.792212 0.155505
vt 0.809392 0.202780
vt 0.783163 0.205498
vt 0.772937 0.166703
vt 0.565061 0.604056
vt 0.577977 0.552754
vt 0.603887 0.550830
vt 0.593588 0.593145
vt 0.798332 0.036419
vt 0.798966 0.052613
vt 0.767054 0.053863
vt 0.766293 0.037088
vt 0.799710 0.069815
vt 0.768372 0.071586
vt 0.738918 0.073161
vt 0.736690 0.054948
vt 0.735727 0.037502
vt 0.800088 0.086381
vt 0.770025 0.088303
vt 0.798527 0.102985
vt 0.771056 0.103633
vt 0.745510 0.104845
vt 0.742456 0.089871
vt 0.718483 0.090905
vt 0.713012 0.074301
vt 0.723411 0.105622
vt 0.706077 0.106839
vt 0.696716 0.091821
vt 0.687355 0.076803
vt 0.710000 0.055432
vt 0.708790 0.037122
vt 0.685350 0.055497
vt 0.683345 0.034191
vt 0.240677 0.749455
vt 0.237857 0.728154
vt 0.263258 0.721570
vt 0.266452 0.740758
vt 0.235036 0.706853
vt 0.260864 0.701908
vt 0.284803 0.696763
vt 0.288485 0.716118
vt 0.292037 0.735202
vt 0.239269 0.690470
vt 0.260277 0.684917
vt 0.243503 0.674088
vt 0.259280 0.670483
vt 0.278133 0.666242
vt 0.281465 0.680189
vt 0.302779 0.677205
vt 0.308810 0.693227
vt 0.297144 0.663464
vt 0.313806 0.661359
vt 0.324073 0.675116
vt 0.334340 0.688873
vt 0.313788 0.712421
vt 0.317709 0.731478
vt 0.339382 0.709772
vt 0.344424 0.730671
vt 0.545830 0.730558
vt 0.547773 0.708872
vt 0.576785 0.712163
vt 0.575567 0.730792
vt 0.549716 0.687187
vt 0.578995 0.692654
vt 0.608136 0.696557
vt 0.606934 0.715540
vt 0.606021 0.733327
vt 0.556395 0.670996
vt 0.582616 0.675024
vt 0.563074 0.654805
vt 0.586014 0.659171
vt 0.610885 0.662246
vt 0.609600 0.678611
vt 0.637813 0.681793
vt 0.639022 0.700200
vt 0.636079 0.664543
vt 0.659758 0.665000
vt 0.667249 0.684862
vt 0.670562 0.703538
vt 0.639068 0.718886
vt 0.638425 0.736031
vt 0.671451 0.721847
vt 0.670987 0.738429
vt 0.701761 0.724092
vt 0.701337 0.740276
vt 0.700875 0.706350
vt 0.727368 0.708454
vt 0.728004 0.725580
vt 0.727589 0.741522
vt 0.698049 0.688503
vt 0.694290 0.670723
vt 0.728822 0.676445
vt 0.725806 0.691877
vt 0.746196 0.694248
vt 0.748395 0.709650
vt 0.743762 0.679669
vt 0.758702 0.682892
vt 0.762988 0.695992
vt 0.767274 0.709092
vt 0.749127 0.726408
vt 0.748809 0.742395
vt 0.767424 0.726921
vt 0.767574 0.744749
vt 0.310006 0.320704
vt 0.295807 0.324774
vt 0.298123 0.305723
vt 0.316014 0.305681
vt 0.275149 0.325916
vt 0.276205 0.305567
vt 0.277485 0.278975
vt 0.301329 0.279815
vt 0.321518 0.280624
vt 0.254647 0.322817
vt 0.254306 0.303640
vt 0.240790 0.317413
vt 0.236290 0.301890
vt 0.233179 0.276423
vt 0.253593 0.277545
vt 0.253892 0.246655
vt 0.278937 0.247908
vt 0.232371 0.245664
vt 0.233249 0.213315
vt 0.255063 0.214262
vt 0.280432 0.215445
vt 0.303907 0.249034
vt 0.325173 0.250078
vt 0.305716 0.216671
vt 0.327268 0.217786
vt 0.354162 0.677406
vt 0.354583 0.659853
vt 0.381177 0.658709
vt 0.381427 0.674632
vt 0.355004 0.642300
vt 0.381267 0.642431
vt 0.405820 0.641897
vt 0.406849 0.658195
vt 0.407441 0.674043
vt 0.359079 0.630089
vt 0.382013 0.628071
vt 0.363153 0.617878
vt 0.383034 0.614628
vt 0.402914 0.611378
vt 0.404333 0.626992
vt 0.425726 0.628071
vt 0.429245 0.642431
vt 0.421545 0.614628
vt 0.440176 0.617878
vt 0.446739 0.630089
vt 0.453303 0.642300
vt 0.431248 0.658709
vt 0.432165 0.674632
vt 0.455081 0.659853
vt 0.456858 0.677406
vt 0.798155 0.022752
vt 0.828818 0.022423
vt 0.829041 0.035816
vt 0.799136 0.010740
vt 0.829092 0.010580
vt 0.859048 0.010419
vt 0.856837 0.021812
vt 0.856980 0.035052
vt 0.355480 0.218139
vt 0.342753 0.218578
vt 0.343312 0.187809
vt 0.355283 0.187791
vt 0.328056 0.187177
vt 0.327018 0.160610
vt 0.341467 0.160685
vt 0.355086 0.157443
vt 0.335560 0.139395
vt 0.344937 0.137025
vt 0.323600 0.140166
vt 0.318823 0.128360
vt 0.324719 0.124106
vt 0.334788 0.116606
vt 0.881131 0.020596
vt 0.881581 0.033705
vt 0.880871 0.008907
vt 0.902694 0.007394
vt 0.903597 0.018931
vt 0.904500 0.030469
vt 0.306793 0.186031
vt 0.281830 0.184750
vt 0.283027 0.158000
vt 0.306846 0.159391
vt 0.256779 0.183652
vt 0.235254 0.182764
vt 0.238679 0.156409
vt 0.259110 0.157121
vt 0.261966 0.136451
vt 0.283936 0.136817
vt 0.243876 0.136374
vt 0.249608 0.125069
vt 0.263843 0.122170
vt 0.284514 0.121582
vt 0.305783 0.138535
vt 0.305004 0.124128
vt 0.197615 0.709644
vt 0.174589 0.700204
vt 0.175179 0.672070
vt 0.199527 0.675404
vt 0.151562 0.690764
vt 0.151166 0.670063
vt 0.150757 0.646120
vt 0.174978 0.645936
vt 0.201439 0.641164
vt 0.128969 0.700204
vt 0.127388 0.672070
vt 0.106376 0.709644
vt 0.103509 0.675404
vt 0.100642 0.641164
vt 0.126758 0.645936
vt 0.128256 0.625011
vt 0.150502 0.624884
vt 0.105911 0.624792
vt 0.111180 0.608420
vt 0.130706 0.606503
vt 0.150231 0.604586
vt 0.172982 0.625011
vt 0.195799 0.624792
vt 0.170196 0.606503
vt 0.190160 0.608420
vt 0.831097 0.084113
vt 0.832058 0.099352
vt 0.830358 0.068275
vt 0.858249 0.066803
vt 0.859599 0.081732
vt 0.865588 0.095719
vt 0.829634 0.051618
vt 0.857521 0.050635
vt 0.881963 0.049355
vt 0.882222 0.065317
vt 0.904490 0.047869
vt 0.904480 0.065269
vt 0.882302 0.079337
vt 0.882750 0.092282
vt 0.902196 0.077058
vt 0.899913 0.088846
vt 0.243839 0.120260
vt 0.262554 0.113186
vt 0.234055 0.111816
vt 0.259553 0.106205
vt 0.285051 0.100595
vt 0.284785 0.111474
vt 0.356632 0.700428
vt 0.355397 0.688917
vt 0.381997 0.687891
vt 0.382754 0.699656
vt 0.407808 0.687451
vt 0.408875 0.698883
vt 0.432185 0.687891
vt 0.431903 0.699656
vt 0.455895 0.688917
vt 0.454931 0.700428
vt 0.306748 0.115287
vt 0.309920 0.108600
vt 0.217338 0.212614
vt 0.219591 0.181925
vt 0.204199 0.210945
vt 0.207169 0.180748
vt 0.210138 0.150550
vt 0.223888 0.155094
vt 0.670874 0.764236
vt 0.670321 0.752137
vt 0.700633 0.753706
vt 0.700274 0.765502
vt 0.727055 0.754842
vt 0.729674 0.766768
vt 0.747899 0.755534
vt 0.747051 0.767171
vt 0.766001 0.756162
vt 0.764428 0.767575
vt 0.231678 0.134455
vt 0.222097 0.131183
vt 0.234515 0.323503
vt 0.223927 0.303418
vt 0.223845 0.334134
vt 0.214022 0.307006
vt 0.204199 0.279878
vt 0.218307 0.276738
vt 0.546302 0.757324
vt 0.546066 0.743941
vt 0.575000 0.745875
vt 0.574544 0.759066
vt 0.605155 0.748027
vt 0.602785 0.760808
vt 0.637648 0.750183
vt 0.636829 0.762522
vt 0.216684 0.245306
vt 0.204199 0.245412
vt 0.315395 0.327349
vt 0.296566 0.337241
vt 0.324577 0.338924
vt 0.298961 0.347202
vt 0.273345 0.355480
vt 0.274302 0.339987
vt 0.247707 0.775474
vt 0.244192 0.762464
vt 0.269602 0.756337
vt 0.272628 0.769885
vt 0.294968 0.751084
vt 0.297549 0.764296
vt 0.320303 0.747157
vt 0.322280 0.760895
vt 0.345718 0.744083
vt 0.347011 0.757495
vt 0.252371 0.335139
vt 0.248595 0.344807
vt 0.340405 0.251190
vt 0.352314 0.252455
vt 0.349147 0.286771
vt 0.335887 0.282329
vt 0.766009 0.022978
vt 0.765835 0.010578
vt 0.735279 0.022884
vt 0.732535 0.010416
vt 0.708717 0.022110
vt 0.708875 0.008905
vt 0.684280 0.020793
vt 0.685215 0.007394
vt 0.327809 0.308358
vt 0.336862 0.312848
vt 0.746016 0.131287
vt 0.770061 0.130487
vt 0.769595 0.144598
vt 0.745996 0.145413
vt 0.795614 0.129279
vt 0.793913 0.142392
vt 0.347961 0.867948
vt 0.350651 0.847592
vt 0.364718 0.849629
vt 0.360592 0.869471
vt 0.352685 0.826199
vt 0.367276 0.828288
vt 0.353623 0.802901
vt 0.368317 0.804922
vt 0.353921 0.778391
vt 0.367660 0.780219
vt 0.657627 0.636532
vt 0.634951 0.635078
vt 0.635143 0.619670
vt 0.656182 0.622291
vt 0.611921 0.633448
vt 0.612838 0.618035
vt 0.588130 0.631521
vt 0.589154 0.616866
vt 0.563809 0.629410
vt 0.564435 0.616733
vt 0.310604 0.636163
vt 0.290459 0.639002
vt 0.287115 0.625961
vt 0.308685 0.623677
vt 0.270408 0.642577
vt 0.265856 0.629910
vt 0.250365 0.647430
vt 0.244730 0.635441
vt 0.230239 0.653060
vt 0.223923 0.642510
vt 0.704048 0.131095
vt 0.724367 0.131395
vt 0.724250 0.145010
vt 0.703425 0.143190
vt 0.724783 0.118851
vt 0.705062 0.118967
vt 0.746436 0.118436
vt 0.255475 0.658424
vt 0.274404 0.653986
vt 0.236871 0.663574
vt 0.293404 0.650955
vt 0.312205 0.648761
vt 0.587534 0.644962
vt 0.611593 0.647420
vt 0.563442 0.642108
vt 0.635321 0.649318
vt 0.658693 0.650766
vt 0.327614 0.824385
vt 0.326963 0.799800
vt 0.340256 0.801278
vt 0.339723 0.824649
vt 0.326311 0.775215
vt 0.340116 0.776803
vt 0.322685 0.864119
vt 0.325150 0.844252
vt 0.337861 0.845885
vt 0.335323 0.866033
vt 0.770919 0.117428
vt 0.797071 0.116132
vt 0.410778 0.402878
vt 0.388738 0.392973
vt 0.391598 0.358567
vt 0.410777 0.363192
vt 0.366698 0.383068
vt 0.372758 0.354156
vt 0.378817 0.325244
vt 0.393104 0.323310
vt 0.410777 0.323506
vt 0.692080 0.938940
vt 0.690686 0.962959
vt 0.689635 0.987242
vt 0.715130 0.895295
vt 0.732607 0.897789
vt 0.731313 0.918541
vt 0.713723 0.916969
vt 0.752013 0.898159
vt 0.750854 0.918688
vt 0.681040 0.326233
vt 0.659912 0.326268
vt 0.637596 0.325385
vt 0.076133 0.398623
vt 0.072961 0.380125
vt 0.095125 0.376947
vt 0.098003 0.397085
vt 0.117783 0.373357
vt 0.058377 0.299367
vt 0.079444 0.296600
vt 0.055204 0.281986
vt 0.075927 0.275651
vt 0.096494 0.273441
vt 0.099651 0.294113
vt 0.699611 0.848480
vt 0.697652 0.870189
vt 0.719043 0.855513
vt 0.716534 0.874776
vt 0.695745 0.892360
vt 0.391563 0.286136
vt 0.410621 0.280934
vt 0.372844 0.291550
vt 0.366870 0.257856
vt 0.388667 0.248109
vt 0.410465 0.238362
vt 0.693833 0.915327
vt 0.118265 0.291791
vt 0.123299 0.308543
vt 0.115409 0.272083
vt 0.130487 0.275968
vt 0.135591 0.289849
vt 0.140695 0.303730
vt 0.734185 0.860203
vt 0.733590 0.878445
vt 0.749327 0.864892
vt 0.752447 0.879537
vt 0.611315 0.303845
vt 0.610331 0.284626
vt 0.584087 0.305155
vt 0.586510 0.285694
vt 0.613480 0.324921
vt 0.588322 0.323549
vt 0.148909 0.323109
vt 0.129361 0.327323
vt 0.157124 0.342487
vt 0.135419 0.347294
vt 0.141605 0.369045
vt 0.164500 0.363017
vt 0.185841 0.356555
vt 0.205948 0.348778
vt 0.176212 0.337279
vt 0.195301 0.332070
vt 0.564959 0.307367
vt 0.565969 0.287200
vt 0.545830 0.309580
vt 0.547146 0.288723
vt 0.079832 0.086689
vt 0.071683 0.051795
vt 0.103251 0.054615
vt 0.109633 0.085710
vt 0.058584 0.011193
vt 0.094584 0.023175
vt 0.130585 0.035157
vt 0.136138 0.059313
vt 0.141319 0.083434
vt 0.918779 0.833231
vt 0.944849 0.836103
vt 0.942494 0.861001
vt 0.917166 0.860190
vt 0.964303 0.840544
vt 0.966723 0.863907
vt 0.969142 0.887271
vt 0.942749 0.885167
vt 0.917189 0.884558
vt 0.803267 0.852034
vt 0.832626 0.850008
vt 0.833954 0.869352
vt 0.804932 0.871871
vt 0.861985 0.847982
vt 0.862754 0.867044
vt 0.863804 0.888514
vt 0.835051 0.889879
vt 0.805630 0.891735
vt 0.093773 0.213948
vt 0.090857 0.182086
vt 0.115850 0.180494
vt 0.117188 0.212241
vt 0.087395 0.150666
vt 0.113745 0.149047
vt 0.138851 0.147998
vt 0.140304 0.179022
vt 0.141758 0.210045
vt 0.890383 0.840607
vt 0.890518 0.863159
vt 0.891086 0.886227
vt 0.084356 0.119221
vt 0.112354 0.117380
vt 0.140085 0.115716
vt 0.865484 0.937098
vt 0.892826 0.936266
vt 0.892969 0.963479
vt 0.865595 0.964236
vt 0.918535 0.935347
vt 0.919004 0.962414
vt 0.918979 0.990387
vt 0.892781 0.991549
vt 0.866584 0.992712
vt 0.805560 0.938076
vt 0.836082 0.937450
vt 0.835991 0.964467
vt 0.805293 0.964491
vt 0.835791 0.992712
vt 0.804998 0.992712
vt 0.393089 0.523131
vt 0.384418 0.553901
vt 0.362006 0.551596
vt 0.371535 0.524238
vt 0.374977 0.583737
vt 0.352469 0.578571
vt 0.329961 0.573405
vt 0.340088 0.549424
vt 0.350216 0.525443
vt 0.943161 0.934774
vt 0.944584 0.961183
vt 0.965760 0.933666
vt 0.969808 0.959849
vt 0.973856 0.986032
vt 0.946417 0.988209
vt 0.481778 0.541153
vt 0.479689 0.572850
vt 0.455863 0.566317
vt 0.460265 0.533554
vt 0.477491 0.604113
vt 0.450998 0.599145
vt 0.424504 0.594178
vt 0.431764 0.560724
vt 0.437984 0.527383
vt 0.594331 0.125127
vt 0.595324 0.101891
vt 0.615737 0.105415
vt 0.615264 0.127288
vt 0.594835 0.084255
vt 0.615732 0.086469
vt 0.636629 0.088684
vt 0.635986 0.104877
vt 0.635907 0.127125
vt 0.591735 0.179712
vt 0.592924 0.151566
vt 0.614058 0.152889
vt 0.612715 0.180470
vt 0.634936 0.153062
vt 0.633615 0.180643
vt 0.487366 0.477030
vt 0.483499 0.508753
vt 0.464411 0.500971
vt 0.471283 0.468946
vt 0.443710 0.494265
vt 0.451811 0.462058
vt 0.942830 0.909578
vt 0.917819 0.909424
vt 0.967451 0.910469
vt 0.409575 0.450442
vt 0.401524 0.490279
vt 0.381193 0.496319
vt 0.390896 0.467422
vt 0.361216 0.504922
vt 0.372217 0.484401
vt 0.835780 0.912525
vt 0.805753 0.913741
vt 0.864837 0.911837
vt 0.892043 0.910511
vt 0.032270 0.154383
vt 0.026836 0.124663
vt 0.055767 0.121673
vt 0.060130 0.152642
vt 0.021403 0.094943
vt 0.050368 0.089261
vt 0.043841 0.217109
vt 0.038056 0.185746
vt 0.064790 0.183885
vt 0.069200 0.215653
vt 0.014402 0.057492
vt 0.042524 0.053496
vt 0.007401 0.020041
vt 0.032992 0.015617
vt 0.775060 0.964391
vt 0.774260 0.990093
vt 0.775630 0.939579
vt 0.776368 0.916442
vt 0.776983 0.895313
vt 0.072707 0.247454
vt 0.049523 0.249547
vt 0.095114 0.245716
vt 0.116094 0.244139
vt 0.136122 0.243007
vt 0.507097 0.485917
vt 0.515807 0.522784
vt 0.500139 0.515854
vt 0.497232 0.481474
vt 0.524517 0.559651
vt 0.502471 0.549084
vt 0.550337 0.176370
vt 0.551544 0.145630
vt 0.572176 0.148955
vt 0.571335 0.178250
vt 0.552751 0.114891
vt 0.573833 0.120565
vt 0.557447 0.083271
vt 0.576119 0.093639
vt 0.562143 0.051651
vt 0.578489 0.067953
vt 0.526236 0.586592
vt 0.503006 0.579585
vt 0.527954 0.613533
vt 0.502723 0.608823
vt 0.422597 0.490328
vt 0.431904 0.457209
vt 0.415387 0.523952
vt 0.407828 0.556726
vt 0.399741 0.588957
vt 0.654745 0.099899
vt 0.655613 0.125110
vt 0.653206 0.076327
vt 0.669783 0.063970
vt 0.672833 0.092991
vt 0.675883 0.122011
vt 0.654938 0.152436
vt 0.653672 0.180512
vt 0.674477 0.151454
vt 0.673071 0.180897
vt 0.776998 0.876238
vt 0.776297 0.858463
vt 0.652737 0.207422
vt 0.672071 0.207820
vt 0.632713 0.207449
vt 0.611830 0.207612
vt 0.591136 0.207585
vt 0.571634 0.207277
vt 0.552960 0.207167
vt 0.523878 0.460569
vt 0.521687 0.463167
vt 0.527187 0.452905
vt 0.533082 0.454885
vt 0.519495 0.465766
vt 0.521716 0.451120
vt 0.523937 0.436474
vt 0.532602 0.442599
vt 0.541266 0.448725
vt 0.409593 0.042240
vt 0.363799 0.044602
vt 0.362885 0.026540
vt 0.408854 0.025916
vt 0.313762 0.044995
vt 0.313049 0.026442
vt 0.314517 0.007550
vt 0.361870 0.009170
vt 0.409223 0.010789
vt 0.066711 0.516820
vt 0.058041 0.561309
vt 0.038854 0.559308
vt 0.047420 0.513710
vt 0.050812 0.609101
vt 0.031303 0.607906
vt 0.008467 0.603656
vt 0.019642 0.556173
vt 0.030818 0.508690
vt 0.928582 0.606088
vt 0.930487 0.648593
vt 0.911242 0.649709
vt 0.909733 0.608477
vt 0.934769 0.692452
vt 0.915460 0.693068
vt 0.895793 0.691941
vt 0.891390 0.649040
vt 0.886985 0.606138
vt 0.483867 0.201515
vt 0.487768 0.249150
vt 0.468678 0.248307
vt 0.466145 0.200481
vt 0.489759 0.298927
vt 0.470877 0.297971
vt 0.453925 0.296990
vt 0.448316 0.247419
vt 0.442708 0.197849
vt 0.260107 0.046232
vt 0.259175 0.027636
vt 0.209598 0.046471
vt 0.208194 0.028140
vt 0.200797 0.011999
vt 0.257657 0.009775
vt 0.047960 0.657156
vt 0.028784 0.658394
vt 0.046876 0.699562
vt 0.028195 0.704034
vt 0.009886 0.715937
vt 0.009177 0.659796
vt 0.938870 0.736948
vt 0.919714 0.736829
vt 0.938956 0.776737
vt 0.920427 0.775680
vt 0.906031 0.779735
vt 0.900912 0.735838
vt 0.486321 0.348984
vt 0.467726 0.347765
vt 0.477337 0.394127
vt 0.459230 0.392480
vt 0.444798 0.399536
vt 0.449361 0.348263
vt 0.476213 0.113398
vt 0.481229 0.156768
vt 0.468425 0.155582
vt 0.472812 0.112178
vt 0.456059 0.154404
vt 0.469411 0.110959
vt 0.936301 0.521400
vt 0.930619 0.564530
vt 0.913282 0.571579
vt 0.918192 0.542298
vt 0.895255 0.576844
vt 0.903524 0.547550
vt 0.081153 0.443257
vt 0.073677 0.477596
vt 0.052892 0.472579
vt 0.057489 0.441113
vt 0.031468 0.464349
vt 0.032119 0.420007
vt 0.492887 0.021085
vt 0.452038 0.034831
vt 0.451643 0.022557
vt 0.492934 0.017213
vt 0.451103 0.012065
vt 0.492982 0.013340
vt 0.494142 0.052136
vt 0.452894 0.068832
vt 0.452016 0.050956
vt 0.488374 0.039199
vt 0.411646 0.085528
vt 0.409970 0.060896
vt 0.960062 0.506981
vt 0.961423 0.552094
vt 0.946408 0.558181
vt 0.948182 0.514190
vt 0.962783 0.597207
vt 0.946352 0.601804
vt 0.972415 0.682857
vt 0.977956 0.731535
vt 0.958213 0.734814
vt 0.953772 0.689201
vt 0.983496 0.780212
vt 0.958929 0.776609
vt 0.316841 0.083820
vt 0.260096 0.086639
vt 0.260446 0.066046
vt 0.314234 0.064553
vt 0.203350 0.089458
vt 0.209960 0.066677
vt 0.967599 0.640032
vt 0.949219 0.645052
vt 0.364244 0.084674
vt 0.364064 0.064050
vt 0.546409 0.469906
vt 0.536996 0.465080
vt 0.539910 0.457296
vt 0.546526 0.459766
vt 0.545296 0.450042
vt 0.546642 0.449626
vt 0.548212 0.475351
vt 0.539626 0.479929
vt 0.537552 0.472672
vt 0.547183 0.473701
vt 0.531041 0.484507
vt 0.527459 0.472538
vt 0.115860 0.448122
vt 0.111384 0.480711
vt 0.092832 0.479966
vt 0.098506 0.445689
vt 0.106907 0.513300
vt 0.086074 0.517692
vt 0.507839 0.115312
vt 0.511680 0.158497
vt 0.496325 0.158195
vt 0.495253 0.120030
vt 0.515521 0.201682
vt 0.500248 0.202385
vt 0.527954 0.300117
vt 0.522937 0.357032
vt 0.504537 0.352239
vt 0.507744 0.300368
vt 0.517919 0.413948
vt 0.496178 0.399747
vt 0.085670 0.608912
vt 0.085194 0.654554
vt 0.066763 0.655670
vt 0.069663 0.609031
vt 0.084718 0.700196
vt 0.065553 0.696638
vt 0.521738 0.250900
vt 0.505144 0.250129
vt 0.096289 0.561106
vt 0.077214 0.561792
vt 0.161769 0.170547
vt 0.173705 0.170547
vt 0.169673 0.180431
vt 0.158971 0.181385
vt 0.185640 0.170547
vt 0.180375 0.179477
vt 0.175109 0.188406
vt 0.165641 0.190314
vt 0.156173 0.192223
vt 0.373358 0.176585
vt 0.390327 0.174419
vt 0.389413 0.188273
vt 0.370682 0.188273
vt 0.452214 0.115092
vt 0.434732 0.117553
vt 0.436029 0.103689
vt 0.455542 0.103689
vt 0.392770 0.137368
vt 0.403233 0.137237
vt 0.404606 0.151503
vt 0.391804 0.152008
vt 0.548944 0.549244
vt 0.538452 0.548151
vt 0.538452 0.534838
vt 0.551058 0.535959
vt 0.007899 0.302987
vt 0.022048 0.302141
vt 0.023698 0.314316
vt 0.007899 0.312650
vt 0.285928 0.440770
vt 0.283637 0.458540
vt 0.272979 0.460808
vt 0.272979 0.440811
vt 0.915747 0.531461
vt 0.909253 0.531902
vt 0.902824 0.527024
vt 0.911536 0.521879
vt 0.322621 0.440654
vt 0.323882 0.449978
vt 0.309535 0.453031
vt 0.308541 0.440699
vt 0.519432 0.080621
vt 0.503123 0.082663
vt 0.507438 0.069115
vt 0.523271 0.069136
vt 0.570437 0.514254
vt 0.554230 0.516035
vt 0.556244 0.503380
vt 0.574035 0.502454
vt 0.481819 0.097262
vt 0.498785 0.099620
vt 0.431335 0.153850
vt 0.421824 0.153658
vt 0.419871 0.135268
vt 0.432720 0.139050
vt 0.017194 0.266341
vt 0.026489 0.266183
vt 0.029762 0.278714
vt 0.018848 0.278543
vt 0.149661 0.261013
vt 0.168443 0.256960
vt 0.167666 0.269638
vt 0.148376 0.271219
vt 0.892938 0.539236
vt 0.036835 0.305790
vt 0.039498 0.315983
vt 0.549981 0.442707
vt 0.553285 0.444332
vt 0.558695 0.436689
vt 0.562349 0.439316
vt 0.566002 0.441944
vt 0.556322 0.445785
vt 0.087086 0.429956
vt 0.084119 0.436606
vt 0.063391 0.426957
vt 0.069243 0.421090
vt 0.045510 0.412700
vt 0.051399 0.412224
vt 0.926717 0.508371
vt 0.931509 0.514885
vt 0.920369 0.527217
vt 0.921232 0.519916
vt 0.556272 0.473175
vt 0.556593 0.476660
vt 0.566136 0.476444
vt 0.565911 0.480476
vt 0.565686 0.484507
vt 0.556949 0.479929
vt 0.511745 0.663564
vt 0.491734 0.663564
vt 0.491940 0.644490
vt 0.511950 0.644490
vt 0.471724 0.663564
vt 0.471930 0.644490
vt 0.472135 0.625416
vt 0.492145 0.625416
vt 0.512155 0.625416
vt 0.388395 0.448862
vt 0.373656 0.453519
vt 0.373656 0.434725
vt 0.388395 0.430069
vt 0.358917 0.458175
vt 0.358917 0.439382
vt 0.358917 0.420588
vt 0.373656 0.415932
vt 0.388395 0.411276
vt 0.576738 0.044339
vt 0.576738 0.025995
vt 0.593819 0.030157
vt 0.593819 0.048502
vt 0.576738 0.007651
vt 0.593819 0.011813
vt 0.610900 0.015975
vt 0.610900 0.034319
vt 0.610900 0.052664
vt 0.716228 0.634598
vt 0.696300 0.634489
vt 0.696300 0.614489
vt 0.716228 0.614599
vt 0.676373 0.634379
vt 0.676373 0.614380
vt 0.676373 0.594380
vt 0.696300 0.594490
vt 0.716228 0.594600
vt 0.891588 0.515699
vt 0.878700 0.528053
vt 0.871610 0.522484
vt 0.885311 0.507932
vt 0.283790 0.423164
vt 0.272979 0.420815
vt 0.170559 0.222452
vt 0.186956 0.219618
vt 0.186956 0.236017
vt 0.169592 0.238217
vt 0.902437 0.501174
vt 0.899012 0.493380
vt 0.574035 0.383929
vt 0.556058 0.384763
vt 0.555168 0.371559
vt 0.574035 0.372466
vt 0.332447 0.409127
vt 0.331545 0.398214
vt 0.345555 0.399605
vt 0.344845 0.410778
vt 0.558233 0.417019
vt 0.542431 0.415361
vt 0.540113 0.398453
vt 0.557099 0.400200
vt 0.164892 0.154113
vt 0.155724 0.155358
vt 0.155724 0.139789
vt 0.166826 0.140075
vt 0.046020 0.374119
vt 0.030860 0.382340
vt 0.026266 0.369304
vt 0.044357 0.362342
vt 0.528214 0.046557
vt 0.524752 0.029315
vt 0.537980 0.026116
vt 0.539804 0.044660
vt 0.023024 0.403392
vt 0.038037 0.399025
vt 0.287756 0.483384
vt 0.287663 0.473336
vt 0.303939 0.470133
vt 0.303681 0.483309
vt 0.121982 0.548605
vt 0.139385 0.546976
vt 0.139344 0.560869
vt 0.119381 0.560869
vt 0.326541 0.500714
vt 0.324356 0.483213
vt 0.338365 0.483148
vt 0.338365 0.502939
vt 0.139491 0.510864
vt 0.149066 0.510532
vt 0.152316 0.526506
vt 0.139448 0.525706
vt 0.508503 0.016208
vt 0.508180 0.033608
vt 0.407032 0.176715
vt 0.408144 0.188273
vt 0.440845 0.154042
vt 0.444953 0.139967
vt 0.513518 0.098318
vt 0.538452 0.514398
vt 0.538452 0.504306
vt 0.014252 0.387368
vt 0.008175 0.376266
vt 0.295965 0.385292
vt 0.295793 0.377679
vt 0.310652 0.375915
vt 0.312324 0.385996
vt 0.129916 0.511196
vt 0.126114 0.529124
vt 0.326395 0.465713
vt 0.338365 0.463357
vt 0.156911 0.549087
vt 0.159308 0.560869
vt 0.287849 0.493431
vt 0.303879 0.496448
vt 0.049139 0.396212
vt 0.525473 0.010908
vt 0.536156 0.007572
vt 0.537845 0.381913
vt 0.536301 0.370652
vt 0.334319 0.387458
vt 0.332181 0.373407
vt 0.345921 0.371833
vt 0.346264 0.388432
vt 0.295793 0.394759
vt 0.311952 0.396301
vt 0.169551 0.120304
vt 0.155724 0.122390
vt 0.155724 0.111514
vt 0.171340 0.107319
vt 0.184010 0.114488
vt 0.186956 0.103123
vt 0.511487 0.049296
vt 0.574035 0.418677
vt 0.574035 0.402267
vt 0.295622 0.370066
vt 0.309967 0.365807
vt 0.186956 0.257233
vt 0.186956 0.268057
vt 0.321359 0.431329
vt 0.304980 0.427770
vt 0.007899 0.266499
vt 0.007899 0.279507
vt 0.174059 0.152868
vt 0.177762 0.138584
vt 0.334165 0.358622
vt 0.345578 0.355234
vt 0.487813 0.080012
vt 0.491606 0.069094
vt 0.295622 0.404226
vt 0.314237 0.406704
vt 0.382306 0.137498
vt 0.378776 0.152916
vt 0.417837 0.116117
vt 0.416517 0.103689
vt 0.026453 0.738095
vt 0.009031 0.745706
vt 0.044286 0.731707
vt 0.039272 0.756630
vt 0.023724 0.766052
vt 0.008175 0.775474
vt 0.063061 0.726731
vt 0.082258 0.722883
vt 0.079798 0.745571
vt 0.059535 0.751101
vt 0.914167 0.803988
vt 0.897674 0.800146
vt 0.932107 0.807393
vt 0.904049 0.826894
vt 0.889318 0.820556
vt 0.952586 0.809092
vt 0.973900 0.810378
vt 0.445585 0.426734
vt 0.427186 0.424989
vt 0.464310 0.430393
vt 0.483405 0.436843
vt 0.502643 0.445489
vt 0.167055 0.025706
vt 0.166138 0.009775
vt 0.168043 0.043250
vt 0.131032 0.021353
vt 0.131479 0.007550
vt 0.170224 0.064019
vt 0.172334 0.086446
vt 0.391249 0.162820
vt 0.405453 0.162756
vt 0.376898 0.162884
vt 0.500148 0.092302
vt 0.484084 0.091257
vt 0.515438 0.092224
vt 0.556594 0.394281
vt 0.539366 0.393006
vt 0.573889 0.395561
vt 0.034737 0.392213
vt 0.020516 0.397987
vt 0.047878 0.387283
vt 0.139456 0.535866
vt 0.154187 0.535701
vt 0.124649 0.536033
vt 0.433761 0.128770
vt 0.419265 0.128674
vt 0.448051 0.128864
vt 0.515255 0.031822
vt 0.514540 0.014791
vt 0.516973 0.048398
vt 0.313060 0.483221
vt 0.313016 0.468811
vt 0.313106 0.497819
vt 0.320658 0.397019
vt 0.320920 0.386272
vt 0.320243 0.407270
vt 0.168140 0.130711
vt 0.155884 0.133401
vt 0.180376 0.128025
vt 0.320836 0.374611
vt 0.320604 0.362855
vt 0.552518 0.526312
vt 0.538452 0.526228
vt 0.564753 0.532897
vt 0.566715 0.526395
vt 0.559436 0.550337
vt 0.020323 0.290321
vt 0.032485 0.291052
vt 0.007899 0.289574
vt 0.897750 0.522610
vt 0.887597 0.534981
vt 0.907379 0.512421
vt 0.169201 0.246034
vt 0.186956 0.243838
vt 0.152242 0.240522
vt 0.151545 0.248218
vt 0.297810 0.440966
vt 0.298430 0.455393
vt 0.297176 0.426246
vt 0.154161 0.225286
s 1
usemtl BODY
f 7/1/1 246/2/2 651/3/3 440/4/4
f 246/2/2 117/5/5 448/6/6 651/3/3
f 651/3/3 448/6/6 124/7/7 467/8/8
f 440/4/4 651/3/3 467/8/8 121/9/9
f 124/7/7 459/10/10 652/11/11 467/8/8
f 459/10/10 14/12/12 232/13/13 652/11/11
f 652/11/11 232/13/13 2/14/14 456/15/15
f 467/8/8 652/11/11 456/15/15 121/9/9
f 3/16/16 443/17/17 653/18/18 466/19/19
f 443/17/17 113/20/20 233/21/21 653/18/18
f 653/18/18 233/21/21 1/22/22 455/23/23
f 466/19/19 653/18/18 455/23/23 120/24/24
f 12/25/25 227/26/26 654/27/27 444/28/28
f 227/26/26 30/29/29 273/30/30 654/27/27
f 654/27/27 273/30/30 23/31/31 236/32/32
f 444/28/28 654/27/27 236/32/32 7/33/1
f 20/34/33 446/35/34 655/36/35 451/37/36
f 446/35/34 119/38/37 238/39/38 655/36/35
f 655/36/35 238/39/38 11/40/39 239/41/40
f 451/37/36 655/36/35 239/41/40 6/42/41
f 125/43/42 460/44/43 656/45/44 465/46/45
f 460/44/43 118/47/46 237/48/47 656/45/44
f 656/45/44 237/48/47 8/49/48 458/50/49
f 465/46/45 656/45/44 458/50/49 123/51/50
f 10/52/51 243/53/52 657/54/53 442/55/54
f 243/53/52 122/56/55 462/57/56 657/54/53
f 657/54/53 462/57/56 126/58/57 453/59/58
f 442/55/54 657/54/53 453/59/58 116/60/59
f 120/24/24 455/23/23 658/61/60 464/62/61
f 455/23/23 1/22/22 248/63/62 658/61/60
f 658/61/60 248/63/62 14/12/12 459/10/10
f 464/62/61 658/61/60 459/10/10 124/7/7
f 30/29/29 227/26/26 659/64/63 260/65/64
f 227/26/26 12/25/25 450/66/65 659/64/63
f 659/64/63 450/66/65 119/38/37 446/35/34
f 260/65/64 659/64/63 446/35/34 20/34/33
f 33/67/66 280/68/67 660/69/68 270/70/69
f 280/68/67 28/71/70 255/72/71 660/69/68
f 660/69/68 255/72/71 16/73/72 251/74/73
f 270/70/69 660/69/68 251/74/73 27/75/74
f 39/76/75 290/77/76 661/78/77 269/79/78
f 290/77/76 34/80/79 256/81/80 661/78/77
f 661/78/77 256/81/80 19/82/81 266/83/82
f 269/79/78 661/78/77 266/83/82 26/84/83
f 32/85/84 279/86/85 662/87/86 268/88/87
f 279/86/85 29/89/88 257/90/89 662/87/86
f 662/87/86 257/90/89 18/91/90 265/92/91
f 268/88/87 662/87/86 265/92/91 25/93/92
f 38/94/93 289/95/94 663/96/95 267/97/96
f 289/95/94 35/98/97 258/99/98 663/96/95
f 663/96/95 258/99/98 17/100/99 264/101/100
f 267/97/96 663/96/95 264/101/100 24/102/101
f 28/71/70 278/103/102 664/104/103 255/72/71
f 278/103/102 30/29/29 260/65/64 664/104/103
f 664/104/103 260/65/64 20/34/33 259/105/104
f 255/72/71 664/104/103 259/105/104 16/73/72
f 34/80/79 288/106/105 665/107/106 256/81/80
f 288/106/105 36/108/107 261/109/108 665/107/106
f 665/107/106 261/109/108 23/110/31 254/111/109
f 256/81/80 665/107/106 254/111/109 19/82/81
f 29/89/88 277/112/110 666/113/111 257/90/89
f 277/112/110 31/114/112 262/115/113 666/113/111
f 666/113/111 262/115/113 22/116/114 253/117/115
f 257/90/89 666/113/111 253/117/115 18/91/90
f 35/98/97 287/118/116 667/119/117 258/99/98
f 287/118/116 37/120/118 263/121/119 667/119/117
f 667/119/117 263/121/119 21/122/120 252/123/121
f 258/99/98 667/119/117 252/123/121 17/100/99
f 17/124/99 252/125/121 668/126/122 272/127/123
f 252/125/121 21/128/120 274/129/124 668/126/122
f 668/126/122 274/129/124 31/114/112 277/112/110
f 272/127/123 668/126/122 277/112/110 29/89/88
f 19/130/81 254/131/109 669/132/125 271/133/126
f 254/131/109 23/31/31 273/30/30 669/132/125
f 669/132/125 273/30/30 30/29/29 278/103/102
f 271/133/126 669/132/125 278/103/102 28/71/70
f 24/134/101 264/135/100 670/136/127 275/137/128
f 264/135/100 17/124/99 272/127/123 670/136/127
f 670/136/127 272/127/123 29/89/88 279/86/85
f 275/137/128 670/136/127 279/86/85 32/85/84
f 26/138/83 266/139/82 671/140/129 276/141/130
f 266/139/82 19/130/81 271/133/126 671/140/129
f 671/140/129 271/133/126 28/71/70 280/68/67
f 276/141/130 671/140/129 280/68/67 33/67/66
f 16/142/72 259/143/104 672/144/131 282/145/132
f 259/143/104 20/146/33 284/147/133 672/144/131
f 672/144/131 284/147/133 37/120/118 287/118/116
f 282/145/132 672/144/131 287/118/116 35/98/97
f 18/148/90 253/149/115 673/150/134 281/151/135
f 253/149/115 22/152/114 283/153/136 673/150/134
f 673/150/134 283/153/136 36/108/107 288/106/105
f 281/151/135 673/150/134 288/106/105 34/80/79
f 27/154/74 251/155/73 674/156/137 285/157/138
f 251/155/73 16/142/72 282/145/132 674/156/137
f 674/156/137 282/145/132 35/98/97 289/95/94
f 285/157/138 674/156/137 289/95/94 38/94/93
f 25/158/92 265/159/91 675/160/139 286/161/140
f 265/159/91 18/148/90 281/151/135 675/160/139
f 675/160/139 281/151/135 34/80/79 290/77/76
f 286/161/140 675/160/139 290/77/76 39/76/75
f 52/162/141 293/163/142 676/164/143 353/165/144
f 293/163/142 59/166/145 355/167/146 676/164/143
f 676/164/143 355/167/146 90/168/147 358/169/148
f 353/165/144 676/164/143 358/169/148 89/170/149
f 59/166/145 294/171/150 677/172/151 355/167/146
f 294/171/150 41/173/152 295/174/153 677/172/151
f 677/172/151 295/174/153 60/175/154 356/176/155
f 355/167/146 677/172/151 356/176/155 90/168/147
f 90/168/147 356/176/155 678/177/156 357/178/157
f 356/176/155 60/175/154 296/179/158 678/177/156
f 678/177/156 296/179/158 43/180/159 333/181/160
f 357/178/157 678/177/156 333/181/160 79/182/161
f 89/170/149 358/169/148 679/183/162 354/184/163
f 358/169/148 90/168/147 357/178/157 679/183/162
f 679/183/162 357/178/157 79/182/161 334/185/164
f 354/184/163 679/183/162 334/185/164 53/186/165
f 53/187/165 334/188/164 680/189/166 351/190/167
f 334/188/164 79/191/161 359/192/168 680/189/166
f 680/189/166 359/192/168 91/193/169 362/194/170
f 351/190/167 680/189/166 362/194/170 88/195/171
f 79/191/161 333/196/160 681/197/172 359/192/168
f 333/196/160 43/198/159 301/199/173 681/197/172
f 681/197/172 301/199/173 63/200/174 360/201/175
f 359/192/168 681/197/172 360/201/175 91/193/169
f 91/193/169 360/201/175 682/202/176 361/203/177
f 360/201/175 63/200/174 302/204/178 682/202/176
f 682/202/176 302/204/178 47/205/179 335/206/180
f 361/203/177 682/202/176 335/206/180 80/207/181
f 88/195/171 362/194/170 683/208/182 352/209/183
f 362/194/170 91/193/169 361/203/177 683/208/182
f 683/208/182 361/203/177 80/207/181 336/210/184
f 352/209/183 683/208/182 336/210/184 54/211/185
f 54/212/185 336/213/184 684/214/186 349/215/187
f 336/213/184 80/216/181 363/217/188 684/214/186
f 684/214/186 363/217/188 92/218/189 366/219/190
f 349/215/187 684/214/186 366/219/190 87/220/191
f 80/216/181 335/221/180 685/222/192 363/217/188
f 335/221/180 47/223/179 307/224/193 685/222/192
f 685/222/192 307/224/193 66/225/194 364/226/195
f 363/217/188 685/222/192 364/226/195 92/218/189
f 92/218/189 364/226/195 686/227/196 365/228/197
f 364/226/195 66/225/194 308/229/198 686/227/196
f 686/227/196 308/229/198 45/230/199 337/231/200
f 365/228/197 686/227/196 337/231/200 81/232/201
f 87/220/191 366/219/190 687/233/202 350/234/203
f 366/219/190 92/218/189 365/228/197 687/233/202
f 687/233/202 365/228/197 81/232/201 338/235/204
f 350/234/203 687/233/202 338/235/204 55/236/205
f 55/236/205 338/235/204 688/237/206 347/238/207
f 338/235/204 81/232/201 367/239/208 688/237/206
f 688/237/206 367/239/208 93/240/209 370/241/210
f 347/238/207 688/237/206 370/241/210 86/242/211
f 81/232/201 337/231/200 689/243/212 367/239/208
f 337/231/200 45/230/199 323/244/213 689/243/212
f 689/243/212 323/244/213 74/245/214 368/246/215
f 367/239/208 689/243/212 368/246/215 93/240/209
f 93/240/209 368/246/215 690/247/216 369/248/217
f 368/246/215 74/245/214 324/249/218 690/247/216
f 690/247/216 324/249/218 50/250/219 341/251/220
f 369/248/217 690/247/216 341/251/220 83/252/221
f 86/242/211 370/241/210 691/253/222 348/254/223
f 370/241/210 93/240/209 369/248/217 691/253/222
f 691/253/222 369/248/217 83/252/221 342/255/224
f 348/254/223 691/253/222 342/255/224 57/256/225
f 42/257/226 300/258/227 692/259/228 291/260/229
f 300/258/227 62/261/230 371/262/231 692/259/228
f 692/259/228 371/262/231 94/263/232 374/264/233
f 291/260/229 692/259/228 374/264/233 58/265/234
f 62/261/230 299/266/235 693/267/236 371/262/231
f 299/266/235 46/268/237 306/269/238 693/267/236
f 693/267/236 306/269/238 65/270/239 372/271/240
f 371/262/231 693/267/236 372/271/240 94/263/232
f 94/263/232 372/271/240 694/272/241 373/273/242
f 372/271/240 65/270/239 305/274/243 694/272/241
f 694/272/241 305/274/243 44/275/244 312/276/245
f 373/273/242 694/272/241 312/276/245 68/277/246
f 58/265/234 374/264/233 695/278/247 292/279/248
f 374/264/233 94/263/232 373/273/242 695/278/247
f 695/278/247 373/273/242 68/277/246 311/280/249
f 292/279/248 695/278/247 311/280/249 40/281/250
f 57/282/225 342/283/224 696/284/251 345/285/252
f 342/283/224 83/286/221 375/287/253 696/284/251
f 696/284/251 375/287/253 95/288/254 378/289/255
f 345/285/252 696/284/251 378/289/255 85/290/256
f 83/286/221 341/291/220 697/292/257 375/287/253
f 341/291/220 50/293/219 321/294/258 697/292/257
f 697/292/257 321/294/258 73/295/259 376/296/260
f 375/287/253 697/292/257 376/296/260 95/288/254
f 95/288/254 376/296/260 698/297/261 377/298/262
f 376/296/260 73/295/259 322/299/263 698/297/261
f 698/297/261 322/299/263 49/300/264 316/301/265
f 377/298/262 698/297/261 316/301/265 70/302/266
f 85/290/256 378/289/255 699/303/267 346/304/268
f 378/289/255 95/288/254 377/298/262 699/303/267
f 699/303/267 377/298/262 70/302/266 315/305/269
f 346/304/268 699/303/267 315/305/269 56/306/270
f 52/162/141 332/307/271 700/308/272 343/309/273
f 332/307/271 78/310/274 379/311/275 700/308/272
f 700/308/272 379/311/275 96/312/276 382/313/277
f 343/309/273 700/308/272 382/313/277 84/314/278
f 78/315/274 331/316/279 701/317/280 379/318/275
f 331/316/279 40/281/250 327/319/281 701/317/280
f 701/317/280 327/319/281 76/320/282 380/321/283
f 379/318/275 701/317/280 380/321/283 96/322/276
f 96/322/276 380/321/283 702/323/284 381/324/285
f 380/321/283 76/320/282 328/325/286 702/323/284
f 702/323/284 328/325/286 48/326/287 339/327/288
f 381/324/285 702/323/284 339/327/288 82/328/289
f 84/314/278 382/313/277 703/329/290 344/330/291
f 382/313/277 96/312/276 381/331/285 703/329/290
f 703/329/290 381/331/285 82/332/289 340/333/292
f 344/330/291 703/329/290 340/333/292 56/334/270
f 40/281/250 311/280/249 704/335/293 327/319/281
f 311/280/249 68/277/246 383/336/294 704/335/293
f 704/335/293 383/336/294 97/337/295 386/338/296
f 327/319/281 704/335/293 386/338/296 76/320/282
f 68/277/246 312/276/245 705/339/297 383/336/294
f 312/276/245 44/275/244 326/340/298 705/339/297
f 705/339/297 326/340/298 75/341/299 384/342/300
f 383/336/294 705/339/297 384/342/300 97/337/295
f 97/337/295 384/342/300 706/343/301 385/344/302
f 384/342/300 75/341/299 325/345/303 706/343/301
f 706/343/301 325/345/303 51/346/304 320/347/305
f 385/344/302 706/343/301 320/347/305 72/348/306
f 76/320/282 386/338/296 707/349/307 328/325/286
f 386/338/296 97/337/295 385/344/302 707/349/307
f 707/349/307 385/344/302 72/348/306 319/350/308
f 328/325/286 707/349/307 319/350/308 48/326/287
f 45/351/199 313/352/309 708/353/310 323/354/213
f 313/352/309 69/355/311 387/356/312 708/353/310
f 708/353/310 387/356/312 98/357/313 390/358/314
f 323/354/213 708/353/310 390/358/314 74/359/214
f 69/355/311 314/360/315 709/361/316 387/356/312
f 314/360/315 41/362/152 330/363/317 709/361/316
f 709/361/316 330/363/317 77/364/318 388/365/319
f 387/356/312 709/361/316 388/365/319 98/357/313
f 98/357/313 388/365/319 710/366/320 389/367/321
f 388/365/319 77/364/318 329/368/322 710/366/320
f 710/366/320 329/368/322 49/369/264 322/370/263
f 389/367/321 710/366/320 322/370/263 73/371/259
f 74/359/214 390/358/314 711/372/323 324/373/218
f 390/358/314 98/357/313 389/367/321 711/372/323
f 711/372/323 389/367/321 73/371/259 321/374/258
f 324/373/218 711/372/323 321/374/258 50/375/219
f 41/173/152 294/171/150 712/376/324 330/377/317
f 294/171/150 59/166/145 391/378/325 712/376/324
f 712/376/324 391/378/325 99/379/326 394/380/327
f 330/377/317 712/376/324 394/380/327 77/381/318
f 59/166/145 293/163/142 713/382/328 391/378/325
f 293/163/142 52/162/141 343/309/273 713/382/328
f 713/382/328 343/309/273 84/314/278 392/383/329
f 391/378/325 713/382/328 392/383/329 99/379/326
f 99/379/326 392/383/329 714/384/330 393/385/331
f 392/383/329 84/314/278 344/330/291 714/384/330
f 714/384/330 344/330/291 56/334/270 315/386/269
f 393/385/331 714/384/330 315/386/269 70/387/266
f 77/381/318 394/380/327 715/388/332 329/389/322
f 394/380/327 99/379/326 393/385/331 715/388/332
f 715/388/332 393/385/331 70/387/266 316/390/265
f 329/389/322 715/388/332 316/390/265 49/391/264
f 51/346/304 318/392/333 716/393/334 320/347/305
f 318/392/333 71/394/335 395/395/336 716/393/334
f 716/393/334 395/395/336 100/396/337 398/397/338
f 320/347/305 716/393/334 398/397/338 72/348/306
f 71/398/335 317/399/339 717/400/340 395/401/336
f 317/399/339 57/282/225 345/285/252 717/400/340
f 717/400/340 345/285/252 85/290/256 396/402/341
f 395/401/336 717/400/340 396/402/341 100/403/337
f 100/403/337 396/402/341 718/404/342 397/405/343
f 396/402/341 85/290/256 346/304/268 718/404/342
f 718/404/342 346/304/268 56/306/270 340/406/292
f 397/405/343 718/404/342 340/406/292 82/407/289
f 72/348/306 398/397/338 719/408/344 319/350/308
f 398/397/338 100/396/337 397/409/343 719/408/344
f 719/408/344 397/409/343 82/328/289 339/327/288
f 319/350/308 719/408/344 339/327/288 48/326/287
f 44/275/244 310/410/345 720/411/346 326/340/298
f 310/410/345 67/412/347 399/413/348 720/411/346
f 720/411/346 399/413/348 101/414/349 402/415/350
f 326/340/298 720/411/346 402/415/350 75/341/299
f 67/416/347 309/417/351 721/418/352 399/419/348
f 309/417/351 55/236/205 347/238/207 721/418/352
f 721/418/352 347/238/207 86/242/211 400/420/353
f 399/419/348 721/418/352 400/420/353 101/421/349
f 101/421/349 400/420/353 722/422/354 401/423/355
f 400/420/353 86/242/211 348/254/223 722/422/354
f 722/422/354 348/254/223 57/256/225 317/424/339
f 401/423/355 722/422/354 317/424/339 71/425/335
f 75/341/299 402/415/350 723/426/356 325/345/303
f 402/415/350 101/414/349 401/427/355 723/426/356
f 723/426/356 401/427/355 71/394/335 318/392/333
f 325/345/303 723/426/356 318/392/333 51/346/304
f 46/268/237 304/428/357 724/429/358 306/269/238
f 304/428/357 64/430/359 403/431/360 724/429/358
f 724/429/358 403/431/360 102/432/361 406/433/362
f 306/269/238 724/429/358 406/433/362 65/270/239
f 64/434/359 303/435/363 725/436/364 403/437/360
f 303/435/363 54/212/185 349/215/187 725/436/364
f 725/436/364 349/215/187 87/220/191 404/438/365
f 403/437/360 725/436/364 404/438/365 102/439/361
f 102/439/361 404/438/365 726/440/366 405/441/367
f 404/438/365 87/220/191 350/234/203 726/440/366
f 726/440/366 350/234/203 55/236/205 309/417/351
f 405/441/367 726/440/366 309/417/351 67/416/347
f 65/270/239 406/433/362 727/442/368 305/274/243
f 406/433/362 102/432/361 405/443/367 727/442/368
f 727/442/368 405/443/367 67/412/347 310/410/345
f 305/274/243 727/442/368 310/410/345 44/275/244
f 42/257/226 298/444/369 728/445/370 300/258/227
f 298/444/369 61/446/371 407/447/372 728/445/370
f 728/445/370 407/447/372 103/448/373 410/449/374
f 300/258/227 728/445/370 410/449/374 62/261/230
f 61/450/371 297/451/375 729/452/376 407/453/372
f 297/451/375 53/187/165 351/190/167 729/452/376
f 729/452/376 351/190/167 88/195/171 408/454/377
f 407/453/372 729/452/376 408/454/377 103/455/373
f 103/455/373 408/454/377 730/456/378 409/457/379
f 408/454/377 88/195/171 352/209/183 730/456/378
f 730/456/378 352/209/183 54/211/185 303/458/363
f 409/457/379 730/456/378 303/458/363 64/459/359
f 62/261/230 410/449/374 731/460/380 299/266/235
f 410/449/374 103/448/373 409/461/379 731/460/380
f 731/460/380 409/461/379 64/430/359 304/428/357
f 299/266/235 731/460/380 304/428/357 46/268/237
f 40/281/250 331/316/279 732/462/381 292/279/248
f 331/316/279 78/315/274 411/463/382 732/462/381
f 732/462/381 411/463/382 104/464/383 414/465/384
f 292/279/248 732/462/381 414/465/384 58/265/234
f 78/310/274 332/307/271 733/466/385 411/467/382
f 332/307/271 52/162/141 353/165/144 733/466/385
f 733/466/385 353/165/144 89/170/149 412/468/386
f 411/467/382 733/466/385 412/468/386 104/469/383
f 104/469/383 412/468/386 734/470/387 413/471/388
f 412/468/386 89/170/149 354/184/163 734/470/387
f 734/470/387 354/184/163 53/186/165 297/472/375
f 413/471/388 734/470/387 297/472/375 61/473/371
f 58/265/234 414/465/384 735/474/389 291/260/229
f 414/465/384 104/464/383 413/475/388 735/474/389
f 735/474/389 413/475/388 61/446/371 298/444/369
f 291/260/229 735/474/389 298/444/369 42/257/226
f 105/476/390 438/477/391 736/478/392 423/479/393
f 438/477/391 106/480/394 416/481/395 736/478/392
f 736/478/392 416/481/395 27/154/74 285/157/138
f 423/479/393 736/478/392 285/157/138 38/94/93
f 106/482/394 437/483/396 737/484/397 416/485/395
f 437/483/396 107/486/398 417/487/399 737/484/397
f 737/484/397 417/487/399 33/67/66 270/70/69
f 416/485/395 737/484/397 270/70/69 27/75/74
f 107/486/398 436/488/400 738/489/401 417/487/399
f 436/488/400 108/490/402 418/491/403 738/489/401
f 738/489/401 418/491/403 26/138/83 276/141/130
f 417/487/399 738/489/401 276/141/130 33/67/66
f 108/492/402 435/493/404 739/494/405 418/495/403
f 435/493/404 109/496/406 419/497/407 739/494/405
f 739/494/405 419/497/407 39/76/75 269/79/78
f 418/495/403 739/494/405 269/79/78 26/84/83
f 109/496/406 434/498/408 740/499/409 419/497/407
f 434/498/408 110/500/410 420/501/411 740/499/409
f 740/499/409 420/501/411 25/158/92 286/161/140
f 419/497/407 740/499/409 286/161/140 39/76/75
f 110/502/410 433/503/412 741/504/413 420/505/411
f 433/503/412 111/506/414 421/507/415 741/504/413
f 741/504/413 421/507/415 32/85/84 268/88/87
f 420/505/411 741/504/413 268/88/87 25/93/92
f 111/506/414 432/508/416 742/509/417 421/507/415
f 432/508/416 112/510/418 422/511/419 742/509/417
f 742/509/417 422/511/419 24/134/101 275/137/128
f 421/507/415 742/509/417 275/137/128 32/85/84
f 112/512/418 431/513/420 743/514/421 422/515/419
f 431/513/420 105/476/390 423/479/393 743/514/421
f 743/514/421 423/479/393 38/94/93 267/97/96
f 422/515/419 743/514/421 267/97/96 24/102/101
f 43/180/159 296/179/158 744/516/422 430/517/423
f 296/179/158 60/175/154 415/518/424 744/516/422
f 744/516/422 415/518/424 105/476/390 431/513/420
f 430/517/423 744/516/422 431/513/420 112/512/418
f 63/200/174 301/199/173 745/519/425 429/520/426
f 301/199/173 43/198/159 430/521/423 745/519/425
f 745/519/425 430/521/423 112/510/418 432/508/416
f 429/520/426 745/519/425 432/508/416 111/506/414
f 47/205/179 302/204/178 746/522/427 428/523/428
f 302/204/178 63/200/174 429/520/426 746/522/427
f 746/522/427 429/520/426 111/506/414 433/503/412
f 428/523/428 746/522/427 433/503/412 110/502/410
f 66/225/194 307/224/193 747/524/429 427/525/430
f 307/224/193 47/223/179 428/526/428 747/524/429
f 747/524/429 428/526/428 110/500/410 434/498/408
f 427/525/430 747/524/429 434/498/408 109/496/406
f 45/230/199 308/229/198 748/527/431 426/528/432
f 308/229/198 66/225/194 427/525/430 748/527/431
f 748/527/431 427/525/430 109/496/406 435/493/404
f 426/528/432 748/527/431 435/493/404 108/492/402
f 69/529/311 313/530/309 749/531/433 425/532/434
f 313/530/309 45/533/199 426/534/432 749/531/433
f 749/531/433 426/534/432 108/490/402 436/488/400
f 425/532/434 749/531/433 436/488/400 107/486/398
f 41/535/152 314/536/315 750/537/435 424/538/436
f 314/536/315 69/529/311 425/532/434 750/537/435
f 750/537/435 425/532/434 107/486/398 437/483/396
f 424/538/436 750/537/435 437/483/396 106/482/394
f 60/175/154 295/174/153 751/539/437 415/518/424
f 295/174/153 41/173/152 424/540/436 751/539/437
f 751/539/437 424/540/436 106/480/394 438/477/391
f 415/518/424 751/539/437 438/477/391 105/476/390
f 5/541/438 454/542/439 752/543/440 249/544/441
f 454/542/439 21/545/120 263/546/119 752/543/440
f 752/543/440 263/546/119 37/547/118 250/548/442
f 249/544/441 752/543/440 250/548/442 15/549/443
f 119/38/37 449/550/444 753/551/445 238/39/38
f 449/550/444 125/43/42 465/46/45 753/551/445
f 753/551/445 465/46/45 123/51/50 244/552/446
f 238/39/38 753/551/445 244/552/446 11/40/39
f 4/553/447 247/554/448 754/555/449 463/556/450
f 247/554/448 13/557/451 445/558/452 754/555/449
f 754/555/449 445/558/452 118/47/46 460/44/43
f 463/556/450 754/555/449 460/44/43 125/43/42
f 7/1/1 236/559/32 755/560/453 246/2/2
f 236/559/32 23/110/31 261/109/108 755/560/453
f 755/560/453 261/109/108 36/108/107 452/561/454
f 246/2/2 755/560/453 452/561/454 117/5/5
f 5/562/438 240/563/455 756/564/456 454/565/439
f 240/563/455 10/52/51 442/55/54 756/564/456
f 756/564/456 442/55/54 116/60/59 447/566/457
f 454/565/439 756/564/456 447/566/457 21/128/120
f 122/56/55 457/567/458 757/568/459 462/57/56
f 457/567/458 9/569/460 441/570/461 757/568/459
f 757/568/459 441/570/461 115/571/462 461/572/463
f 462/57/56 757/568/459 461/572/463 126/58/57
f 7/33/1 440/573/4 758/574/464 444/28/28
f 440/573/4 121/575/9 234/576/465 758/574/464
f 758/574/464 234/576/465 4/553/447 229/577/466
f 444/28/28 758/574/464 229/577/466 12/25/25
f 15/549/443 250/548/442 759/578/467 245/579/468
f 250/548/442 37/547/118 284/580/133 759/578/467
f 759/578/467 284/580/133 20/581/33 451/582/36
f 245/579/468 759/578/467 451/582/36 6/583/41
f 12/25/25 229/577/466 760/584/469 450/66/65
f 229/577/466 4/553/447 463/556/450 760/584/469
f 760/584/469 463/556/450 125/43/42 449/550/444
f 450/66/65 760/584/469 449/550/444 119/38/37
f 126/58/57 461/572/463 761/585/470 230/586/471
f 461/572/463 115/571/462 439/587/472 761/585/470
f 761/585/470 439/587/472 113/588/20 443/589/17
f 230/586/471 761/585/470 443/589/17 3/590/16
f 121/575/9 456/591/15 762/592/473 234/576/465
f 456/591/15 2/593/14 235/594/474 762/592/473
f 762/592/473 235/594/474 13/557/451 247/554/448
f 234/576/465 762/592/473 247/554/448 4/553/447
f 117/5/5 228/595/475 763/596/476 448/6/6
f 228/595/475 114/597/477 241/598/478 763/596/476
f 763/596/476 241/598/478 120/24/24 464/62/61
f 448/6/6 763/596/476 464/62/61 124/7/7
f 117/5/5 452/561/454 764/599/479 228/595/475
f 452/561/454 36/108/107 283/153/136 764/599/479
f 764/599/479 283/153/136 22/152/114 242/600/480
f 228/595/475 764/599/479 242/600/480 114/597/477
f 3/590/16 469/601/481 765/602/482 230/586/471
f 469/601/481 127/603/483 470/604/484 765/602/482
f 765/602/482 470/604/484 116/60/59 453/59/58
f 230/586/471 765/602/482 453/59/58 126/58/57
f 31/114/112 274/129/124 766/605/485 468/606/486
f 274/129/124 21/128/120 447/566/457 766/605/485
f 766/605/485 447/566/457 116/60/59 470/604/484
f 468/606/486 766/605/485 470/604/484 127/603/483
f 22/116/114 262/115/113 767/607/487 242/608/480
f 262/115/113 31/114/112 468/606/486 767/607/487
f 767/607/487 468/606/486 127/603/483 471/609/488
f 242/608/480 767/607/487 471/609/488 114/610/477
f 114/597/477 471/611/488 768/612/489 241/598/478
f 471/611/488 127/613/483 469/614/481 768/612/489
f 768/612/489 469/614/481 3/16/16 466/19/19
f 241/598/478 768/612/489 466/19/19 120/24/24
f 151/615/490 521/616/491 769/617/492 481/618/493
f 521/616/491 149/619/494 472/620/495 769/617/492
f 769/617/492 472/620/495 129/621/496 478/622/497
f 481/618/493 769/617/492 478/622/497 132/623/498
f 166/624/499 547/625/500 770/626/501 480/627/502
f 547/625/500 164/628/503 473/629/504 770/626/501
f 770/626/501 473/629/504 128/630/505 479/631/506
f 480/627/502 770/626/501 479/631/506 133/632/507
f 167/633/508 546/634/509 771/635/510 485/636/511
f 546/634/509 165/637/512 476/638/513 771/635/510
f 771/635/510 476/638/513 131/639/514 483/640/515
f 485/636/511 771/635/510 483/640/515 135/641/516
f 152/642/517 520/643/518 772/644/519 484/645/520
f 520/643/518 150/646/521 477/647/522 772/644/519
f 772/644/519 477/647/522 130/648/523 482/649/524
f 484/645/520 772/644/519 482/649/524 134/650/525
f 165/637/512 545/651/526 773/652/527 476/638/513
f 545/651/526 166/624/499 480/627/502 773/652/527
f 773/652/527 480/627/502 133/632/507 475/653/528
f 476/638/513 773/652/527 475/653/528 131/639/514
f 150/646/521 519/654/529 774/655/530 477/647/522
f 519/654/529 151/615/490 481/618/493 774/655/530
f 774/655/530 481/618/493 132/623/498 474/656/531
f 477/647/522 774/655/530 474/656/531 130/648/523
f 154/657/532 518/658/533 775/659/534 487/660/535
f 518/658/533 155/661/536 488/662/537 775/659/534
f 775/659/534 488/662/537 140/663/538 491/664/539
f 487/660/535 775/659/534 491/664/539 138/665/540
f 156/666/541 517/667/542 776/668/543 489/669/544
f 517/667/542 154/657/532 487/660/535 776/668/543
f 776/668/543 487/660/535 138/665/540 493/670/545
f 489/669/544 776/668/543 493/670/545 143/671/546
f 169/672/547 544/673/548 777/674/549 516/675/550
f 544/673/548 168/676/551 494/677/552 777/674/549
f 777/674/549 494/677/552 137/678/553 486/679/554
f 516/675/550 777/674/549 486/679/554 153/680/555
f 155/661/536 515/681/556 778/682/557 488/662/537
f 515/681/556 153/683/555 486/684/554 778/682/557
f 778/682/557 486/684/554 137/685/553 495/686/558
f 488/662/537 778/682/557 495/686/558 140/663/538
f 163/687/559 536/688/560 779/689/561 514/690/562
f 536/688/560 162/691/563 501/692/564 779/689/561
f 779/689/561 501/692/564 148/693/565 513/694/566
f 514/690/562 779/689/561 513/694/566 157/695/567
f 159/696/568 535/697/569 780/698/570 498/699/571
f 535/697/569 160/700/572 499/701/573 780/698/570
f 780/698/570 499/701/573 146/702/574 503/703/575
f 498/699/571 780/698/570 503/703/575 145/704/576
f 161/705/577 534/706/578 781/707/579 500/708/580
f 534/706/578 159/696/568 498/699/571 781/707/579
f 781/707/579 498/699/571 145/704/576 504/709/581
f 500/708/580 781/707/579 504/709/581 147/710/582
f 158/711/583 533/712/584 782/713/585 497/714/586
f 533/712/584 163/687/559 514/690/562 782/713/585
f 782/713/585 514/690/562 157/695/567 502/715/587
f 497/714/586 782/713/585 502/715/587 144/716/588
f 133/632/507 479/631/506 783/717/589 511/718/590
f 479/631/506 128/630/505 509/719/591 783/717/589
f 783/717/589 509/719/591 153/683/555 515/681/556
f 511/718/590 783/717/589 515/681/556 155/661/536
f 164/720/503 543/721/592 784/722/593 473/723/504
f 543/721/592 169/672/547 516/675/550 784/722/593
f 784/722/593 516/675/550 153/680/555 509/724/591
f 473/723/504 784/722/593 509/724/591 128/725/505
f 135/641/516 483/640/515 785/726/594 512/727/595
f 483/640/515 131/639/514 510/728/596 785/726/594
f 785/726/594 510/728/596 154/657/532 517/667/542
f 512/727/595 785/726/594 517/667/542 156/666/541
f 131/639/514 475/653/528 786/729/597 510/728/596
f 475/653/528 133/632/507 511/718/590 786/729/597
f 786/729/597 511/718/590 155/661/536 518/658/533
f 510/728/596 786/729/597 518/658/533 154/657/532
f 139/730/598 490/731/599 787/732/600 506/733/601
f 490/731/599 141/734/602 507/735/603 787/732/600
f 787/732/600 507/735/603 151/615/490 519/654/529
f 506/733/601 787/732/600 519/654/529 150/646/521
f 142/736/604 492/737/605 788/738/606 508/739/607
f 492/737/605 139/730/598 506/733/601 788/738/606
f 788/738/606 506/733/601 150/646/521 520/643/518
f 508/739/607 788/738/606 520/643/518 152/642/517
f 141/734/602 496/740/608 789/741/609 507/735/603
f 496/740/608 136/742/610 505/743/611 789/741/609
f 789/741/609 505/743/611 149/619/494 521/616/491
f 507/735/603 789/741/609 521/616/491 151/615/490
f 8/49/48 237/48/47 790/744/612 523/745/613
f 237/48/47 118/47/46 522/746/614 790/744/612
f 790/744/612 522/746/614 156/666/541 489/669/544
f 523/745/613 790/744/612 489/669/544 143/671/546
f 118/47/46 445/558/452 791/747/615 522/746/614
f 445/558/452 13/557/451 524/748/616 791/747/615
f 791/747/615 524/748/616 135/641/516 512/727/595
f 522/746/614 791/747/615 512/727/595 156/666/541
f 142/736/604 508/739/607 792/749/617 231/750/618
f 508/739/607 152/642/517 525/751/619 792/749/617
f 792/749/617 525/751/619 115/571/462 441/570/461
f 231/750/618 792/749/617 441/570/461 9/569/460
f 113/588/20 439/587/472 793/752/620 526/753/621
f 439/587/472 115/571/462 525/751/619 793/752/620
f 793/752/620 525/751/619 152/642/517 484/645/520
f 526/753/621 793/752/620 484/645/520 134/650/525
f 129/754/496 472/755/495 794/756/622 527/757/623
f 472/755/495 149/758/494 532/759/624 794/756/622
f 794/756/622 532/759/624 163/687/559 533/712/584
f 527/757/623 794/756/622 533/712/584 158/711/583
f 134/760/525 482/761/524 795/762/625 530/763/626
f 482/761/524 130/764/523 528/765/627 795/762/625
f 795/762/625 528/765/627 159/696/568 534/706/578
f 530/763/626 795/762/625 534/706/578 161/705/577
f 130/764/523 474/766/531 796/767/628 528/765/627
f 474/766/531 132/768/498 529/769/629 796/767/628
f 796/767/628 529/769/629 160/700/572 535/697/569
f 528/765/627 796/767/628 535/697/569 159/696/568
f 149/758/494 505/770/611 797/771/630 532/759/624
f 505/770/611 136/772/610 531/773/631 797/771/630
f 797/771/630 531/773/631 162/691/563 536/688/560
f 532/759/624 797/771/630 536/688/560 163/687/559
f 144/716/588 502/715/587 798/774/632 537/775/633
f 502/715/587 157/695/567 542/776/634 798/774/632
f 798/774/632 542/776/634 169/672/547 543/721/592
f 537/775/633 798/774/632 543/721/592 164/720/503
f 157/695/567 513/694/566 799/777/635 542/776/634
f 513/694/566 148/693/565 541/778/636 799/777/635
f 799/777/635 541/778/636 168/676/551 544/673/548
f 542/776/634 799/777/635 544/673/548 169/672/547
f 145/704/576 503/703/575 800/779/637 538/780/638
f 503/703/575 146/702/574 539/781/639 800/779/637
f 800/779/637 539/781/639 166/782/499 545/783/526
f 538/780/638 800/779/637 545/783/526 165/784/512
f 147/710/582 504/709/581 801/785/640 540/786/641
f 504/709/581 145/704/576 538/780/638 801/785/640
f 801/785/640 538/780/638 165/784/512 546/787/509
f 540/786/641 801/785/640 546/787/509 167/788/508
f 13/557/451 235/594/474 802/789/642 524/748/616
f 235/594/474 2/593/14 548/790/643 802/789/642
f 802/789/642 548/790/643 167/633/508 485/636/511
f 524/748/616 802/789/642 485/636/511 135/641/516
f 2/14/14 232/13/13 803/791/644 548/792/643
f 232/13/13 14/12/12 549/793/645 803/791/644
f 803/791/644 549/793/645 147/710/582 540/786/641
f 548/792/643 803/791/644 540/786/641 167/788/508
f 14/12/12 248/63/62 804/794/646 549/793/645
f 248/63/62 1/22/22 550/795/647 804/794/646
f 804/794/646 550/795/647 161/705/577 500/708/580
f 549/793/645 804/794/646 500/708/580 147/710/582
f 1/22/22 233/21/21 805/796/648 550/795/647
f 233/21/21 113/20/20 526/797/621 805/796/648
f 805/796/648 526/797/621 134/760/525 530/763/626
f 550/795/647 805/796/648 530/763/626 161/705/577
f 202/798/649 610/799/650 806/800/651 593/801/652
f 610/799/650 195/802/653 595/803/654 806/800/651
f 806/800/651 595/803/654 172/804/655 557/805/656
f 593/801/652 806/800/651 557/805/656 187/806/657
f 193/807/658 592/808/659 807/809/660 578/810/661
f 592/808/659 188/811/662 562/812/663 807/809/660
f 807/809/660 562/812/663 174/813/664 558/814/665
f 578/810/661 807/809/660 558/814/665 185/815/666
f 201/816/667 609/817/668 808/818/669 577/819/670
f 609/817/668 196/820/671 563/821/672 808/818/669
f 808/818/669 563/821/672 177/822/673 573/823/674
f 577/819/670 808/818/669 573/823/674 184/824/675
f 192/825/676 591/826/677 809/827/678 576/828/679
f 591/826/677 189/829/680 564/830/681 809/827/678
f 809/827/678 564/830/681 176/831/682 572/832/683
f 576/828/679 809/827/678 572/832/683 183/833/684
f 200/834/685 608/835/686 810/836/687 575/837/688
f 608/835/686 197/838/689 565/839/690 810/836/687
f 810/836/687 565/839/690 175/840/691 571/841/692
f 575/837/688 810/836/687 571/841/692 182/842/693
f 188/811/662 590/843/694 811/844/695 562/812/663
f 590/843/694 190/845/696 567/846/697 811/844/695
f 811/844/695 567/846/697 178/847/698 566/848/699
f 562/812/663 811/844/695 566/848/699 174/813/664
f 196/820/671 607/849/700 812/850/701 563/821/672
f 607/849/700 198/851/702 568/852/703 812/850/701
f 812/850/701 568/852/703 181/853/704 561/854/705
f 563/821/672 812/850/701 561/854/705 177/822/673
f 189/829/680 589/855/706 813/856/707 564/830/681
f 589/855/706 191/857/708 569/858/709 813/856/707
f 813/856/707 569/858/709 180/859/710 560/860/711
f 564/830/681 813/856/707 560/860/711 176/831/682
f 197/838/689 606/861/712 814/862/713 565/839/690
f 606/861/712 199/863/714 570/864/715 814/862/713
f 814/862/713 570/864/715 179/865/716 559/866/717
f 565/839/690 814/862/713 559/866/717 175/840/691
f 210/867/718 618/868/719 815/869/720 626/870/721
f 618/868/719 200/834/685 575/837/688 815/869/720
f 815/869/720 575/837/688 182/842/693 611/871/722
f 626/870/721 815/869/720 611/871/722 203/872/723
f 208/873/724 616/874/725 816/875/726 625/876/727
f 616/874/725 192/825/676 576/828/679 816/875/726
f 816/875/726 576/828/679 183/833/684 612/877/728
f 625/876/727 816/875/726 612/877/728 204/878/729
f 209/879/730 617/880/731 817/881/732 624/882/733
f 617/880/731 201/816/667 577/819/670 817/881/732
f 817/881/732 577/819/670 184/824/675 613/883/734
f 624/882/733 817/881/732 613/883/734 205/884/735
f 207/885/736 615/886/737 818/887/738 623/888/739
f 615/886/737 193/807/658 578/810/661 818/887/738
f 818/887/738 578/810/661 185/815/666 574/889/740
f 623/888/739 818/887/738 574/889/740 206/890/741
f 205/891/735 613/892/734 819/893/742 622/894/743
f 613/892/734 184/895/675 586/896/744 819/893/742
f 819/893/742 586/896/744 193/807/658 615/886/737
f 622/894/743 819/893/742 615/886/737 207/885/736
f 203/897/723 611/898/722 820/899/745 621/900/746
f 611/898/722 182/901/693 585/902/747 820/899/745
f 820/899/745 585/902/747 192/825/676 616/874/725
f 621/900/746 820/899/745 616/874/725 208/873/724
f 175/903/691 559/904/717 821/905/748 582/906/749
f 559/904/717 179/907/716 584/908/750 821/905/748
f 821/905/748 584/908/750 191/857/708 589/855/706
f 582/906/749 821/905/748 589/855/706 189/829/680
f 177/909/673 561/910/705 822/911/751 581/912/752
f 561/910/705 181/913/704 583/914/753 822/911/751
f 822/911/751 583/914/753 190/845/696 590/843/694
f 581/912/752 822/911/751 590/843/694 188/811/662
f 182/901/693 571/915/692 823/916/754 585/902/747
f 571/915/692 175/903/691 582/906/749 823/916/754
f 823/916/754 582/906/749 189/829/680 591/826/677
f 585/902/747 823/916/754 591/826/677 192/825/676
f 184/895/675 573/917/674 824/918/755 586/896/744
f 573/917/674 177/909/673 581/912/752 824/918/755
f 824/918/755 581/912/752 188/811/662 592/808/659
f 586/896/744 824/918/755 592/808/659 193/807/658
f 194/919/756 603/920/757 825/921/758 551/922/759
f 603/920/757 202/798/649 593/801/652 825/921/758
f 825/921/758 593/801/652 187/806/657 580/923/760
f 551/922/759 825/921/758 580/923/760 170/924/761
f 171/925/762 553/926/763 826/927/764 594/928/765
f 553/926/763 186/929/766 602/930/767 826/927/764
f 826/927/764 602/930/767 202/798/649 603/920/757
f 594/928/765 826/927/764 603/920/757 194/919/756
f 204/931/729 612/932/728 827/933/768 620/934/769
f 612/932/728 183/935/684 601/936/770 827/933/768
f 827/933/768 601/936/770 201/816/667 617/880/731
f 620/934/769 827/933/768 617/880/731 209/879/730
f 206/937/741 574/938/740 828/939/771 619/940/772
f 574/938/740 185/941/666 600/942/773 828/939/771
f 828/939/771 600/942/773 200/834/685 618/868/719
f 619/940/772 828/939/771 618/868/719 210/867/718
f 174/943/664 566/944/699 829/945/774 597/946/775
f 566/944/699 178/947/698 599/948/776 829/945/774
f 829/945/774 599/948/776 199/863/714 606/861/712
f 597/946/775 829/945/774 606/861/712 197/838/689
f 176/949/682 560/950/711 830/951/777 596/952/778
f 560/950/711 180/953/710 598/954/779 830/951/777
f 830/951/777 598/954/779 198/851/702 607/849/700
f 596/952/778 830/951/777 607/849/700 196/820/671
f 185/941/666 558/955/665 831/956/780 600/942/773
f 558/955/665 174/943/664 597/946/775 831/956/780
f 831/956/780 597/946/775 197/838/689 608/835/686
f 600/942/773 831/956/780 608/835/686 200/834/685
f 183/935/684 572/957/683 832/958/781 601/936/770
f 572/957/683 176/949/682 596/952/778 832/958/781
f 832/958/781 596/952/778 196/820/671 609/817/668
f 601/936/770 832/958/781 609/817/668 201/816/667
f 186/959/766 579/960/782 833/961/783 602/962/767
f 579/960/782 173/963/784 555/964/785 833/961/783
f 833/961/783 555/964/785 195/965/653 610/966/650
f 602/962/767 833/961/783 610/966/650 202/967/649
f 859/968/786 886/969/787 627/970/788 211/971/789
f 857/972/790 901/973/791 638/974/792 212/975/793
f 551/976/759 170/977/761 856/978/794 887/979/795
f 605/980/796 194/981/756 860/982/797 920/983/798
f 928/984/799 934/985/800 631/986/801 218/987/802
f 943/988/803 928/989/799 218/990/802 636/991/804
f 173/992/784 554/993/805 938/994/806 925/995/807
f 604/996/808 195/997/653 929/998/809 944/999/810
f 853/1000/811 889/1001/812 639/1002/813 226/1003/814
f 851/1004/815 919/1005/816 637/1006/817 225/1007/818
f 619/940/772 210/867/718 850/1008/819 890/1009/820
f 614/1010/821 206/1011/741 854/1012/822 902/1013/823
f 555/1014/785 173/1015/784 925/1016/807 935/1017/824
f 923/1018/825 940/1019/826 640/1020/827 216/1021/828
f 554/993/805 204/878/729 922/1022/829 938/994/806
f 934/985/800 926/1023/830 217/1024/831 631/986/801
f 187/806/657 587/1025/832 834/1026/833 580/923/760
f 587/1025/832 207/1027/736 623/1028/739 834/1026/833
f 834/1026/833 623/1028/739 206/1029/741 614/1030/821
f 580/923/760 834/1026/833 614/1030/821 170/924/761
f 195/1031/653 604/1032/808 835/1033/834 595/1034/654
f 604/1032/808 209/879/730 624/882/733 835/1033/834
f 835/1033/834 624/882/733 205/884/735 556/1035/835
f 595/1034/654 835/1033/834 556/1035/835 172/1036/655
f 186/1037/766 588/1038/836 836/1039/837 579/1040/782
f 588/1038/836 208/873/724 625/876/727 836/1039/837
f 836/1039/837 625/876/727 204/878/729 554/993/805
f 579/1040/782 836/1039/837 554/993/805 173/992/784
f 194/919/756 605/1041/796 837/1042/838 594/928/765
f 605/1041/796 210/1043/718 626/1044/721 837/1042/838
f 837/1042/838 626/1044/721 203/1045/723 552/1046/839
f 594/928/765 837/1042/838 552/1046/839 171/925/762
f 212/1047/793 638/1048/792 838/1049/840 627/1050/788
f 638/1048/792 226/1051/814 639/1052/813 838/1049/840
f 838/1049/840 639/1052/813 225/1053/818 637/1054/817
f 627/1050/788 838/1049/840 637/1054/817 211/1055/789
f 217/1056/831 630/1057/841 839/1058/842 631/1059/801
f 630/1057/841 216/1060/828 640/1061/827 839/1058/842
f 839/1058/842 640/1061/827 224/1062/843 636/1063/804
f 631/1059/801 839/1058/842 636/1063/804 218/1064/802
f 214/1065/844 628/1066/845 840/1067/846 629/1068/847
f 628/1066/845 213/1069/848 641/1070/849 840/1067/846
f 840/1067/846 641/1070/849 223/1071/850 635/1072/851
f 629/1068/847 840/1067/846 635/1072/851 215/1073/852
f 220/1074/853 632/1075/854 841/1076/855 633/1077/856
f 632/1075/854 219/1078/857 642/1079/858 841/1076/855
f 841/1076/855 642/1079/858 222/1080/859 634/1081/860
f 633/1077/856 841/1076/855 634/1081/860 221/1082/861
f 937/1083/862 923/1084/825 216/1085/828 630/1086/841
f 932/1087/863 943/988/803 636/991/804 224/1088/843
f 620/1089/769 209/1090/730 931/1091/864 941/1092/865
f 926/1093/830 937/1083/862 630/1086/841 217/1094/831
f 865/1095/866 892/1096/867 641/1097/849 213/1098/848
f 863/1099/868 910/1100/869 635/1101/851 223/1102/850
f 621/1103/746 208/1104/724 862/1105/870 893/1106/871
f 552/1107/839 203/1108/723 866/1109/872 914/1110/873
f 871/1111/874 895/1112/875 632/1113/854 220/1114/853
f 869/1115/876 904/1116/877 642/1117/858 219/1118/857
f 556/1035/835 205/884/735 868/1119/878 896/1120/879
f 557/1121/656 172/1122/655 872/1123/880 908/1124/881
f 877/1125/882 898/1126/883 634/1127/860 222/1128/859
f 875/1129/884 907/1130/885 633/1131/856 221/1132/861
f 587/1133/832 187/1134/657 874/1135/886 899/1136/887
f 622/894/743 207/885/736 878/1137/888 905/1138/889
f 886/969/787 857/1139/790 212/1140/793 627/970/788
f 170/1141/761 614/1010/821 902/1013/823 856/1142/794
f 206/937/741 619/940/772 890/1009/820 854/1143/822
f 919/1005/816 859/1144/786 211/1145/789 637/1006/817
f 895/1112/875 869/1146/876 219/1147/857 632/1113/854
f 186/1148/766 553/1149/763 917/1150/890 880/1151/891
f 207/1152/736 587/1133/832 899/1136/887 878/1153/888
f 907/1130/885 871/1154/874 220/1155/853 633/1131/856
f 898/1126/883 875/1156/884 221/1157/861 634/1127/860
f 187/1158/657 557/1121/656 908/1124/881 874/1159/886
f 172/1036/655 556/1035/835 896/1120/879 872/1160/880
f 904/1116/877 877/1161/882 222/1162/859 642/1117/858
f 892/1096/867 863/1163/868 223/1164/850 641/1097/849
f 881/1165/892 916/1166/893 629/1167/847 215/1168/852
f 588/1169/836 186/1148/766 880/1151/891 911/1170/894
f 913/1171/895 865/1172/866 213/1173/848 628/1174/845
f 883/1175/896 913/1171/895 628/1174/845 214/1176/844
f 205/891/735 622/894/743 905/1138/889 868/1177/878
f 203/1178/723 621/1103/746 893/1106/871 866/1179/872
f 553/1149/763 171/1180/762 884/1181/897 917/1150/890
f 940/1019/826 932/1182/863 224/1183/843 640/1020/827
f 209/1184/730 604/996/808 944/999/810 931/1185/864
f 195/1186/653 555/1014/785 935/1017/824 929/1187/809
f 910/1100/869 881/1165/892 215/1168/852 635/1101/851
f 171/1188/762 552/1107/839 914/1110/873 884/1189/897
f 916/1166/893 883/1190/896 214/1191/844 629/1167/847
f 889/1001/812 851/1192/815 225/1193/818 639/1002/813
f 208/1194/724 588/1169/836 911/1170/894 862/1195/870
f 194/1196/756 551/976/759 887/979/795 860/1197/797
f 901/973/791 853/1198/811 226/1199/814 638/974/792
f 181/853/704 568/852/703 842/1200/898 643/1201/899
f 568/852/703 198/851/702 644/1202/900 842/1200/898
f 842/1200/898 644/1202/900 160/1203/572 529/1204/629
f 643/1201/899 842/1200/898 529/1204/629 132/1205/498
f 198/851/702 598/954/779 843/1206/901 644/1202/900
f 598/954/779 180/953/710 645/1207/902 843/1206/901
f 843/1206/901 645/1207/902 146/1208/574 499/1209/573
f 644/1202/900 843/1206/901 499/1209/573 160/1203/572
f 180/859/710 569/858/709 844/1210/903 645/1211/902
f 569/858/709 191/857/708 646/1212/904 844/1210/903
f 844/1210/903 646/1212/904 166/624/499 539/1213/639
f 645/1211/902 844/1210/903 539/1213/639 146/1214/574
f 191/857/708 584/908/750 845/1215/905 646/1212/904
f 584/908/750 179/907/716 647/1216/906 845/1215/905
f 845/1215/905 647/1216/906 164/628/503 547/625/500
f 646/1212/904 845/1215/905 547/625/500 166/624/499
f 179/865/716 570/864/715 846/1217/907 647/1218/906
f 570/864/715 199/863/714 648/1219/908 846/1217/907
f 846/1217/907 648/1219/908 144/716/588 537/775/633
f 647/1218/906 846/1217/907 537/775/633 164/720/503
f 199/863/714 599/948/776 847/1220/909 648/1219/908
f 599/948/776 178/947/698 649/1221/910 847/1220/909
f 847/1220/909 649/1221/910 158/711/583 497/714/586
f 648/1219/908 847/1220/909 497/714/586 144/716/588
f 178/847/698 567/846/697 848/1222/911 649/1223/910
f 567/846/697 190/845/696 650/1224/912 848/1222/911
f 848/1222/911 650/1224/912 129/621/496 527/1225/623
f 649/1223/910 848/1222/911 527/1225/623 158/1226/583
f 190/845/696 583/914/753 849/1227/913 650/1224/912
f 583/914/753 181/913/704 643/1228/899 849/1227/913
f 849/1227/913 643/1228/899 132/623/498 478/622/497
f 650/1224/912 849/1227/913 478/622/497 129/621/496
f 857/1139/790 886/969/787 888/1229/914 858/1230/915
f 858/1230/915 888/1229/914 887/979/795 856/978/794
f 860/1197/797 887/979/795 888/1229/914 861/1231/916
f 861/1231/916 888/1229/914 886/969/787 859/968/786
f 851/1192/815 889/1001/812 891/1232/917 852/1233/918
f 852/1233/918 891/1232/917 890/1009/820 850/1008/819
f 854/1143/822 890/1009/820 891/1232/917 855/1234/919
f 855/1234/919 891/1232/917 889/1001/812 853/1000/811
f 863/1163/868 892/1096/867 894/1235/920 864/1236/921
f 864/1236/921 894/1235/920 893/1106/871 862/1105/870
f 866/1179/872 893/1106/871 894/1235/920 867/1237/922
f 867/1237/922 894/1235/920 892/1096/867 865/1095/866
f 869/1146/876 895/1112/875 897/1238/923 870/1239/924
f 870/1239/924 897/1238/923 896/1120/879 868/1119/878
f 872/1160/880 896/1120/879 897/1238/923 873/1240/925
f 873/1240/925 897/1238/923 895/1112/875 871/1111/874
f 875/1156/884 898/1126/883 900/1241/926 876/1242/927
f 876/1242/927 900/1241/926 899/1136/887 874/1135/886
f 878/1153/888 899/1136/887 900/1241/926 879/1243/928
f 879/1243/928 900/1241/926 898/1126/883 877/1125/882
f 853/1198/811 901/973/791 903/1244/929 855/1245/919
f 855/1245/919 903/1244/929 902/1013/823 854/1012/822
f 856/1142/794 902/1013/823 903/1244/929 858/1246/915
f 858/1246/915 903/1244/929 901/973/791 857/972/790
f 877/1161/882 904/1116/877 906/1247/930 879/1248/928
f 879/1248/928 906/1247/930 905/1138/889 878/1137/888
f 868/1177/878 905/1138/889 906/1247/930 870/1249/924
f 870/1249/924 906/1247/930 904/1116/877 869/1115/876
f 871/1154/874 907/1130/885 909/1250/931 873/1251/925
f 873/1251/925 909/1250/931 908/1124/881 872/1123/880
f 874/1159/886 908/1124/881 909/1250/931 876/1252/927
f 876/1252/927 909/1250/931 907/1130/885 875/1129/884
f 881/1165/892 910/1100/869 912/1253/932 882/1254/933
f 882/1254/933 912/1253/932 911/1170/894 880/1151/891
f 862/1195/870 911/1170/894 912/1253/932 864/1255/921
f 864/1255/921 912/1253/932 910/1100/869 863/1099/868
f 865/1172/866 913/1171/895 915/1256/934 867/1257/922
f 867/1257/922 915/1256/934 914/1110/873 866/1109/872
f 884/1189/897 914/1110/873 915/1256/934 885/1258/935
f 885/1258/935 915/1256/934 913/1171/895 883/1175/896
f 883/1190/896 916/1166/893 918/1259/936 885/1260/935
f 885/1260/935 918/1259/936 917/1150/890 884/1181/897
f 880/1151/891 917/1150/890 918/1259/936 882/1254/933
f 882/1254/933 918/1259/936 916/1166/893 881/1165/892
f 859/1144/786 919/1005/816 921/1261/937 861/1262/916
f 861/1262/916 921/1261/937 920/983/798 860/982/797
f 850/1263/819 920/983/798 921/1261/937 852/1264/918
f 852/1264/918 921/1261/937 919/1005/816 851/1004/815
f 210/1265/718 605/980/796 920/983/798 850/1263/819
f 926/1023/830 934/985/800 936/1266/938 927/1267/939
f 927/1267/939 936/1266/938 935/1017/824 925/1016/807
f 929/1187/809 935/1017/824 936/1266/938 930/1268/940
f 930/1268/940 936/1266/938 934/985/800 928/984/799
f 923/1084/825 937/1083/862 939/1269/941 924/1270/942
f 924/1270/942 939/1269/941 938/994/806 922/1022/829
f 925/995/807 938/994/806 939/1269/941 927/1271/939
f 927/1271/939 939/1269/941 937/1083/862 926/1093/830
f 932/1182/863 940/1019/826 942/1272/943 933/1273/944
f 933/1273/944 942/1272/943 941/1092/865 931/1091/864
f 922/1274/829 941/1092/865 942/1272/943 924/1275/942
f 924/1275/942 942/1272/943 940/1019/826 923/1018/825
f 928/989/799 943/988/803 945/1276/945 930/1277/940
f 930/1277/940 945/1276/945 944/999/810 929/998/809
f 931/1185/864 944/999/810 945/1276/945 933/1278/944
f 933/1278/944 945/1276/945 943/988/803 932/1087/863
f 204/1279/729 620/1089/769 941/1092/865 922/1274/829
f 950/1/946 1358/4/947 1556/3/948 1165/2/949
f 1165/2/949 1556/3/948 1366/6/950 1055/5/951
f 1556/3/948 1383/8/952 1060/7/953 1366/6/950
f 1358/4/947 1059/9/954 1383/8/952 1556/3/948
f 1060/7/953 1383/8/952 1557/11/955 1375/10/956
f 1375/10/956 1557/11/955 1156/13/957 953/12/958
f 1557/11/955 1374/15/959 947/14/960 1156/13/957
f 1383/8/952 1059/9/954 1374/15/959 1557/11/955
f 948/16/961 1382/19/962 1558/18/963 1361/17/964
f 1361/17/964 1558/18/963 1157/21/965 1051/20/966
f 1558/18/963 1373/23/967 946/22/968 1157/21/965
f 1382/19/962 1058/24/969 1373/23/967 1558/18/963
f 951/25/970 1362/28/971 1559/27/972 1152/26/973
f 1152/26/973 1559/27/972 1191/30/974 968/29/975
f 1559/27/972 1160/32/976 961/31/977 1191/30/974
f 1362/28/971 950/33/946 1160/32/976 1559/27/972
f 958/34/978 1369/37/979 1560/36/980 1364/35/981
f 1364/35/981 1560/36/980 1162/39/982 1057/38/983
f 1560/36/980 239/41/40 11/40/39 1162/39/982
f 1369/37/979 6/42/41 239/41/40 1560/36/980
f 1061/43/984 1381/46/985 1561/45/986 1376/44/987
f 1376/44/987 1561/45/986 1161/48/988 1056/47/989
f 1561/45/986 458/50/49 8/49/48 1161/48/988
f 1381/46/985 123/51/50 458/50/49 1561/45/986
f 10/52/51 1360/55/990 1562/54/991 243/53/52
f 243/53/52 1562/54/991 1378/57/992 122/56/55
f 1562/54/991 1371/59/993 1062/58/994 1378/57/992
f 1360/55/990 1054/60/995 1371/59/993 1562/54/991
f 1058/24/969 1380/62/996 1563/61/997 1373/23/967
f 1373/23/967 1563/61/997 1167/63/998 946/22/968
f 1563/61/997 1375/10/956 953/12/958 1167/63/998
f 1380/62/996 1060/7/953 1375/10/956 1563/61/997
f 968/29/975 1178/65/999 1564/64/1000 1152/26/973
f 1152/26/973 1564/64/1000 1368/66/1001 951/25/970
f 1564/64/1000 1364/35/981 1057/38/983 1368/66/1001
f 1178/65/999 958/34/978 1364/35/981 1564/64/1000
f 971/67/1002 1188/70/1003 1565/69/1004 1198/68/1005
f 1198/68/1005 1565/69/1004 1173/72/1006 966/71/1007
f 1565/69/1004 1169/74/1008 954/73/1009 1173/72/1006
f 1188/70/1003 965/75/1010 1169/74/1008 1565/69/1004
f 977/76/1011 1187/79/1012 1566/78/1013 1208/77/1014
f 1208/77/1014 1566/78/1013 1174/81/1015 972/80/1016
f 1566/78/1013 1184/83/1017 957/82/1018 1174/81/1015
f 1187/79/1012 964/84/1019 1184/83/1017 1566/78/1013
f 970/85/1020 1186/88/1021 1567/87/1022 1197/86/1023
f 1197/86/1023 1567/87/1022 1175/90/1024 967/89/1025
f 1567/87/1022 1183/92/1026 956/91/1027 1175/90/1024
f 1186/88/1021 963/93/1028 1183/92/1026 1567/87/1022
f 976/94/1029 1185/97/1030 1568/96/1031 1207/95/1032
f 1207/95/1032 1568/96/1031 1176/99/1033 973/98/1034
f 1568/96/1031 1182/101/1035 955/100/1036 1176/99/1033
f 1185/97/1030 962/102/1037 1182/101/1035 1568/96/1031
f 966/71/1007 1173/72/1006 1569/104/1038 1196/103/1039
f 1196/103/1039 1569/104/1038 1178/65/999 968/29/975
f 1569/104/1038 1177/105/1040 958/34/978 1178/65/999
f 1173/72/1006 954/73/1009 1177/105/1040 1569/104/1038
f 972/80/1016 1174/81/1015 1570/107/1041 1206/106/1042
f 1206/106/1042 1570/107/1041 1179/109/1043 974/108/1044
f 1570/107/1041 1172/111/1045 961/110/977 1179/109/1043
f 1174/81/1015 957/82/1018 1172/111/1045 1570/107/1041
f 967/89/1025 1175/90/1024 1571/113/1046 1195/112/1047
f 1195/112/1047 1571/113/1046 1180/115/1048 969/114/1049
f 1571/113/1046 1171/117/1050 960/116/1051 1180/115/1048
f 1175/90/1024 956/91/1027 1171/117/1050 1571/113/1046
f 973/98/1034 1176/99/1033 1572/119/1052 1205/118/1053
f 1205/118/1053 1572/119/1052 1181/121/1054 975/120/1055
f 1572/119/1052 1170/123/1056 959/122/1057 1181/121/1054
f 1176/99/1033 955/100/1036 1170/123/1056 1572/119/1052
f 955/124/1036 1190/127/1058 1573/126/1059 1170/125/1056
f 1170/125/1056 1573/126/1059 1192/129/1060 959/128/1057
f 1573/126/1059 1195/112/1047 969/114/1049 1192/129/1060
f 1190/127/1058 967/89/1025 1195/112/1047 1573/126/1059
f 957/130/1018 1189/133/1061 1574/132/1062 1172/131/1045
f 1172/131/1045 1574/132/1062 1191/30/974 961/31/977
f 1574/132/1062 1196/103/1039 968/29/975 1191/30/974
f 1189/133/1061 966/71/1007 1196/103/1039 1574/132/1062
f 962/134/1037 1193/137/1063 1575/136/1064 1182/135/1035
f 1182/135/1035 1575/136/1064 1190/127/1058 955/124/1036
f 1575/136/1064 1197/86/1023 967/89/1025 1190/127/1058
f 1193/137/1063 970/85/1020 1197/86/1023 1575/136/1064
f 964/138/1019 1194/141/1065 1576/140/1066 1184/139/1017
f 1184/139/1017 1576/140/1066 1189/133/1061 957/130/1018
f 1576/140/1066 1198/68/1005 966/71/1007 1189/133/1061
f 1194/141/1065 971/67/1002 1198/68/1005 1576/140/1066
f 954/142/1009 1200/145/1067 1577/144/1068 1177/143/1040
f 1177/143/1040 1577/144/1068 1202/147/1069 958/146/978
f 1577/144/1068 1205/118/1053 975/120/1055 1202/147/1069
f 1200/145/1067 973/98/1034 1205/118/1053 1577/144/1068
f 956/148/1027 1199/151/1070 1578/150/1071 1171/149/1050
f 1171/149/1050 1578/150/1071 1201/153/1072 960/152/1051
f 1578/150/1071 1206/106/1042 974/108/1044 1201/153/1072
f 1199/151/1070 972/80/1016 1206/106/1042 1578/150/1071
f 965/154/1010 1203/157/1073 1579/156/1074 1169/155/1008
f 1169/155/1008 1579/156/1074 1200/145/1067 954/142/1009
f 1579/156/1074 1207/95/1032 973/98/1034 1200/145/1067
f 1203/157/1073 976/94/1029 1207/95/1032 1579/156/1074
f 963/158/1028 1204/161/1075 1580/160/1076 1183/159/1026
f 1183/159/1026 1580/160/1076 1199/151/1070 956/148/1027
f 1580/160/1076 1208/77/1014 972/80/1016 1199/151/1070
f 1204/161/1075 977/76/1011 1208/77/1014 1580/160/1076
f 990/162/1077 1271/165/1078 1581/164/1079 1211/163/1080
f 1211/163/1080 1581/164/1079 1273/167/1081 997/166/1082
f 1581/164/1079 1276/169/1083 1028/168/1084 1273/167/1081
f 1271/165/1078 1027/170/1085 1276/169/1083 1581/164/1079
f 997/166/1082 1273/167/1081 1582/172/1086 1212/171/1087
f 1212/171/1087 1582/172/1086 1213/174/1088 979/173/1089
f 1582/172/1086 1274/176/1090 998/175/1091 1213/174/1088
f 1273/167/1081 1028/168/1084 1274/176/1090 1582/172/1086
f 1028/168/1084 1275/178/1092 1583/177/1093 1274/176/1090
f 1274/176/1090 1583/177/1093 1214/179/1094 998/175/1091
f 1583/177/1093 1251/181/1095 981/180/1096 1214/179/1094
f 1275/178/1092 1017/182/1097 1251/181/1095 1583/177/1093
f 1027/170/1085 1272/184/1098 1584/183/1099 1276/169/1083
f 1276/169/1083 1584/183/1099 1275/178/1092 1028/168/1084
f 1584/183/1099 1252/185/1100 1017/182/1097 1275/178/1092
f 1272/184/1098 991/186/1101 1252/185/1100 1584/183/1099
f 991/187/1101 1269/190/1102 1585/189/1103 1252/188/1100
f 1252/188/1100 1585/189/1103 1277/192/1104 1017/191/1097
f 1585/189/1103 1280/194/1105 1029/193/1106 1277/192/1104
f 1269/190/1102 1026/195/1107 1280/194/1105 1585/189/1103
f 1017/191/1097 1277/192/1104 1586/197/1108 1251/196/1095
f 1251/196/1095 1586/197/1108 1219/199/1109 981/198/1096
f 1586/197/1108 1278/201/1110 1001/200/1111 1219/199/1109
f 1277/192/1104 1029/193/1106 1278/201/1110 1586/197/1108
f 1029/193/1106 1279/203/1112 1587/202/1113 1278/201/1110
f 1278/201/1110 1587/202/1113 1220/204/1114 1001/200/1111
f 1587/202/1113 1253/206/1115 985/205/1116 1220/204/1114
f 1279/203/1112 1018/207/1117 1253/206/1115 1587/202/1113
f 1026/195/1107 1270/209/1118 1588/208/1119 1280/194/1105
f 1280/194/1105 1588/208/1119 1279/203/1112 1029/193/1106
f 1588/208/1119 1254/210/1120 1018/207/1117 1279/203/1112
f 1270/209/1118 992/211/1121 1254/210/1120 1588/208/1119
f 992/212/1121 1267/215/1122 1589/214/1123 1254/213/1120
f 1254/213/1120 1589/214/1123 1281/217/1124 1018/216/1117
f 1589/214/1123 1284/219/1125 1030/218/1126 1281/217/1124
f 1267/215/1122 1025/220/1127 1284/219/1125 1589/214/1123
f 1018/216/1117 1281/217/1124 1590/222/1128 1253/221/1115
f 1253/221/1115 1590/222/1128 1225/224/1129 985/223/1116
f 1590/222/1128 1282/226/1130 1004/225/1131 1225/224/1129
f 1281/217/1124 1030/218/1126 1282/226/1130 1590/222/1128
f 1030/218/1126 1283/228/1132 1591/227/1133 1282/226/1130
f 1282/226/1130 1591/227/1133 1226/229/1134 1004/225/1131
f 1591/227/1133 1255/231/1135 983/230/1136 1226/229/1134
f 1283/228/1132 1019/232/1137 1255/231/1135 1591/227/1133
f 1025/220/1127 1268/234/1138 1592/233/1139 1284/219/1125
f 1284/219/1125 1592/233/1139 1283/228/1132 1030/218/1126
f 1592/233/1139 1256/235/1140 1019/232/1137 1283/228/1132
f 1268/234/1138 993/236/1141 1256/235/1140 1592/233/1139
f 993/236/1141 1265/238/1142 1593/237/1143 1256/235/1140
f 1256/235/1140 1593/237/1143 1285/239/1144 1019/232/1137
f 1593/237/1143 1288/241/1145 1031/240/1146 1285/239/1144
f 1265/238/1142 1024/242/1147 1288/241/1145 1593/237/1143
f 1019/232/1137 1285/239/1144 1594/243/1148 1255/231/1135
f 1255/231/1135 1594/243/1148 1241/244/1149 983/230/1136
f 1594/243/1148 1286/246/1150 1012/245/1151 1241/244/1149
f 1285/239/1144 1031/240/1146 1286/246/1150 1594/243/1148
f 1031/240/1146 1287/248/1152 1595/247/1153 1286/246/1150
f 1286/246/1150 1595/247/1153 1242/249/1154 1012/245/1151
f 1595/247/1153 1259/251/1155 988/250/1156 1242/249/1154
f 1287/248/1152 1021/252/1157 1259/251/1155 1595/247/1153
f 1024/242/1147 1266/254/1158 1596/253/1159 1288/241/1145
f 1288/241/1145 1596/253/1159 1287/248/1152 1031/240/1146
f 1596/253/1159 1260/255/1160 1021/252/1157 1287/248/1152
f 1266/254/1158 995/256/1161 1260/255/1160 1596/253/1159
f 980/257/1162 1209/260/1163 1597/259/1164 1218/258/1165
f 1218/258/1165 1597/259/1164 1289/262/1166 1000/261/230
f 1597/259/1164 1292/264/1167 1032/263/1168 1289/262/1166
f 1209/260/1163 996/265/1169 1292/264/1167 1597/259/1164
f 1000/261/230 1289/262/1166 1598/267/1170 1217/266/1171
f 1217/266/1171 1598/267/1170 1224/269/1172 984/268/1173
f 1598/267/1170 1290/271/1174 1003/270/1175 1224/269/1172
f 1289/262/1166 1032/263/1168 1290/271/1174 1598/267/1170
f 1032/263/1168 1291/273/1176 1599/272/1177 1290/271/1174
f 1290/271/1174 1599/272/1177 1223/274/1178 1003/270/1175
f 1599/272/1177 1230/276/1179 982/275/1180 1223/274/1178
f 1291/273/1176 1006/277/1181 1230/276/1179 1599/272/1177
f 996/265/1169 1210/279/1182 1600/278/1183 1292/264/1167
f 1292/264/1167 1600/278/1183 1291/273/1176 1032/263/1168
f 1600/278/1183 1229/280/1184 1006/277/1181 1291/273/1176
f 1210/279/1182 978/281/1185 1229/280/1184 1600/278/1183
f 995/282/1161 1263/285/1186 1601/284/1187 1260/283/1160
f 1260/283/1160 1601/284/1187 1293/287/1188 1021/286/1157
f 1601/284/1187 1296/289/1189 1033/288/1190 1293/287/1188
f 1263/285/1186 1023/290/256 1296/289/1189 1601/284/1187
f 1021/286/1157 1293/287/1188 1602/292/1191 1259/291/1155
f 1259/291/1155 1602/292/1191 1239/294/1192 988/293/1156
f 1602/292/1191 1294/296/1193 1011/295/1194 1239/294/1192
f 1293/287/1188 1033/288/1190 1294/296/1193 1602/292/1191
f 1033/288/1190 1295/298/1195 1603/297/1196 1294/296/1193
f 1294/296/1193 1603/297/1196 1240/299/1197 1011/295/1194
f 1603/297/1196 1234/301/1198 987/300/1199 1240/299/1197
f 1295/298/1195 1008/302/1200 1234/301/1198 1603/297/1196
f 1023/290/256 1264/304/1201 1604/303/1202 1296/289/1189
f 1296/289/1189 1604/303/1202 1295/298/1195 1033/288/1190
f 1604/303/1202 1233/305/1203 1008/302/1200 1295/298/1195
f 1264/304/1201 994/306/1204 1233/305/1203 1604/303/1202
f 990/162/1077 1261/309/1205 1605/308/1206 1250/307/1207
f 1250/307/1207 1605/308/1206 1297/311/1208 1016/310/1209
f 1605/308/1206 1300/313/1210 1034/312/1211 1297/311/1208
f 1261/309/1205 1022/314/1212 1300/313/1210 1605/308/1206
f 1016/315/1209 1297/318/1208 1606/317/1213 1249/316/1214
f 1249/316/1214 1606/317/1213 1245/319/1215 978/281/1185
f 1606/317/1213 1298/321/1216 1014/320/1217 1245/319/1215
f 1297/318/1208 1034/322/1211 1298/321/1216 1606/317/1213
f 1034/322/1211 1299/324/1218 1607/323/1219 1298/321/1216
f 1298/321/1216 1607/323/1219 1246/325/1220 1014/320/1217
f 1607/323/1219 1257/327/1221 986/326/1222 1246/325/1220
f 1299/324/1218 1020/328/1223 1257/327/1221 1607/323/1219
f 1022/314/1212 1262/330/1224 1608/329/1225 1300/313/1210
f 1300/313/1210 1608/329/1225 1299/331/1218 1034/312/1211
f 1608/329/1225 1258/333/1226 1020/332/1223 1299/331/1218
f 1262/330/1224 994/334/1204 1258/333/1226 1608/329/1225
f 978/281/1185 1245/319/1215 1609/335/1227 1229/280/1184
f 1229/280/1184 1609/335/1227 1301/336/1228 1006/277/1181
f 1609/335/1227 1304/338/1229 1035/337/1230 1301/336/1228
f 1245/319/1215 1014/320/1217 1304/338/1229 1609/335/1227
f 1006/277/1181 1301/336/1228 1610/339/1231 1230/276/1179
f 1230/276/1179 1610/339/1231 1244/340/1232 982/275/1180
f 1610/339/1231 1302/342/1233 1013/341/1234 1244/340/1232
f 1301/336/1228 1035/337/1230 1302/342/1233 1610/339/1231
f 1035/337/1230 1303/344/1235 1611/343/1236 1302/342/1233
f 1302/342/1233 1611/343/1236 1243/345/1237 1013/341/1234
f 1611/343/1236 1238/347/1238 989/346/1239 1243/345/1237
f 1303/344/1235 1010/348/306 1238/347/1238 1611/343/1236
f 1014/320/1217 1246/325/1220 1612/349/1240 1304/338/1229
f 1304/338/1229 1612/349/1240 1303/344/1235 1035/337/1230
f 1612/349/1240 1237/350/1241 1010/348/306 1303/344/1235
f 1246/325/1220 986/326/1222 1237/350/1241 1612/349/1240
f 983/351/1136 1241/354/1149 1613/353/1242 1231/352/1243
f 1231/352/1243 1613/353/1242 1305/356/1244 1007/355/1245
f 1613/353/1242 1308/358/1246 1036/357/1247 1305/356/1244
f 1241/354/1149 1012/359/1151 1308/358/1246 1613/353/1242
f 1007/355/1245 1305/356/1244 1614/361/1248 1232/360/1249
f 1232/360/1249 1614/361/1248 1248/363/1250 979/362/1089
f 1614/361/1248 1306/365/1251 1015/364/1252 1248/363/1250
f 1305/356/1244 1036/357/1247 1306/365/1251 1614/361/1248
f 1036/357/1247 1307/367/1253 1615/366/1254 1306/365/1251
f 1306/365/1251 1615/366/1254 1247/368/1255 1015/364/1252
f 1615/366/1254 1240/370/1197 987/369/1199 1247/368/1255
f 1307/367/1253 1011/371/1194 1240/370/1197 1615/366/1254
f 1012/359/1151 1242/373/1154 1616/372/1256 1308/358/1246
f 1308/358/1246 1616/372/1256 1307/367/1253 1036/357/1247
f 1616/372/1256 1239/374/1192 1011/371/1194 1307/367/1253
f 1242/373/1154 988/375/1156 1239/374/1192 1616/372/1256
f 979/173/1089 1248/377/1250 1617/376/1257 1212/171/1087
f 1212/171/1087 1617/376/1257 1309/378/1258 997/166/1082
f 1617/376/1257 1312/380/1259 1037/379/1260 1309/378/1258
f 1248/377/1250 1015/381/1252 1312/380/1259 1617/376/1257
f 997/166/1082 1309/378/1258 1618/382/1261 1211/163/1080
f 1211/163/1080 1618/382/1261 1261/309/1205 990/162/1077
f 1618/382/1261 1310/383/1262 1022/314/1212 1261/309/1205
f 1309/378/1258 1037/379/1260 1310/383/1262 1618/382/1261
f 1037/379/1260 1311/385/1263 1619/384/1264 1310/383/1262
f 1310/383/1262 1619/384/1264 1262/330/1224 1022/314/1212
f 1619/384/1264 1233/386/1203 994/334/1204 1262/330/1224
f 1311/385/1263 1008/387/1200 1233/386/1203 1619/384/1264
f 1015/381/1252 1247/389/1255 1620/388/1265 1312/380/1259
f 1312/380/1259 1620/388/1265 1311/385/1263 1037/379/1260
f 1620/388/1265 1234/390/1198 1008/387/1200 1311/385/1263
f 1247/389/1255 987/391/1199 1234/390/1198 1620/388/1265
f 989/346/1239 1238/347/1238 1621/393/1266 1236/392/1267
f 1236/392/1267 1621/393/1266 1313/395/1268 1009/394/1269
f 1621/393/1266 1316/397/338 1038/396/337 1313/395/1268
f 1238/347/1238 1010/348/306 1316/397/338 1621/393/1266
f 1009/398/1269 1313/401/1268 1622/400/1270 1235/399/1271
f 1235/399/1271 1622/400/1270 1263/285/1186 995/282/1161
f 1622/400/1270 1314/402/341 1023/290/256 1263/285/1186
f 1313/401/1268 1038/403/337 1314/402/341 1622/400/1270
f 1038/403/337 1315/405/1272 1623/404/1273 1314/402/341
f 1314/402/341 1623/404/1273 1264/304/1201 1023/290/256
f 1623/404/1273 1258/406/1226 994/306/1204 1264/304/1201
f 1315/405/1272 1020/407/1223 1258/406/1226 1623/404/1273
f 1010/348/306 1237/350/1241 1624/408/1274 1316/397/338
f 1316/397/338 1624/408/1274 1315/409/1272 1038/396/337
f 1624/408/1274 1257/327/1221 1020/328/1223 1315/409/1272
f 1237/350/1241 986/326/1222 1257/327/1221 1624/408/1274
f 982/275/1180 1244/340/1232 1625/411/1275 1228/410/1276
f 1228/410/1276 1625/411/1275 1317/413/1277 1005/412/1278
f 1625/411/1275 1320/415/1279 1039/414/1280 1317/413/1277
f 1244/340/1232 1013/341/1234 1320/415/1279 1625/411/1275
f 1005/416/1278 1317/419/1277 1626/418/1281 1227/417/1282
f 1227/417/1282 1626/418/1281 1265/238/1142 993/236/1141
f 1626/418/1281 1318/420/1283 1024/242/1147 1265/238/1142
f 1317/419/1277 1039/421/1280 1318/420/1283 1626/418/1281
f 1039/421/1280 1319/423/1284 1627/422/1285 1318/420/1283
f 1318/420/1283 1627/422/1285 1266/254/1158 1024/242/1147
f 1627/422/1285 1235/424/1271 995/256/1161 1266/254/1158
f 1319/423/1284 1009/425/1269 1235/424/1271 1627/422/1285
f 1013/341/1234 1243/345/1237 1628/426/1286 1320/415/1279
f 1320/415/1279 1628/426/1286 1319/427/1284 1039/414/1280
f 1628/426/1286 1236/392/1267 1009/394/1269 1319/427/1284
f 1243/345/1237 989/346/1239 1236/392/1267 1628/426/1286
f 984/268/1173 1224/269/1172 1629/429/1287 1222/428/1288
f 1222/428/1288 1629/429/1287 1321/431/1289 1002/430/1290
f 1629/429/1287 1324/433/1291 1040/432/1292 1321/431/1289
f 1224/269/1172 1003/270/1175 1324/433/1291 1629/429/1287
f 1002/434/1290 1321/437/1289 1630/436/1293 1221/435/1294
f 1221/435/1294 1630/436/1293 1267/215/1122 992/212/1121
f 1630/436/1293 1322/438/1295 1025/220/1127 1267/215/1122
f 1321/437/1289 1040/439/1292 1322/438/1295 1630/436/1293
f 1040/439/1292 1323/441/1296 1631/440/1297 1322/438/1295
f 1322/438/1295 1631/440/1297 1268/234/1138 1025/220/1127
f 1631/440/1297 1227/417/1282 993/236/1141 1268/234/1138
f 1323/441/1296 1005/416/1278 1227/417/1282 1631/440/1297
f 1003/270/1175 1223/274/1178 1632/442/1298 1324/433/1291
f 1324/433/1291 1632/442/1298 1323/443/1296 1040/432/1292
f 1632/442/1298 1228/410/1276 1005/412/1278 1323/443/1296
f 1223/274/1178 982/275/1180 1228/410/1276 1632/442/1298
f 980/257/1162 1218/258/1165 1633/445/1299 1216/444/1300
f 1216/444/1300 1633/445/1299 1325/447/1301 999/446/1302
f 1633/445/1299 1328/449/374 1041/448/1303 1325/447/1301
f 1218/258/1165 1000/261/230 1328/449/374 1633/445/1299
f 999/450/1302 1325/453/1301 1634/452/1304 1215/451/1305
f 1215/451/1305 1634/452/1304 1269/190/1102 991/187/1101
f 1634/452/1304 1326/454/1306 1026/195/1107 1269/190/1102
f 1325/453/1301 1041/455/1303 1326/454/1306 1634/452/1304
f 1041/455/1303 1327/457/1307 1635/456/1308 1326/454/1306
f 1326/454/1306 1635/456/1308 1270/209/1118 1026/195/1107
f 1635/456/1308 1221/458/1294 992/211/1121 1270/209/1118
f 1327/457/1307 1002/459/1290 1221/458/1294 1635/456/1308
f 1000/261/230 1217/266/1171 1636/460/1309 1328/449/374
f 1328/449/374 1636/460/1309 1327/461/1307 1041/448/1303
f 1636/460/1309 1222/428/1288 1002/430/1290 1327/461/1307
f 1217/266/1171 984/268/1173 1222/428/1288 1636/460/1309
f 978/281/1185 1210/279/1182 1637/462/1310 1249/316/1214
f 1249/316/1214 1637/462/1310 1329/463/1311 1016/315/1209
f 1637/462/1310 1332/465/1312 1042/464/1313 1329/463/1311
f 1210/279/1182 996/265/1169 1332/465/1312 1637/462/1310
f 1016/310/1209 1329/467/1311 1638/466/1314 1250/307/1207
f 1250/307/1207 1638/466/1314 1271/165/1078 990/162/1077
f 1638/466/1314 1330/468/1315 1027/170/1085 1271/165/1078
f 1329/467/1311 1042/469/1313 1330/468/1315 1638/466/1314
f 1042/469/1313 1331/471/1316 1639/470/1317 1330/468/1315
f 1330/468/1315 1639/470/1317 1272/184/1098 1027/170/1085
f 1639/470/1317 1215/472/1305 991/186/1101 1272/184/1098
f 1331/471/1316 999/473/1302 1215/472/1305 1639/470/1317
f 996/265/1169 1209/260/1163 1640/474/1318 1332/465/1312
f 1332/465/1312 1640/474/1318 1331/475/1316 1042/464/1313
f 1640/474/1318 1216/444/1300 999/446/1302 1331/475/1316
f 1209/260/1163 980/257/1162 1216/444/1300 1640/474/1318
f 1043/476/1319 1341/479/1320 1641/478/1321 1356/477/1322
f 1356/477/1322 1641/478/1321 1334/481/1323 1044/480/1324
f 1641/478/1321 1203/157/1073 965/154/1010 1334/481/1323
f 1341/479/1320 976/94/1029 1203/157/1073 1641/478/1321
f 1044/482/1324 1334/485/1323 1642/484/1325 1355/483/1326
f 1355/483/1326 1642/484/1325 1335/487/1327 1045/486/1328
f 1642/484/1325 1188/70/1003 971/67/1002 1335/487/1327
f 1334/485/1323 965/75/1010 1188/70/1003 1642/484/1325
f 1045/486/1328 1335/487/1327 1643/489/1329 1354/488/1330
f 1354/488/1330 1643/489/1329 1336/491/1331 1046/490/1332
f 1643/489/1329 1194/141/1065 964/138/1019 1336/491/1331
f 1335/487/1327 971/67/1002 1194/141/1065 1643/489/1329
f 1046/492/1332 1336/495/1331 1644/494/1333 1353/493/1334
f 1353/493/1334 1644/494/1333 1337/497/1335 1047/496/1336
f 1644/494/1333 1187/79/1012 977/76/1011 1337/497/1335
f 1336/495/1331 964/84/1019 1187/79/1012 1644/494/1333
f 1047/496/1336 1337/497/1335 1645/499/1337 1352/498/1338
f 1352/498/1338 1645/499/1337 1338/501/1339 1048/500/1340
f 1645/499/1337 1204/161/1075 963/158/1028 1338/501/1339
f 1337/497/1335 977/76/1011 1204/161/1075 1645/499/1337
f 1048/502/1340 1338/505/1339 1646/504/1341 1351/503/1342
f 1351/503/1342 1646/504/1341 1339/507/1343 1049/506/1344
f 1646/504/1341 1186/88/1021 970/85/1020 1339/507/1343
f 1338/505/1339 963/93/1028 1186/88/1021 1646/504/1341
f 1049/506/1344 1339/507/1343 1647/509/1345 1350/508/1346
f 1350/508/1346 1647/509/1345 1340/511/1347 1050/510/1348
f 1647/509/1345 1193/137/1063 962/134/1037 1340/511/1347
f 1339/507/1343 970/85/1020 1193/137/1063 1647/509/1345
f 1050/512/1348 1340/515/1347 1648/514/1349 1349/513/1350
f 1349/513/1350 1648/514/1349 1341/479/1320 1043/476/1319
f 1648/514/1349 1185/97/1030 976/94/1029 1341/479/1320
f 1340/515/1347 962/102/1037 1185/97/1030 1648/514/1349
f 981/180/1096 1348/517/1351 1649/516/1352 1214/179/1094
f 1214/179/1094 1649/516/1352 1333/518/1353 998/175/1091
f 1649/516/1352 1349/513/1350 1043/476/1319 1333/518/1353
f 1348/517/1351 1050/512/1348 1349/513/1350 1649/516/1352
f 1001/200/1111 1347/520/1354 1650/519/1355 1219/199/1109
f 1219/199/1109 1650/519/1355 1348/521/1351 981/198/1096
f 1650/519/1355 1350/508/1346 1050/510/1348 1348/521/1351
f 1347/520/1354 1049/506/1344 1350/508/1346 1650/519/1355
f 985/205/1116 1346/523/1356 1651/522/1357 1220/204/1114
f 1220/204/1114 1651/522/1357 1347/520/1354 1001/200/1111
f 1651/522/1357 1351/503/1342 1049/506/1344 1347/520/1354
f 1346/523/1356 1048/502/1340 1351/503/1342 1651/522/1357
f 1004/225/1131 1345/525/1358 1652/524/1359 1225/224/1129
f 1225/224/1129 1652/524/1359 1346/526/1356 985/223/1116
f 1652/524/1359 1352/498/1338 1048/500/1340 1346/526/1356
f 1345/525/1358 1047/496/1336 1352/498/1338 1652/524/1359
f 983/230/1136 1344/528/1360 1653/527/1361 1226/229/1134
f 1226/229/1134 1653/527/1361 1345/525/1358 1004/225/1131
f 1653/527/1361 1353/493/1334 1047/496/1336 1345/525/1358
f 1344/528/1360 1046/492/1332 1353/493/1334 1653/527/1361
f 1007/529/1245 1343/532/1362 1654/531/1363 1231/530/1243
f 1231/530/1243 1654/531/1363 1344/534/1360 983/533/1136
f 1654/531/1363 1354/488/1330 1046/490/1332 1344/534/1360
f 1343/532/1362 1045/486/1328 1354/488/1330 1654/531/1363
f 979/535/1089 1342/538/1364 1655/537/1365 1232/536/1249
f 1232/536/1249 1655/537/1365 1343/532/1362 1007/529/1245
f 1655/537/1365 1355/483/1326 1045/486/1328 1343/532/1362
f 1342/538/1364 1044/482/1324 1355/483/1326 1655/537/1365
f 998/175/1091 1333/518/1353 1656/539/1366 1213/174/1088
f 1213/174/1088 1656/539/1366 1342/540/1364 979/173/1089
f 1656/539/1366 1356/477/1322 1044/480/1324 1342/540/1364
f 1333/518/1353 1043/476/1319 1356/477/1322 1656/539/1366
f 5/541/438 249/544/441 1657/543/1367 1372/542/1368
f 1372/542/1368 1657/543/1367 1181/546/1054 959/545/1057
f 1657/543/1367 1168/548/1369 975/547/1055 1181/546/1054
f 249/544/441 15/549/443 1168/548/1369 1657/543/1367
f 1057/38/983 1162/39/982 1658/551/1370 1367/550/1371
f 1367/550/1371 1658/551/1370 1381/46/985 1061/43/984
f 1658/551/1370 244/552/446 123/51/50 1381/46/985
f 1162/39/982 11/40/39 244/552/446 1658/551/1370
f 949/553/1372 1379/556/1373 1659/555/1374 1166/554/1375
f 1166/554/1375 1659/555/1374 1363/558/1376 952/557/1377
f 1659/555/1374 1376/44/987 1056/47/989 1363/558/1376
f 1379/556/1373 1061/43/984 1376/44/987 1659/555/1374
f 950/1/946 1165/2/949 1660/560/1378 1160/559/976
f 1160/559/976 1660/560/1378 1179/109/1043 961/110/977
f 1660/560/1378 1370/561/1379 974/108/1044 1179/109/1043
f 1165/2/949 1055/5/951 1370/561/1379 1660/560/1378
f 5/562/438 1372/565/1368 1661/564/1380 240/563/455
f 240/563/455 1661/564/1380 1360/55/990 10/52/51
f 1661/564/1380 1365/566/1381 1054/60/995 1360/55/990
f 1372/565/1368 959/128/1057 1365/566/1381 1661/564/1380
f 122/56/55 1378/57/992 1662/568/1382 457/567/458
f 457/567/458 1662/568/1382 1359/570/1383 9/569/460
f 1662/568/1382 1377/572/1384 1053/571/1385 1359/570/1383
f 1378/57/992 1062/58/994 1377/572/1384 1662/568/1382
f 950/33/946 1362/28/971 1663/574/1386 1358/573/947
f 1358/573/947 1663/574/1386 1158/576/1387 1059/575/954
f 1663/574/1386 1154/577/1388 949/553/1372 1158/576/1387
f 1362/28/971 951/25/970 1154/577/1388 1663/574/1386
f 15/549/443 245/579/468 1664/578/1389 1168/548/1369
f 1168/548/1369 1664/578/1389 1202/580/1069 975/547/1055
f 1664/578/1389 1369/582/979 958/581/978 1202/580/1069
f 245/579/468 6/583/41 1369/582/979 1664/578/1389
f 951/25/970 1368/66/1001 1665/584/1390 1154/577/1388
f 1154/577/1388 1665/584/1390 1379/556/1373 949/553/1372
f 1665/584/1390 1367/550/1371 1061/43/984 1379/556/1373
f 1368/66/1001 1057/38/983 1367/550/1371 1665/584/1390
f 1062/58/994 1155/586/1391 1666/585/1392 1377/572/1384
f 1377/572/1384 1666/585/1392 1357/587/1393 1053/571/1385
f 1666/585/1392 1361/589/964 1051/588/966 1357/587/1393
f 1155/586/1391 948/590/961 1361/589/964 1666/585/1392
f 1059/575/954 1158/576/1387 1667/592/1394 1374/591/959
f 1374/591/959 1667/592/1394 1159/594/1395 947/593/960
f 1667/592/1394 1166/554/1375 952/557/1377 1159/594/1395
f 1158/576/1387 949/553/1372 1166/554/1375 1667/592/1394
f 1055/5/951 1366/6/950 1668/596/1396 1153/595/1397
f 1153/595/1397 1668/596/1396 1163/598/1398 1052/597/1399
f 1668/596/1396 1380/62/996 1058/24/969 1163/598/1398
f 1366/6/950 1060/7/953 1380/62/996 1668/596/1396
f 1055/5/951 1153/595/1397 1669/599/1400 1370/561/1379
f 1370/561/1379 1669/599/1400 1201/153/1072 974/108/1044
f 1669/599/1400 1164/600/1401 960/152/1051 1201/153/1072
f 1153/595/1397 1052/597/1399 1164/600/1401 1669/599/1400
f 948/590/961 1155/586/1391 1670/602/1402 1385/601/1403
f 1385/601/1403 1670/602/1402 1386/604/1404 1063/603/1405
f 1670/602/1402 1371/59/993 1054/60/995 1386/604/1404
f 1155/586/1391 1062/58/994 1371/59/993 1670/602/1402
f 969/114/1049 1384/606/1406 1671/605/1407 1192/129/1060
f 1192/129/1060 1671/605/1407 1365/566/1381 959/128/1057
f 1671/605/1407 1386/604/1404 1054/60/995 1365/566/1381
f 1384/606/1406 1063/603/1405 1386/604/1404 1671/605/1407
f 960/116/1051 1164/608/1401 1672/607/1408 1180/115/1048
f 1180/115/1048 1672/607/1408 1384/606/1406 969/114/1049
f 1672/607/1408 1387/609/1409 1063/603/1405 1384/606/1406
f 1164/608/1401 1052/610/1399 1387/609/1409 1672/607/1408
f 1052/597/1399 1163/598/1398 1673/612/1410 1387/611/1409
f 1387/611/1409 1673/612/1410 1385/614/1403 1063/613/1405
f 1673/612/1410 1382/19/962 948/16/961 1385/614/1403
f 1163/598/1398 1058/24/969 1382/19/962 1673/612/1410
f 1078/615/1411 1397/618/1412 1674/617/1413 1429/616/1414
f 1429/616/1414 1674/617/1413 1388/620/1415 1076/619/1416
f 1674/617/1413 1394/622/1417 1065/621/1418 1388/620/1415
f 1397/618/1412 1068/623/1419 1394/622/1417 1674/617/1413
f 1092/624/1420 1396/627/1421 1675/626/1422 1452/625/1423
f 1452/625/1423 1675/626/1422 1389/629/1424 1090/628/1425
f 1675/626/1422 1395/631/1426 1064/630/1427 1389/629/1424
f 1396/627/1421 1069/632/1428 1395/631/1426 1675/626/1422
f 1093/633/1429 1401/636/1430 1676/635/1431 1451/634/1432
f 1451/634/1432 1676/635/1431 1392/638/1433 1091/637/1434
f 1676/635/1431 1399/640/1435 1067/639/1436 1392/638/1433
f 1401/636/1430 1071/641/1437 1399/640/1435 1676/635/1431
f 1079/642/1438 1400/645/1439 1677/644/1440 1428/643/1441
f 1428/643/1441 1677/644/1440 1393/647/1442 1077/646/1443
f 1677/644/1440 1398/649/1444 1066/648/1445 1393/647/1442
f 1400/645/1439 1070/650/1446 1398/649/1444 1677/644/1440
f 1091/637/1434 1392/638/1433 1678/652/1447 1450/651/1448
f 1450/651/1448 1678/652/1447 1396/627/1421 1092/624/1420
f 1678/652/1447 1391/653/1449 1069/632/1428 1396/627/1421
f 1392/638/1433 1067/639/1436 1391/653/1449 1678/652/1447
f 1077/646/1443 1393/647/1442 1679/655/1450 1427/654/1451
f 1427/654/1451 1679/655/1450 1397/618/1412 1078/615/1411
f 1679/655/1450 1390/656/1452 1068/623/1419 1397/618/1412
f 1393/647/1442 1066/648/1445 1390/656/1452 1679/655/1450
f 1081/657/1453 1403/660/1454 1680/659/1455 1426/658/1456
f 1426/658/1456 1680/659/1455 1404/662/1457 1082/661/1458
f 1680/659/1455 491/664/539 140/663/538 1404/662/1457
f 1403/660/1454 138/665/540 491/664/539 1680/659/1455
f 1083/666/1459 1405/669/1460 1681/668/1461 1425/667/1462
f 1425/667/1462 1681/668/1461 1403/660/1454 1081/657/1453
f 1681/668/1461 493/670/545 138/665/540 1403/660/1454
f 1405/669/1460 143/671/546 493/670/545 1681/668/1461
f 1094/672/1463 1424/675/1464 1682/674/1465 1449/673/1466
f 1449/673/1466 1682/674/1465 494/677/552 168/676/551
f 1682/674/1465 1402/679/1467 137/678/553 494/677/552
f 1424/675/1464 1080/680/1468 1402/679/1467 1682/674/1465
f 1082/661/1458 1404/662/1457 1683/682/1469 1423/681/1470
f 1423/681/1470 1683/682/1469 1402/684/1467 1080/683/1468
f 1683/682/1469 495/686/558 137/685/553 1402/684/1467
f 1404/662/1457 140/663/538 495/686/558 1683/682/1469
f 1089/687/1471 1422/690/1472 1684/689/1473 1442/688/1474
f 1442/688/1474 1684/689/1473 501/692/564 162/691/563
f 1684/689/1473 1421/694/1475 148/693/565 501/692/564
f 1422/690/1472 1084/695/1476 1421/694/1475 1684/689/1473
f 1086/696/1477 1407/699/1478 1685/698/1479 1441/697/1480
f 1441/697/1480 1685/698/1479 1408/701/1481 1087/700/1482
f 1685/698/1479 1411/703/1483 1074/702/1484 1408/701/1481
f 1407/699/1478 1073/704/1485 1411/703/1483 1685/698/1479
f 1088/705/1486 1409/708/1487 1686/707/1488 1440/706/1489
f 1440/706/1489 1686/707/1488 1407/699/1478 1086/696/1477
f 1686/707/1488 1412/709/1490 1073/704/1485 1407/699/1478
f 1409/708/1487 1075/710/1491 1412/709/1490 1686/707/1488
f 1085/711/1492 1406/714/1493 1687/713/1494 1439/712/1495
f 1439/712/1495 1687/713/1494 1422/690/1472 1089/687/1471
f 1687/713/1494 1410/715/1496 1084/695/1476 1422/690/1472
f 1406/714/1493 1072/716/1497 1410/715/1496 1687/713/1494
f 1069/632/1428 1419/718/1498 1688/717/1499 1395/631/1426
f 1395/631/1426 1688/717/1499 1417/719/1500 1064/630/1427
f 1688/717/1499 1423/681/1470 1080/683/1468 1417/719/1500
f 1419/718/1498 1082/661/1458 1423/681/1470 1688/717/1499
f 1090/720/1425 1389/723/1424 1689/722/1501 1448/721/1502
f 1448/721/1502 1689/722/1501 1424/675/1464 1094/672/1463
f 1689/722/1501 1417/724/1500 1080/680/1468 1424/675/1464
f 1389/723/1424 1064/725/1427 1417/724/1500 1689/722/1501
f 1071/641/1437 1420/727/1503 1690/726/1504 1399/640/1435
f 1399/640/1435 1690/726/1504 1418/728/1505 1067/639/1436
f 1690/726/1504 1425/667/1462 1081/657/1453 1418/728/1505
f 1420/727/1503 1083/666/1459 1425/667/1462 1690/726/1504
f 1067/639/1436 1418/728/1505 1691/729/1506 1391/653/1449
f 1391/653/1449 1691/729/1506 1419/718/1498 1069/632/1428
f 1691/729/1506 1426/658/1456 1082/661/1458 1419/718/1498
f 1418/728/1505 1081/657/1453 1426/658/1456 1691/729/1506
f 139/730/598 1414/733/1507 1692/732/1508 490/731/599
f 490/731/599 1692/732/1508 1415/735/1509 141/734/602
f 1692/732/1508 1427/654/1451 1078/615/1411 1415/735/1509
f 1414/733/1507 1077/646/1443 1427/654/1451 1692/732/1508
f 142/736/604 1416/739/1510 1693/738/1511 492/737/605
f 492/737/605 1693/738/1511 1414/733/1507 139/730/598
f 1693/738/1511 1428/643/1441 1077/646/1443 1414/733/1507
f 1416/739/1510 1079/642/1438 1428/643/1441 1693/738/1511
f 141/734/602 1415/735/1509 1694/741/1512 496/740/608
f 496/740/608 1694/741/1512 1413/743/1513 136/742/610
f 1694/741/1512 1429/616/1414 1076/619/1416 1413/743/1513
f 1415/735/1509 1078/615/1411 1429/616/1414 1694/741/1512
f 8/49/48 523/745/613 1695/744/1514 1161/48/988
f 1161/48/988 1695/744/1514 1430/746/1515 1056/47/989
f 1695/744/1514 1405/669/1460 1083/666/1459 1430/746/1515
f 523/745/613 143/671/546 1405/669/1460 1695/744/1514
f 1056/47/989 1430/746/1515 1696/747/1516 1363/558/1376
f 1363/558/1376 1696/747/1516 1431/748/1517 952/557/1377
f 1696/747/1516 1420/727/1503 1071/641/1437 1431/748/1517
f 1430/746/1515 1083/666/1459 1420/727/1503 1696/747/1516
f 142/736/604 231/750/618 1697/749/1518 1416/739/1510
f 1416/739/1510 1697/749/1518 1432/751/1519 1079/642/1438
f 1697/749/1518 1359/570/1383 1053/571/1385 1432/751/1519
f 231/750/618 9/569/460 1359/570/1383 1697/749/1518
f 1051/588/966 1433/753/1520 1698/752/1521 1357/587/1393
f 1357/587/1393 1698/752/1521 1432/751/1519 1053/571/1385
f 1698/752/1521 1400/645/1439 1079/642/1438 1432/751/1519
f 1433/753/1520 1070/650/1446 1400/645/1439 1698/752/1521
f 1065/754/1418 1434/757/1522 1699/756/1523 1388/755/1415
f 1388/755/1415 1699/756/1523 1438/759/1524 1076/758/1416
f 1699/756/1523 1439/712/1495 1089/687/1471 1438/759/1524
f 1434/757/1522 1085/711/1492 1439/712/1495 1699/756/1523
f 1070/760/1446 1437/763/1525 1700/762/1526 1398/761/1444
f 1398/761/1444 1700/762/1526 1435/765/1527 1066/764/1445
f 1700/762/1526 1440/706/1489 1086/696/1477 1435/765/1527
f 1437/763/1525 1088/705/1486 1440/706/1489 1700/762/1526
f 1066/764/1445 1435/765/1527 1701/767/1528 1390/766/1452
f 1390/766/1452 1701/767/1528 1436/769/1529 1068/768/1419
f 1701/767/1528 1441/697/1480 1087/700/1482 1436/769/1529
f 1435/765/1527 1086/696/1477 1441/697/1480 1701/767/1528
f 1076/758/1416 1438/759/1524 1702/771/1530 1413/770/1513
f 1413/770/1513 1702/771/1530 531/773/631 136/772/610
f 1702/771/1530 1442/688/1474 162/691/563 531/773/631
f 1438/759/1524 1089/687/1471 1442/688/1474 1702/771/1530
f 1072/716/1497 1443/775/1531 1703/774/1532 1410/715/1496
f 1410/715/1496 1703/774/1532 1447/776/1533 1084/695/1476
f 1703/774/1532 1448/721/1502 1094/672/1463 1447/776/1533
f 1443/775/1531 1090/720/1425 1448/721/1502 1703/774/1532
f 1084/695/1476 1447/776/1533 1704/777/1534 1421/694/1475
f 1421/694/1475 1704/777/1534 541/778/636 148/693/565
f 1704/777/1534 1449/673/1466 168/676/551 541/778/636
f 1447/776/1533 1094/672/1463 1449/673/1466 1704/777/1534
f 1073/704/1485 1444/780/1535 1705/779/1536 1411/703/1483
f 1411/703/1483 1705/779/1536 1445/781/1537 1074/702/1484
f 1705/779/1536 1450/783/1448 1092/782/1420 1445/781/1537
f 1444/780/1535 1091/784/1434 1450/783/1448 1705/779/1536
f 1075/710/1491 1446/786/1538 1706/785/1539 1412/709/1490
f 1412/709/1490 1706/785/1539 1444/780/1535 1073/704/1485
f 1706/785/1539 1451/787/1432 1091/784/1434 1444/780/1535
f 1446/786/1538 1093/788/1429 1451/787/1432 1706/785/1539
f 952/557/1377 1431/748/1517 1707/789/1540 1159/594/1395
f 1159/594/1395 1707/789/1540 1453/790/1541 947/593/960
f 1707/789/1540 1401/636/1430 1093/633/1429 1453/790/1541
f 1431/748/1517 1071/641/1437 1401/636/1430 1707/789/1540
f 947/14/960 1453/792/1541 1708/791/1542 1156/13/957
f 1156/13/957 1708/791/1542 1454/793/1543 953/12/958
f 1708/791/1542 1446/786/1538 1075/710/1491 1454/793/1543
f 1453/792/1541 1093/788/1429 1446/786/1538 1708/791/1542
f 953/12/958 1454/793/1543 1709/794/1544 1167/63/998
f 1167/63/998 1709/794/1544 1455/795/1545 946/22/968
f 1709/794/1544 1409/708/1487 1088/705/1486 1455/795/1545
f 1454/793/1543 1075/710/1491 1409/708/1487 1709/794/1544
f 946/22/968 1455/795/1545 1710/796/1546 1157/21/965
f 1157/21/965 1710/796/1546 1433/797/1520 1051/20/966
f 1710/796/1546 1437/763/1525 1070/760/1446 1433/797/1520
f 1455/795/1545 1088/705/1486 1437/763/1525 1710/796/1546
f 1127/798/1547 1498/801/1548 1711/800/1549 1515/799/1550
f 1515/799/1550 1711/800/1549 1500/803/1551 1120/802/1552
f 1711/800/1549 1462/805/1553 1097/804/1554 1500/803/1551
f 1498/801/1548 1112/806/1555 1462/805/1553 1711/800/1549
f 1118/807/1556 1483/810/1557 1712/809/1558 1497/808/1559
f 1497/808/1559 1712/809/1558 1467/812/1560 1113/811/1561
f 1712/809/1558 1463/814/1562 1099/813/1563 1467/812/1560
f 1483/810/1557 1110/815/1564 1463/814/1562 1712/809/1558
f 1126/816/1565 1482/819/1566 1713/818/1567 1514/817/1568
f 1514/817/1568 1713/818/1567 1468/821/1569 1121/820/1570
f 1713/818/1567 1478/823/1571 1102/822/1572 1468/821/1569
f 1482/819/1566 1109/824/1573 1478/823/1571 1713/818/1567
f 1117/825/1574 1481/828/1575 1714/827/1576 1496/826/1577
f 1496/826/1577 1714/827/1576 1469/830/1578 1114/829/1579
f 1714/827/1576 1477/832/1580 1101/831/1581 1469/830/1578
f 1481/828/1575 1108/833/1582 1477/832/1580 1714/827/1576
f 1125/834/1583 1480/837/1584 1715/836/1585 1513/835/1586
f 1513/835/1586 1715/836/1585 1470/839/1587 1122/838/1588
f 1715/836/1585 1476/841/1589 1100/840/1590 1470/839/1587
f 1480/837/1584 1107/842/1591 1476/841/1589 1715/836/1585
f 1113/811/1561 1467/812/1560 1716/844/1592 1495/843/1593
f 1495/843/1593 1716/844/1592 1472/846/1594 1115/845/1595
f 1716/844/1592 1471/848/1596 1103/847/1597 1472/846/1594
f 1467/812/1560 1099/813/1563 1471/848/1596 1716/844/1592
f 1121/820/1570 1468/821/1569 1717/850/1598 1512/849/1599
f 1512/849/1599 1717/850/1598 1473/852/1600 1123/851/1601
f 1717/850/1598 1466/854/1602 1106/853/1603 1473/852/1600
f 1468/821/1569 1102/822/1572 1466/854/1602 1717/850/1598
f 1114/829/1579 1469/830/1578 1718/856/1604 1494/855/1605
f 1494/855/1605 1718/856/1604 1474/858/1606 1116/857/1607
f 1718/856/1604 1465/860/1608 1105/859/1609 1474/858/1606
f 1469/830/1578 1101/831/1581 1465/860/1608 1718/856/1604
f 1122/838/1588 1470/839/1587 1719/862/1610 1511/861/1611
f 1511/861/1611 1719/862/1610 1475/864/1612 1124/863/1613
f 1719/862/1610 1464/866/1614 1104/865/1615 1475/864/1612
f 1470/839/1587 1100/840/1590 1464/866/1614 1719/862/1610
f 1135/867/1616 1531/870/1617 1720/869/1618 1523/868/1619
f 1523/868/1619 1720/869/1618 1480/837/1584 1125/834/1583
f 1720/869/1618 1516/871/1620 1107/842/1591 1480/837/1584
f 1531/870/1617 1128/872/1621 1516/871/1620 1720/869/1618
f 1133/873/1622 1530/876/1623 1721/875/1624 1521/874/1625
f 1521/874/1625 1721/875/1624 1481/828/1575 1117/825/1574
f 1721/875/1624 1517/877/1626 1108/833/1582 1481/828/1575
f 1530/876/1623 1129/878/1627 1517/877/1626 1721/875/1624
f 1134/879/1628 1529/882/1629 1722/881/1630 1522/880/1631
f 1522/880/1631 1722/881/1630 1482/819/1566 1126/816/1565
f 1722/881/1630 1518/883/1632 1109/824/1573 1482/819/1566
f 1529/882/1629 1130/884/1633 1518/883/1632 1722/881/1630
f 1132/885/1634 1528/888/1635 1723/887/1636 1520/886/1637
f 1520/886/1637 1723/887/1636 1483/810/1557 1118/807/1556
f 1723/887/1636 1479/889/1638 1110/815/1564 1483/810/1557
f 1528/888/1635 1131/890/1639 1479/889/1638 1723/887/1636
f 1130/891/1633 1527/894/1640 1724/893/1641 1518/892/1632
f 1518/892/1632 1724/893/1641 1491/896/1642 1109/895/1573
f 1724/893/1641 1520/886/1637 1118/807/1556 1491/896/1642
f 1527/894/1640 1132/885/1634 1520/886/1637 1724/893/1641
f 1128/897/1621 1526/900/1643 1725/899/1644 1516/898/1620
f 1516/898/1620 1725/899/1644 1490/902/1645 1107/901/1591
f 1725/899/1644 1521/874/1625 1117/825/1574 1490/902/1645
f 1526/900/1643 1133/873/1622 1521/874/1625 1725/899/1644
f 1100/903/1590 1487/906/1646 1726/905/1647 1464/904/1614
f 1464/904/1614 1726/905/1647 1489/908/1648 1104/907/1615
f 1726/905/1647 1494/855/1605 1116/857/1607 1489/908/1648
f 1487/906/1646 1114/829/1579 1494/855/1605 1726/905/1647
f 1102/909/1572 1486/912/1649 1727/911/1650 1466/910/1602
f 1466/910/1602 1727/911/1650 1488/914/1651 1106/913/1603
f 1727/911/1650 1495/843/1593 1115/845/1595 1488/914/1651
f 1486/912/1649 1113/811/1561 1495/843/1593 1727/911/1650
f 1107/901/1591 1490/902/1645 1728/916/1652 1476/915/1589
f 1476/915/1589 1728/916/1652 1487/906/1646 1100/903/1590
f 1728/916/1652 1496/826/1577 1114/829/1579 1487/906/1646
f 1490/902/1645 1117/825/1574 1496/826/1577 1728/916/1652
f 1109/895/1573 1491/896/1642 1729/918/1653 1478/917/1571
f 1478/917/1571 1729/918/1653 1486/912/1649 1102/909/1572
f 1729/918/1653 1497/808/1559 1113/811/1561 1486/912/1649
f 1491/896/1642 1118/807/1556 1497/808/1559 1729/918/1653
f 1119/919/1654 1456/922/1655 1730/921/1656 1508/920/1657
f 1508/920/1657 1730/921/1656 1498/801/1548 1127/798/1547
f 1730/921/1656 1485/923/1658 1112/806/1555 1498/801/1548
f 1456/922/1655 1095/924/1659 1485/923/1658 1730/921/1656
f 1096/925/1660 1499/928/1661 1731/927/1662 1458/926/1663
f 1458/926/1663 1731/927/1662 1507/930/1664 1111/929/1665
f 1731/927/1662 1508/920/1657 1127/798/1547 1507/930/1664
f 1499/928/1661 1119/919/1654 1508/920/1657 1731/927/1662
f 1129/931/1627 1525/934/1666 1732/933/1667 1517/932/1626
f 1517/932/1626 1732/933/1667 1506/936/1668 1108/935/1582
f 1732/933/1667 1522/880/1631 1126/816/1565 1506/936/1668
f 1525/934/1666 1134/879/1628 1522/880/1631 1732/933/1667
f 1131/937/1639 1524/940/1669 1733/939/1670 1479/938/1638
f 1479/938/1638 1733/939/1670 1505/942/1671 1110/941/1564
f 1733/939/1670 1523/868/1619 1125/834/1583 1505/942/1671
f 1524/940/1669 1135/867/1616 1523/868/1619 1733/939/1670
f 1099/943/1563 1502/946/1672 1734/945/1673 1471/944/1596
f 1471/944/1596 1734/945/1673 1504/948/1674 1103/947/1597
f 1734/945/1673 1511/861/1611 1124/863/1613 1504/948/1674
f 1502/946/1672 1122/838/1588 1511/861/1611 1734/945/1673
f 1101/949/1581 1501/952/1675 1735/951/1676 1465/950/1608
f 1465/950/1608 1735/951/1676 1503/954/1677 1105/953/1609
f 1735/951/1676 1512/849/1599 1123/851/1601 1503/954/1677
f 1501/952/1675 1121/820/1570 1512/849/1599 1735/951/1676
f 1110/941/1564 1505/942/1671 1736/956/1678 1463/955/1562
f 1463/955/1562 1736/956/1678 1502/946/1672 1099/943/1563
f 1736/956/1678 1513/835/1586 1122/838/1588 1502/946/1672
f 1505/942/1671 1125/834/1583 1513/835/1586 1736/956/1678
f 1108/935/1582 1506/936/1668 1737/958/1679 1477/957/1580
f 1477/957/1580 1737/958/1679 1501/952/1675 1101/949/1581
f 1737/958/1679 1514/817/1568 1121/820/1570 1501/952/1675
f 1506/936/1668 1126/816/1565 1514/817/1568 1737/958/1679
f 1111/959/1665 1507/962/1664 1738/961/1680 1484/960/1681
f 1484/960/1681 1738/961/1680 1460/964/1682 1098/963/1683
f 1738/961/1680 1515/966/1550 1120/965/1552 1460/964/1682
f 1507/962/1664 1127/967/1547 1515/966/1550 1738/961/1680
f 1764/968/1684 1136/971/1685 1532/970/1686 1791/969/1687
f 1762/972/1688 1137/975/1689 1543/974/1690 1806/973/1691
f 1456/976/1655 1792/979/1692 1761/978/1693 1095/977/1659
f 1510/980/1694 1825/983/1695 1765/982/1696 1119/981/1654
f 1833/984/1697 1143/987/1698 1536/986/1699 1839/985/1700
f 1848/988/1701 1541/991/1702 1143/990/1698 1833/989/1697
f 1098/992/1683 1830/995/1703 1843/994/1704 1459/993/1705
f 1509/996/1706 1849/999/1707 1834/998/1708 1120/997/1552
f 1758/1000/1709 1151/1003/1710 1544/1002/1711 1794/1001/1712
f 1756/1004/1713 1150/1007/1714 1542/1006/1715 1824/1005/1716
f 1524/940/1669 1795/1009/1717 1755/1008/1718 1135/867/1616
f 1519/1010/1719 1807/1013/1720 1759/1012/1721 1131/1011/1639
f 1460/1014/1682 1840/1017/1722 1830/1016/1703 1098/1015/1683
f 1828/1018/1723 1141/1021/1724 1545/1020/1725 1845/1019/1726
f 1459/993/1705 1843/994/1704 1827/1022/1727 1129/878/1627
f 1839/985/1700 1536/986/1699 1142/1024/1728 1831/1023/1729
f 1112/806/1555 1485/923/1658 1739/1026/1730 1492/1025/1731
f 1492/1025/1731 1739/1026/1730 1528/1028/1635 1132/1027/1634
f 1739/1026/1730 1519/1030/1719 1131/1029/1639 1528/1028/1635
f 1485/923/1658 1095/924/1659 1519/1030/1719 1739/1026/1730
f 1120/1031/1552 1500/1034/1551 1740/1033/1732 1509/1032/1706
f 1509/1032/1706 1740/1033/1732 1529/882/1629 1134/879/1628
f 1740/1033/1732 1461/1035/1733 1130/884/1633 1529/882/1629
f 1500/1034/1551 1097/1036/1554 1461/1035/1733 1740/1033/1732
f 1111/1037/1665 1484/1040/1681 1741/1039/1734 1493/1038/1735
f 1493/1038/1735 1741/1039/1734 1530/876/1623 1133/873/1622
f 1741/1039/1734 1459/993/1705 1129/878/1627 1530/876/1623
f 1484/1040/1681 1098/992/1683 1459/993/1705 1741/1039/1734
f 1119/919/1654 1499/928/1661 1742/1042/1736 1510/1041/1694
f 1510/1041/1694 1742/1042/1736 1531/1044/1617 1135/1043/1616
f 1742/1042/1736 1457/1046/1737 1128/1045/1621 1531/1044/1617
f 1499/928/1661 1096/925/1660 1457/1046/1737 1742/1042/1736
f 1137/1047/1689 1532/1050/1686 1743/1049/1738 1543/1048/1690
f 1543/1048/1690 1743/1049/1738 1544/1052/1711 1151/1051/1710
f 1743/1049/1738 1542/1054/1715 1150/1053/1714 1544/1052/1711
f 1532/1050/1686 1136/1055/1685 1542/1054/1715 1743/1049/1738
f 1142/1056/1728 1536/1059/1699 1744/1058/1739 1535/1057/1740
f 1535/1057/1740 1744/1058/1739 1545/1061/1725 1141/1060/1724
f 1744/1058/1739 1541/1063/1702 1149/1062/1741 1545/1061/1725
f 1536/1059/1699 1143/1064/1698 1541/1063/1702 1744/1058/1739
f 1139/1065/1742 1534/1068/1743 1745/1067/1744 1533/1066/1745
f 1533/1066/1745 1745/1067/1744 1546/1070/1746 1138/1069/1747
f 1745/1067/1744 1540/1072/1748 1148/1071/1749 1546/1070/1746
f 1534/1068/1743 1140/1073/1750 1540/1072/1748 1745/1067/1744
f 1145/1074/1751 1538/1077/1752 1746/1076/1753 1537/1075/1754
f 1537/1075/1754 1746/1076/1753 1547/1079/1755 1144/1078/1756
f 1746/1076/1753 1539/1081/1757 1147/1080/1758 1547/1079/1755
f 1538/1077/1752 1146/1082/1759 1539/1081/1757 1746/1076/1753
f 1842/1083/1760 1535/1086/1740 1141/1085/1724 1828/1084/1723
f 1837/1087/1761 1149/1088/1741 1541/991/1702 1848/988/1701
f 1525/1089/1666 1846/1092/1762 1836/1091/1763 1134/1090/1628
f 1831/1093/1729 1142/1094/1728 1535/1086/1740 1842/1083/1760
f 1770/1095/1764 1138/1098/1747 1546/1097/1746 1797/1096/1765
f 1768/1099/1766 1148/1102/1749 1540/1101/1748 1815/1100/1767
f 1526/1103/1643 1798/1106/1768 1767/1105/1769 1133/1104/1622
f 1457/1107/1737 1819/1110/1770 1771/1109/1771 1128/1108/1621
f 1776/1111/1772 1145/1114/1751 1537/1113/1754 1800/1112/1773
f 1774/1115/1774 1144/1118/1756 1547/1117/1755 1809/1116/1775
f 1461/1035/1733 1801/1120/1776 1773/1119/1777 1130/884/1633
f 1462/1121/1553 1813/1124/1778 1777/1123/1779 1097/1122/1554
f 1782/1125/1780 1147/1128/1758 1539/1127/1757 1803/1126/1781
f 1780/1129/1782 1146/1132/1759 1538/1131/1752 1812/1130/1783
f 1492/1133/1731 1804/1136/1784 1779/1135/1785 1112/1134/1555
f 1527/894/1640 1810/1138/1786 1783/1137/1787 1132/885/1634
f 1791/969/1687 1532/970/1686 1137/1140/1689 1762/1139/1688
f 1095/1141/1659 1761/1142/1693 1807/1013/1720 1519/1010/1719
f 1131/937/1639 1759/1143/1721 1795/1009/1717 1524/940/1669
f 1824/1005/1716 1542/1006/1715 1136/1145/1685 1764/1144/1684
f 1800/1112/1773 1537/1113/1754 1144/1147/1756 1774/1146/1774
f 1111/1148/1665 1785/1151/1788 1822/1150/1789 1458/1149/1663
f 1132/1152/1634 1783/1153/1787 1804/1136/1784 1492/1133/1731
f 1812/1130/1783 1538/1131/1752 1145/1155/1751 1776/1154/1772
f 1803/1126/1781 1539/1127/1757 1146/1157/1759 1780/1156/1782
f 1112/1158/1555 1779/1159/1785 1813/1124/1778 1462/1121/1553
f 1097/1036/1554 1777/1160/1779 1801/1120/1776 1461/1035/1733
f 1809/1116/1775 1547/1117/1755 1147/1162/1758 1782/1161/1780
f 1797/1096/1765 1546/1097/1746 1148/1164/1749 1768/1163/1766
f 1786/1165/1790 1140/1168/1750 1534/1167/1743 1821/1166/1791
f 1493/1169/1735 1816/1170/1792 1785/1151/1788 1111/1148/1665
f 1818/1171/1793 1533/1174/1745 1138/1173/1747 1770/1172/1764
f 1788/1175/1794 1139/1176/1742 1533/1174/1745 1818/1171/1793
f 1130/891/1633 1773/1177/1777 1810/1138/1786 1527/894/1640
f 1128/1178/1621 1771/1179/1771 1798/1106/1768 1526/1103/1643
f 1458/1149/1663 1822/1150/1789 1789/1181/1795 1096/1180/1660
f 1845/1019/1726 1545/1020/1725 1149/1183/1741 1837/1182/1761
f 1134/1184/1628 1836/1185/1763 1849/999/1707 1509/996/1706
f 1120/1186/1552 1834/1187/1708 1840/1017/1722 1460/1014/1682
f 1815/1100/1767 1540/1101/1748 1140/1168/1750 1786/1165/1790
f 1096/1188/1660 1789/1189/1795 1819/1110/1770 1457/1107/1737
f 1821/1166/1791 1534/1167/1743 1139/1191/1742 1788/1190/1794
f 1794/1001/1712 1544/1002/1711 1150/1193/1714 1756/1192/1713
f 1133/1194/1622 1767/1195/1769 1816/1170/1792 1493/1169/1735
f 1119/1196/1654 1765/1197/1696 1792/979/1692 1456/976/1655
f 1806/973/1691 1543/974/1690 1151/1199/1710 1758/1198/1709
f 1106/853/1603 1548/1201/1796 1747/1200/1797 1473/852/1600
f 1473/852/1600 1747/1200/1797 1549/1202/1798 1123/851/1601
f 1747/1200/1797 1436/1204/1529 1087/1203/1482 1549/1202/1798
f 1548/1201/1796 1068/1205/1419 1436/1204/1529 1747/1200/1797
f 1123/851/1601 1549/1202/1798 1748/1206/1799 1503/954/1677
f 1503/954/1677 1748/1206/1799 1550/1207/1800 1105/953/1609
f 1748/1206/1799 1408/1209/1481 1074/1208/1484 1550/1207/1800
f 1549/1202/1798 1087/1203/1482 1408/1209/1481 1748/1206/1799
f 1105/859/1609 1550/1211/1800 1749/1210/1801 1474/858/1606
f 1474/858/1606 1749/1210/1801 1551/1212/1802 1116/857/1607
f 1749/1210/1801 1445/1213/1537 1092/624/1420 1551/1212/1802
f 1550/1211/1800 1074/1214/1484 1445/1213/1537 1749/1210/1801
f 1116/857/1607 1551/1212/1802 1750/1215/1803 1489/908/1648
f 1489/908/1648 1750/1215/1803 1552/1216/1804 1104/907/1615
f 1750/1215/1803 1452/625/1423 1090/628/1425 1552/1216/1804
f 1551/1212/1802 1092/624/1420 1452/625/1423 1750/1215/1803
f 1104/865/1615 1552/1218/1804 1751/1217/1805 1475/864/1612
f 1475/864/1612 1751/1217/1805 1553/1219/1806 1124/863/1613
f 1751/1217/1805 1443/775/1531 1072/716/1497 1553/1219/1806
f 1552/1218/1804 1090/720/1425 1443/775/1531 1751/1217/1805
f 1124/863/1613 1553/1219/1806 1752/1220/1807 1504/948/1674
f 1504/948/1674 1752/1220/1807 1554/1221/1808 1103/947/1597
f 1752/1220/1807 1406/714/1493 1085/711/1492 1554/1221/1808
f 1553/1219/1806 1072/716/1497 1406/714/1493 1752/1220/1807
f 1103/847/1597 1554/1223/1808 1753/1222/1809 1472/846/1594
f 1472/846/1594 1753/1222/1809 1555/1224/1810 1115/845/1595
f 1753/1222/1809 1434/1225/1522 1065/621/1418 1555/1224/1810
f 1554/1223/1808 1085/1226/1492 1434/1225/1522 1753/1222/1809
f 1115/845/1595 1555/1224/1810 1754/1227/1811 1488/914/1651
f 1488/914/1651 1754/1227/1811 1548/1228/1796 1106/913/1603
f 1754/1227/1811 1394/622/1417 1068/623/1419 1548/1228/1796
f 1555/1224/1810 1065/621/1418 1394/622/1417 1754/1227/1811
f 1762/1139/1688 1763/1230/1812 1793/1229/1813 1791/969/1687
f 1763/1230/1812 1761/978/1693 1792/979/1692 1793/1229/1813
f 1765/1197/1696 1766/1231/1814 1793/1229/1813 1792/979/1692
f 1766/1231/1814 1764/968/1684 1791/969/1687 1793/1229/1813
f 1756/1192/1713 1757/1233/1815 1796/1232/1816 1794/1001/1712
f 1757/1233/1815 1755/1008/1718 1795/1009/1717 1796/1232/1816
f 1759/1143/1721 1760/1234/1817 1796/1232/1816 1795/1009/1717
f 1760/1234/1817 1758/1000/1709 1794/1001/1712 1796/1232/1816
f 1768/1163/1766 1769/1236/1818 1799/1235/1819 1797/1096/1765
f 1769/1236/1818 1767/1105/1769 1798/1106/1768 1799/1235/1819
f 1771/1179/1771 1772/1237/1820 1799/1235/1819 1798/1106/1768
f 1772/1237/1820 1770/1095/1764 1797/1096/1765 1799/1235/1819
f 1774/1146/1774 1775/1239/1821 1802/1238/1822 1800/1112/1773
f 1775/1239/1821 1773/1119/1777 1801/1120/1776 1802/1238/1822
f 1777/1160/1779 1778/1240/1823 1802/1238/1822 1801/1120/1776
f 1778/1240/1823 1776/1111/1772 1800/1112/1773 1802/1238/1822
f 1780/1156/1782 1781/1242/1824 1805/1241/1825 1803/1126/1781
f 1781/1242/1824 1779/1135/1785 1804/1136/1784 1805/1241/1825
f 1783/1153/1787 1784/1243/1826 1805/1241/1825 1804/1136/1784
f 1784/1243/1826 1782/1125/1780 1803/1126/1781 1805/1241/1825
f 1758/1198/1709 1760/1245/1817 1808/1244/1827 1806/973/1691
f 1760/1245/1817 1759/1012/1721 1807/1013/1720 1808/1244/1827
f 1761/1142/1693 1763/1246/1812 1808/1244/1827 1807/1013/1720
f 1763/1246/1812 1762/972/1688 1806/973/1691 1808/1244/1827
f 1782/1161/1780 1784/1248/1826 1811/1247/1828 1809/1116/1775
f 1784/1248/1826 1783/1137/1787 1810/1138/1786 1811/1247/1828
f 1773/1177/1777 1775/1249/1821 1811/1247/1828 1810/1138/1786
f 1775/1249/1821 1774/1115/1774 1809/1116/1775 1811/1247/1828
f 1776/1154/1772 1778/1251/1823 1814/1250/1829 1812/1130/1783
f 1778/1251/1823 1777/1123/1779 1813/1124/1778 1814/1250/1829
f 1779/1159/1785 1781/1252/1824 1814/1250/1829 1813/1124/1778
f 1781/1252/1824 1780/1129/1782 1812/1130/1783 1814/1250/1829
f 1786/1165/1790 1787/1254/1830 1817/1253/1831 1815/1100/1767
f 1787/1254/1830 1785/1151/1788 1816/1170/1792 1817/1253/1831
f 1767/1195/1769 1769/1255/1818 1817/1253/1831 1816/1170/1792
f 1769/1255/1818 1768/1099/1766 1815/1100/1767 1817/1253/1831
f 1770/1172/1764 1772/1257/1820 1820/1256/1832 1818/1171/1793
f 1772/1257/1820 1771/1109/1771 1819/1110/1770 1820/1256/1832
f 1789/1189/1795 1790/1258/1833 1820/1256/1832 1819/1110/1770
f 1790/1258/1833 1788/1175/1794 1818/1171/1793 1820/1256/1832
f 1788/1190/1794 1790/1260/1833 1823/1259/1834 1821/1166/1791
f 1790/1260/1833 1789/1181/1795 1822/1150/1789 1823/1259/1834
f 1785/1151/1788 1787/1254/1830 1823/1259/1834 1822/1150/1789
f 1787/1254/1830 1786/1165/1790 1821/1166/1791 1823/1259/1834
f 1764/1144/1684 1766/1262/1814 1826/1261/1835 1824/1005/1716
f 1766/1262/1814 1765/982/1696 1825/983/1695 1826/1261/1835
f 1755/1263/1718 1757/1264/1815 1826/1261/1835 1825/983/1695
f 1757/1264/1815 1756/1004/1713 1824/1005/1716 1826/1261/1835
f 1135/1265/1616 1755/1263/1718 1825/983/1695 1510/980/1694
f 1831/1023/1729 1832/1267/1836 1841/1266/1837 1839/985/1700
f 1832/1267/1836 1830/1016/1703 1840/1017/1722 1841/1266/1837
f 1834/1187/1708 1835/1268/1838 1841/1266/1837 1840/1017/1722
f 1835/1268/1838 1833/984/1697 1839/985/1700 1841/1266/1837
f 1828/1084/1723 1829/1270/1839 1844/1269/1840 1842/1083/1760
f 1829/1270/1839 1827/1022/1727 1843/994/1704 1844/1269/1840
f 1830/995/1703 1832/1271/1836 1844/1269/1840 1843/994/1704
f 1832/1271/1836 1831/1093/1729 1842/1083/1760 1844/1269/1840
f 1837/1182/1761 1838/1273/1841 1847/1272/1842 1845/1019/1726
f 1838/1273/1841 1836/1091/1763 1846/1092/1762 1847/1272/1842
f 1827/1274/1727 1829/1275/1839 1847/1272/1842 1846/1092/1762
f 1829/1275/1839 1828/1018/1723 1845/1019/1726 1847/1272/1842
f 1833/989/1697 1835/1277/1838 1850/1276/1843 1848/988/1701
f 1835/1277/1838 1834/998/1708 1849/999/1707 1850/1276/1843
f 1836/1185/1763 1838/1278/1841 1850/1276/1843 1849/999/1707
f 1838/1278/1841 1837/1087/1761 1848/988/1701 1850/1276/1843
f 1129/1279/1627 1827/1274/1727 1846/1092/1762 1525/1089/1666
o HEAD
g the_peakchar_head
v 0.000000 4.158124 0.747708
v 0.000000 4.406229 0.499602
v 0.000000 4.540503 0.175437
v 0.000000 4.557782 -0.000000
v 0.000000 4.540503 -0.175437
v 0.000000 4.406229 -0.499602
v 0.034226 3.830588 0.881981
v 0.067137 3.996041 0.830808
v 0.097468 4.148524 0.747708
v 0.124053 4.282176 0.635873
v 0.145871 4.391862 0.499602
v 0.162083 4.473366 0.344132
v 0.172066 4.523556 0.175437
v 0.175437 4.540503 -0.000000
v 0.172066 4.523556 -0.175437
v 0.162083 4.473366 -0.344132
v 0.145871 4.391862 -0.499602
v 0.124053 4.282176 -0.635873
v 0.097468 4.148524 -0.747708
v 0.067137 3.996041 -0.830808
v 0.034226 3.830587 -0.881981
v 0.067137 3.820604 0.881981
v 0.131694 3.976458 0.830808
v 0.191190 4.120094 0.747708
v 0.243338 4.245992 0.635873
v 0.286135 4.349313 0.499602
v 0.317937 4.426088 0.344132
v 0.337520 4.473366 0.175437
v 0.344132 4.489330 -0.000000
v 0.337520 4.473366 -0.175437
v 0.317937 4.426088 -0.344132
v 0.286135 4.349313 -0.499602
v 0.243338 4.245992 -0.635873
v 0.191190 4.120093 -0.747708
v 0.131694 3.976458 -0.830808
v 0.067137 3.820604 -0.881981
v 0.097468 3.804392 0.881981
v 0.191190 3.944657 0.830808
v 0.277564 4.073926 0.747708
v 0.353272 4.187231 0.635873
v 0.415404 4.280218 0.499602
v 0.461572 4.349313 0.344132
v 0.490003 4.391862 0.175437
v 0.499602 4.406229 -0.000000
v 0.490003 4.391862 -0.175437
v 0.461572 4.349313 -0.344132
v 0.415404 4.280218 -0.499602
v 0.353272 4.187231 -0.635873
v 0.277564 4.073925 -0.747708
v 0.191190 3.944657 -0.830808
v 0.097468 3.804392 -0.881981
v 0.124053 3.782574 0.881981
v 0.243338 3.901860 0.830808
v 0.353272 4.011794 0.747708
v 0.449630 4.108152 0.635873
v 0.528709 4.187231 0.499602
v 0.587470 4.245992 0.344132
v 0.623655 4.282176 0.175437
v 0.635873 4.294394 -0.000000
v 0.623655 4.282176 -0.175437
v 0.587470 4.245992 -0.344132
v 0.528709 4.187231 -0.499602
v 0.449630 4.108152 -0.635873
v 0.353272 4.011794 -0.747708
v 0.243338 3.901860 -0.830808
v 0.124053 3.782574 -0.881981
v 0.145870 3.755989 0.881981
v 0.286135 3.849711 0.830808
v 0.415404 3.936086 0.747708
v 0.528709 4.011794 0.635873
v 0.621696 4.073925 0.499602
v 0.690792 4.120094 0.344132
v 0.733341 4.148524 0.175437
v 0.747708 4.158123 -0.000000
v 0.733341 4.148524 -0.175437
v 0.690792 4.120094 -0.344132
v 0.621696 4.073925 -0.499602
v 0.528709 4.011794 -0.635873
v 0.415404 3.936085 -0.747708
v 0.286135 3.849711 -0.830808
v 0.145870 3.755989 -0.881981
v 0.000000 3.658522 0.899260
v 0.162083 3.725658 0.881981
v 0.317937 3.790215 0.830808
v 0.461572 3.849711 0.747708
v 0.587470 3.901860 0.635873
v 0.690792 3.944657 0.499602
v 0.767567 3.976458 0.344132
v 0.814844 3.996041 0.175437
v 0.830808 4.002653 -0.000000
v 0.814844 3.996041 -0.175437
v 0.767567 3.976458 -0.344132
v 0.690792 3.944657 -0.499602
v 0.587470 3.901860 -0.635873
v 0.461572 3.849711 -0.747708
v 0.317937 3.790215 -0.830808
v 0.162083 3.725658 -0.881981
v 0.172066 3.692748 0.881981
v 0.337520 3.725658 0.830808
v 0.490002 3.755989 0.747708
v 0.623655 3.782574 0.635873
v 0.733341 3.804392 0.499602
v 0.814844 3.820604 0.344132
v 0.865034 3.830587 0.175437
v 0.881981 3.833958 -0.000000
v 0.865034 3.830587 -0.175437
v 0.814844 3.820604 -0.344132
v 0.733341 3.804392 -0.499602
v 0.623655 3.782574 -0.635873
v 0.490002 3.755989 -0.747708
v 0.337520 3.725658 -0.830808
v 0.172066 3.692747 -0.881981
v 0.175437 3.658522 0.881981
v 0.344132 3.658522 0.830808
v 0.499602 3.658522 0.747708
v 0.635873 3.658521 0.635873
v 0.747707 3.658521 0.499602
v 0.830808 3.658522 0.344132
v 0.881981 3.658521 0.175437
v 0.899260 3.658521 0.000000
v 0.881981 3.658521 -0.175437
v 0.830808 3.658521 -0.344132
v 0.747707 3.658521 -0.499602
v 0.635873 3.658521 -0.635873
v 0.499602 3.658521 -0.747708
v 0.344132 3.658521 -0.830808
v 0.175437 3.658521 -0.881981
v 0.172066 3.624295 0.881981
v 0.337520 3.591385 0.830808
v 0.490002 3.561054 0.747708
v 0.623655 3.534469 0.635873
v 0.733340 3.512651 0.499602
v 0.814844 3.496439 0.344132
v 0.865034 3.486455 0.175437
v 0.881981 3.483084 0.000000
v 0.865034 3.486455 -0.175437
v 0.814844 3.496439 -0.344132
v 0.733340 3.512651 -0.499602
v 0.623655 3.534469 -0.635873
v 0.490002 3.561054 -0.747708
v 0.337520 3.591384 -0.830808
v 0.172066 3.624295 -0.881981
v 0.162083 3.591385 0.881981
v 0.317937 3.526828 0.830808
v 0.461572 3.467332 0.747708
v 0.587470 3.415184 0.635873
v 0.690791 3.372386 0.499602
v 0.767567 3.340585 0.344132
v 0.814844 3.321002 0.175437
v 0.830808 3.314389 0.000000
v 0.814844 3.321002 -0.175437
v 0.767567 3.340585 -0.344132
v 0.690791 3.372386 -0.499602
v 0.587470 3.415183 -0.635873
v 0.461572 3.467332 -0.747708
v 0.317937 3.526828 -0.830808
v 0.162083 3.591384 -0.881981
v 0.145870 3.561054 0.881981
v 0.286135 3.467332 0.830808
v 0.415404 3.380958 0.747708
v 0.528709 3.305249 0.635873
v 0.621696 3.243118 0.499602
v 0.690792 3.196949 0.344132
v 0.733340 3.168519 0.175437
v 0.747707 3.158919 0.000000
v 0.733340 3.168519 -0.175437
v 0.690792 3.196949 -0.344132
v 0.621696 3.243117 -0.499602
v 0.528709 3.305249 -0.635873
v 0.415404 3.380957 -0.747708
v 0.286135 3.467332 -0.830808
v 0.145870 3.561054 -0.881981
v 0.124053 3.534469 0.881981
v 0.243338 3.415184 0.830808
v 0.353272 3.305249 0.747708
v 0.449630 3.208891 0.635873
v 0.528709 3.129812 0.499602
v 0.587470 3.071052 0.344132
v 0.623655 3.034867 0.175437
v 0.635873 3.022649 0.000000
v 0.623655 3.034867 -0.175437
v 0.587470 3.071051 -0.344132
v 0.528709 3.129812 -0.499602
v 0.449630 3.208891 -0.635873
v 0.353272 3.305249 -0.747708
v 0.243338 3.415183 -0.830808
v 0.124053 3.534469 -0.881981
v 0.097468 3.512651 0.881981
v 0.191189 3.372386 0.830808
v 0.277564 3.243118 0.747708
v 0.353272 3.129812 0.635873
v 0.415404 3.036826 0.499602
v 0.461572 2.967730 0.344132
v 0.490002 2.925181 0.175437
v 0.499602 2.910814 0.000000
v 0.490002 2.925181 -0.175437
v 0.461572 2.967730 -0.344132
v 0.415404 3.036825 -0.499602
v 0.353272 3.129812 -0.635873
v 0.277564 3.243117 -0.747707
v 0.191189 3.372386 -0.830808
v 0.097468 3.512651 -0.881981
v 0.067137 3.496439 0.881981
v 0.131694 3.340585 0.830808
v 0.191189 3.196949 0.747708
v 0.243338 3.071052 0.635873
v 0.286135 2.967730 0.499602
v 0.317937 2.890955 0.344132
v 0.337519 2.843678 0.175437
v 0.344132 2.827714 0.000000
v 0.337519 2.843678 -0.175437
v 0.317937 2.890955 -0.344132
v 0.286135 2.967730 -0.499602
v 0.243338 3.071051 -0.635873
v 0.191189 3.196949 -0.747708
v 0.131694 3.340585 -0.830808
v 0.067137 3.496439 -0.881981
v 0.034226 3.486456 0.881981
v 0.067137 3.321002 0.830808
v 0.097467 3.168519 0.747708
v 0.124053 3.034867 0.635873
v 0.145870 2.925181 0.499602
v 0.162083 2.843677 0.344132
v 0.172066 2.793488 0.175437
v 0.175437 2.776541 0.000000
v 0.172066 2.793488 -0.175437
v 0.162083 2.843677 -0.344132
v 0.145870 2.925181 -0.499602
v 0.124053 3.034867 -0.635873
v 0.097467 3.168519 -0.747708
v 0.067137 3.321002 -0.830808
v 0.034226 3.486455 -0.881981
v 0.000000 3.483085 0.881981
v -0.000000 3.314390 0.830808
v -0.000000 3.158919 0.747708
v -0.000000 3.022649 0.635873
v -0.000000 2.910814 0.499602
v 0.000000 2.827714 0.344132
v -0.000000 2.776541 0.175437
v -0.000000 2.759262 0.000000
v -0.000000 2.776541 -0.175437
v 0.000000 2.827713 -0.344132
v -0.000000 2.910814 -0.499602
v -0.000000 3.022649 -0.635873
v -0.000000 3.158919 -0.747708
v -0.000000 3.314389 -0.830808
v 0.000000 3.483084 -0.881981
v -0.034226 3.486456 0.881981
v -0.067137 3.321002 0.830808
v -0.097468 3.168519 0.747708
v -0.124053 3.034867 0.635873
v -0.145871 2.925181 0.499602
v -0.162083 2.843678 0.344132
v -0.172066 2.793488 0.175437
v -0.175437 2.776541 0.000000
v -0.172066 2.793488 -0.175437
v -0.162083 2.843678 -0.344132
v -0.145871 2.925181 -0.499602
v -0.124053 3.034867 -0.635873
v -0.097468 3.168519 -0.747708
v -0.067137 3.321002 -0.830808
v -0.034226 3.486455 -0.881981
v -0.067137 3.496439 0.881981
v -0.131694 3.340585 0.830808
v -0.191189 3.196950 0.747708
v -0.243338 3.071052 0.635873
v -0.286135 2.967730 0.499602
v -0.317936 2.890955 0.344132
v -0.337520 2.843678 0.175437
v -0.344132 2.827714 0.000000
v -0.337520 2.843678 -0.175437
v -0.317936 2.890955 -0.344132
v -0.286135 2.967730 -0.499602
v -0.243338 3.071052 -0.635873
v -0.191189 3.196949 -0.747708
v -0.131694 3.340585 -0.830808
v -0.067137 3.496439 -0.881981
v -0.097467 3.512651 0.881981
v -0.191189 3.372386 0.830808
v -0.277564 3.243118 0.747708
v -0.353272 3.129812 0.635873
v -0.415404 3.036826 0.499602
v -0.461572 2.967730 0.344132
v -0.490003 2.925181 0.175437
v -0.499602 2.910815 0.000000
v -0.490003 2.925181 -0.175437
v -0.461572 2.967730 -0.344132
v -0.415404 3.036826 -0.499602
v -0.353272 3.129812 -0.635873
v -0.277564 3.243118 -0.747708
v -0.191189 3.372386 -0.830808
v -0.097467 3.512651 -0.881981
v -0.124053 3.534469 0.881981
v -0.243338 3.415184 0.830808
v -0.353272 3.305250 0.747708
v -0.449630 3.208891 0.635873
v -0.528709 3.129813 0.499602
v -0.587470 3.071052 0.344132
v -0.623655 3.034867 0.175437
v -0.635873 3.022649 0.000000
v -0.623655 3.034867 -0.175437
v -0.587470 3.071052 -0.344132
v -0.528709 3.129812 -0.499602
v -0.449630 3.208891 -0.635873
v -0.353272 3.305249 -0.747708
v -0.243338 3.415183 -0.830808
v -0.124053 3.534469 -0.881981
v 0.000000 3.658521 -0.899260
v -0.145870 3.561054 0.881981
v -0.286135 3.467332 0.830808
v -0.415404 3.380958 0.747708
v -0.528709 3.305249 0.635873
v -0.621696 3.243118 0.499602
v -0.690791 3.196949 0.344132
v -0.733340 3.168519 0.175437
v -0.747707 3.158920 0.000000
v -0.733340 3.168519 -0.175437
v -0.690791 3.196949 -0.344132
v -0.621696 3.243118 -0.499602
v -0.528709 3.305249 -0.635873
v -0.415404 3.380958 -0.747708
v -0.286135 3.467332 -0.830808
v -0.145870 3.561054 -0.881981
v -0.162082 3.591385 0.881981
v -0.317936 3.526828 0.830808
v -0.461572 3.467332 0.747708
v -0.587470 3.415184 0.635873
v -0.690791 3.372386 0.499602
v -0.767566 3.340585 0.344132
v -0.814844 3.321002 0.175437
v -0.830808 3.314390 0.000000
v -0.814844 3.321002 -0.175437
v -0.767566 3.340585 -0.344132
v -0.690791 3.372386 -0.499602
v -0.587470 3.415184 -0.635873
v -0.461572 3.467332 -0.747707
v -0.317936 3.526828 -0.830808
v -0.162082 3.591384 -0.881981
v -0.172066 3.624296 0.881981
v -0.337520 3.591385 0.830808
v -0.490002 3.561054 0.747708
v -0.623655 3.534469 0.635873
v -0.733340 3.512651 0.499602
v -0.814844 3.496439 0.344132
v -0.865034 3.486456 0.175437
v -0.881981 3.483085 0.000000
v -0.865034 3.486456 -0.175437
v -0.814844 3.496439 -0.344132
v -0.733340 3.512651 -0.499602
v -0.623655 3.534469 -0.635873
v -0.490002 3.561054 -0.747708
v -0.337520 3.591384 -0.830808
v -0.172066 3.624295 -0.881981
v -0.175437 3.658522 0.881981
v -0.344132 3.658522 0.830808
v -0.499602 3.658522 0.747708
v -0.635873 3.658522 0.635873
v -0.747707 3.658522 0.499602
v -0.830808 3.658522 0.344132
v -0.881981 3.658522 0.175437
v -0.899259 3.658522 0.000000
v -0.881981 3.658522 -0.175437
v -0.830808 3.658521 -0.344132
v -0.747707 3.658522 -0.499602
v -0.635873 3.658522 -0.635873
v -0.499602 3.658521 -0.747708
v -0.344132 3.658521 -0.830808
v -0.175437 3.658521 -0.881981
v -0.172066 3.692748 0.881981
v -0.337520 3.725658 0.830808
v -0.490002 3.755989 0.747708
v -0.623655 3.782574 0.635873
v -0.733340 3.804392 0.499602
v -0.814844 3.820604 0.344132
v -0.865034 3.830588 0.175437
v -0.881980 3.833959 -0.000000
v -0.865034 3.830588 -0.175437
v -0.814844 3.820604 -0.344132
v -0.733340 3.804392 -0.499602
v -0.623655 3.782574 -0.635873
v -0.490002 3.755989 -0.747708
v -0.337520 3.725658 -0.830808
v -0.172066 3.692747 -0.881981
v -0.162082 3.725658 0.881981
v -0.317936 3.790215 0.830808
v -0.461572 3.849711 0.747708
v -0.587470 3.901860 0.635873
v -0.690791 3.944657 0.499602
v -0.767566 3.976458 0.344132
v -0.814844 3.996041 0.175437
v -0.830807 4.002654 -0.000000
v -0.814844 3.996041 -0.175437
v -0.767566 3.976458 -0.344132
v -0.690791 3.944657 -0.499602
v -0.587470 3.901860 -0.635873
v -0.461572 3.849711 -0.747708
v -0.317936 3.790215 -0.830808
v -0.162082 3.725658 -0.881981
v -0.145870 3.755989 0.881981
v -0.286135 3.849711 0.830808
v -0.415404 3.936085 0.747708
v -0.528709 4.011794 0.635873
v -0.621696 4.073925 0.499602
v -0.690791 4.120094 0.344132
v -0.733340 4.148524 0.175437
v -0.747707 4.158123 -0.000000
v -0.733340 4.148524 -0.175437
v -0.690791 4.120094 -0.344132
v -0.621696 4.073925 -0.499602
v -0.528709 4.011794 -0.635873
v -0.415404 3.936085 -0.747708
v -0.286135 3.849711 -0.830808
v -0.145870 3.755989 -0.881981
v -0.124053 3.782574 0.881981
v -0.243338 3.901860 0.830808
v -0.353272 4.011794 0.747708
v -0.449630 4.108152 0.635873
v -0.528709 4.187231 0.499602
v -0.587470 4.245991 0.344132
v -0.623654 4.282176 0.175437
v -0.635872 4.294394 -0.000000
v -0.623654 4.282176 -0.175437
v -0.587470 4.245991 -0.344132
v -0.528709 4.187231 -0.499602
v -0.449630 4.108152 -0.635873
v -0.353272 4.011793 -0.747708
v -0.243338 3.901859 -0.830808
v -0.124053 3.782574 -0.881981
v -0.097467 3.804392 0.881981
v -0.191189 3.944657 0.830808
v -0.277564 4.073925 0.747708
v -0.353272 4.187231 0.635873
v -0.415404 4.280217 0.499602
v -0.461572 4.349313 0.344132
v -0.490002 4.391861 0.175437
v -0.499601 4.406229 -0.000000
v -0.490002 4.391862 -0.175437
v -0.461572 4.349313 -0.344132
v -0.415404 4.280217 -0.499602
v -0.353272 4.187230 -0.635873
v -0.277564 4.073925 -0.747708
v -0.191189 3.944657 -0.830808
v -0.097467 3.804392 -0.881981
v -0.067137 3.820604 0.881981
v -0.131693 3.976458 0.830808
v -0.191189 4.120093 0.747708
v -0.243338 4.245992 0.635873
v -0.286135 4.349313 0.499602
v -0.317936 4.426088 0.344132
v -0.337519 4.473365 0.175437
v -0.344131 4.489329 -0.000000
v -0.337519 4.473365 -0.175437
v -0.317936 4.426088 -0.344132
v -0.286135 4.349313 -0.499602
v -0.243338 4.245991 -0.635873
v -0.191189 4.120093 -0.747708
v -0.131693 3.976458 -0.830808
v -0.067137 3.820604 -0.881981
v -0.034226 3.830588 0.881981
v -0.067137 3.996041 0.830808
v -0.097467 4.148524 0.747708
v -0.124053 4.282176 0.635873
v -0.145870 4.391861 0.499602
v -0.162082 4.473365 0.344132
v -0.172066 4.523555 0.175437
v -0.175436 4.540502 -0.000000
v -0.172066 4.523555 -0.175437
v -0.162082 4.473366 -0.344132
v -0.145870 4.391861 -0.499602
v -0.124053 4.282176 -0.635873
v -0.097467 4.148523 -0.747708
v -0.067137 3.996041 -0.830808
v -0.034226 3.830587 -0.881981
v 0.000000 3.833958 0.881981
v 0.000000 4.002654 0.830808
v 0.000000 4.294394 0.635873
v 0.000000 4.489329 0.344132
v 0.000000 4.489329 -0.344132
v 0.000000 4.294394 -0.635873
v 0.000000 4.158123 -0.747708
v 0.000000 4.002653 -0.830808
v 0.000000 3.833958 -0.881981
vn -0.0000 0.2010 0.9796
vn -0.0000 -0.0000 1.0000
vn 0.0392 0.1971 0.9796
vn -0.0000 -0.0000 -1.0000
vn -0.0000 0.2010 -0.9796
vn 0.0392 0.1971 -0.9796
vn -0.0000 0.9810 -0.1939
vn -0.0000 1.0000 -0.0000
vn 0.1951 0.9808 -0.0000
vn 0.1914 0.9622 -0.1939
vn -0.0000 0.3879 0.9217
vn 0.0757 0.3804 0.9217
vn -0.0000 0.9248 -0.3805
vn 0.1804 0.9070 -0.3805
vn -0.0000 0.5598 0.8286
vn 0.1092 0.5490 0.8286
vn -0.0000 0.8333 -0.5528
vn 0.1626 0.8173 -0.5528
vn -0.0000 0.7101 0.7041
vn 0.1385 0.6965 0.7041
vn -0.0000 0.7101 -0.7041
vn 0.1385 0.6965 -0.7041
vn -0.0000 0.8333 0.5528
vn 0.1626 0.8173 0.5528
vn -0.0000 0.5598 -0.8286
vn 0.1092 0.5490 -0.8286
vn -0.0000 0.9248 0.3805
vn 0.1804 0.9070 0.3805
vn -0.0000 0.3879 -0.9217
vn 0.0757 0.3804 -0.9217
vn -0.0000 0.9810 0.1939
vn 0.1914 0.9622 0.1939
vn 0.1484 0.3584 -0.9217
vn 0.0769 0.1857 -0.9796
vn 0.3754 0.9063 0.1939
vn 0.3827 0.9239 -0.0000
vn 0.0769 0.1857 0.9796
vn 0.3754 0.9063 -0.1939
vn 0.1484 0.3584 0.9217
vn 0.3539 0.8544 -0.3805
vn 0.2142 0.5172 0.8286
vn 0.3189 0.7699 -0.5528
vn 0.2718 0.6561 0.7041
vn 0.2718 0.6561 -0.7041
vn 0.3189 0.7699 0.5528
vn 0.2142 0.5172 -0.8286
vn 0.3539 0.8544 0.3805
vn 0.3110 0.4654 0.8286
vn 0.3945 0.5905 0.7041
vn 0.4630 0.6929 -0.5528
vn 0.3945 0.5905 -0.7041
vn 0.4630 0.6929 0.5528
vn 0.3110 0.4654 -0.8286
vn 0.5138 0.7689 0.3805
vn 0.2155 0.3225 -0.9217
vn 0.5450 0.8157 0.1939
vn 0.1117 0.1671 -0.9796
vn 0.5556 0.8315 -0.0000
vn 0.1117 0.1671 0.9796
vn 0.5450 0.8157 -0.1939
vn 0.2155 0.3225 0.9217
vn 0.5138 0.7689 -0.3805
vn 0.6937 0.6937 0.1939
vn 0.7071 0.7071 -0.0000
vn 0.1421 0.1421 0.9796
vn 0.1421 0.1421 -0.9796
vn 0.6937 0.6937 -0.1939
vn 0.2743 0.2743 0.9217
vn 0.6539 0.6539 -0.3805
vn 0.3958 0.3958 0.8286
vn 0.5893 0.5893 -0.5528
vn 0.5021 0.5021 0.7041
vn 0.5021 0.5021 -0.7041
vn 0.5893 0.5893 0.5528
vn 0.3958 0.3958 -0.8286
vn 0.6539 0.6539 0.3805
vn 0.2743 0.2743 -0.9217
vn 0.6929 0.4630 -0.5528
vn 0.5905 0.3945 -0.7041
vn 0.5905 0.3945 0.7041
vn 0.6929 0.4630 0.5528
vn 0.4654 0.3110 -0.8286
vn 0.7689 0.5138 0.3805
vn 0.3225 0.2155 -0.9217
vn 0.8157 0.5450 0.1939
vn 0.1671 0.1117 -0.9796
vn 0.8315 0.5556 -0.0000
vn 0.1671 0.1116 0.9796
vn 0.8157 0.5450 -0.1939
vn 0.3225 0.2155 0.9217
vn 0.7689 0.5138 -0.3805
vn 0.4654 0.3110 0.8286
vn 0.1857 0.0769 0.9796
vn 0.1857 0.0769 -0.9796
vn 0.9239 0.3827 -0.0000
vn 0.9063 0.3754 -0.1939
vn 0.3584 0.1484 0.9217
vn 0.8544 0.3539 -0.3805
vn 0.5172 0.2142 0.8286
vn 0.7699 0.3189 -0.5528
vn 0.6561 0.2718 0.7041
vn 0.6561 0.2718 -0.7041
vn 0.7699 0.3189 0.5528
vn 0.5172 0.2142 -0.8286
vn 0.8544 0.3539 0.3805
vn 0.3584 0.1484 -0.9217
vn 0.9063 0.3754 0.1939
vn 0.6965 0.1385 0.7041
vn 0.8173 0.1626 0.5528
vn 0.6965 0.1385 -0.7041
vn 0.5490 0.1092 -0.8286
vn 0.9070 0.1804 0.3805
vn 0.3804 0.0757 -0.9217
vn 0.9622 0.1914 0.1939
vn 0.1971 0.0392 -0.9796
vn 0.9808 0.1951 -0.0000
vn 0.1971 0.0392 0.9796
vn 0.9622 0.1914 -0.1939
vn 0.3804 0.0757 0.9217
vn 0.9070 0.1804 -0.3805
vn 0.5490 0.1092 0.8286
vn 0.8173 0.1626 -0.5528
vn 1.0000 -0.0000 -0.0000
vn 0.9810 -0.0000 -0.1939
vn 0.2010 -0.0000 0.9796
vn 0.3879 -0.0000 0.9217
vn 0.9248 -0.0000 -0.3805
vn 0.5598 -0.0000 0.8286
vn 0.8333 -0.0000 -0.5528
vn 0.7101 -0.0000 0.7041
vn 0.7101 -0.0000 -0.7041
vn 0.8333 -0.0000 0.5528
vn 0.5598 -0.0000 -0.8286
vn 0.9248 -0.0000 0.3805
vn 0.3879 -0.0000 -0.9217
vn 0.9810 -0.0000 0.1939
vn 0.2010 -0.0000 -0.9796
vn 0.6965 -0.1385 -0.7041
vn 0.5490 -0.1092 -0.8286
vn 0.8173 -0.1626 0.5528
vn 0.9070 -0.1804 0.3805
vn 0.3804 -0.0757 -0.9217
vn 0.9622 -0.1914 0.1939
vn 0.1971 -0.0392 -0.9796
vn 0.9808 -0.1951 -0.0000
vn 0.1971 -0.0392 0.9796
vn 0.9622 -0.1914 -0.1939
vn 0.3804 -0.0757 0.9217
vn 0.9070 -0.1804 -0.3805
vn 0.5490 -0.1092 0.8286
vn 0.8173 -0.1626 -0.5528
vn 0.6965 -0.1385 0.7041
vn 0.9063 -0.3754 -0.1939
vn 0.8544 -0.3539 -0.3805
vn 0.3584 -0.1484 0.9217
vn 0.5172 -0.2142 0.8286
vn 0.7699 -0.3189 -0.5528
vn 0.6561 -0.2718 0.7041
vn 0.6561 -0.2718 -0.7041
vn 0.7699 -0.3189 0.5528
vn 0.5172 -0.2142 -0.8286
vn 0.8544 -0.3539 0.3805
vn 0.3584 -0.1484 -0.9217
vn 0.9063 -0.3754 0.1939
vn 0.1857 -0.0769 -0.9796
vn 0.9239 -0.3827 -0.0000
vn 0.1857 -0.0769 0.9796
vn 0.4654 -0.3110 -0.8286
vn 0.3225 -0.2155 -0.9217
vn 0.7689 -0.5138 0.3805
vn 0.8157 -0.5450 0.1939
vn 0.1671 -0.1117 -0.9796
vn 0.8315 -0.5556 -0.0000
vn 0.1671 -0.1117 0.9796
vn 0.8157 -0.5450 -0.1939
vn 0.3225 -0.2155 0.9217
vn 0.7689 -0.5138 -0.3805
vn 0.4654 -0.3110 0.8286
vn 0.6929 -0.4630 -0.5528
vn 0.5905 -0.3945 0.7041
vn 0.5905 -0.3945 -0.7041
vn 0.6929 -0.4630 0.5528
vn 0.2743 -0.2743 0.9217
vn 0.3958 -0.3958 0.8286
vn 0.6539 -0.6539 -0.3805
vn 0.5893 -0.5893 -0.5528
vn 0.5021 -0.5021 0.7041
vn 0.5021 -0.5021 -0.7041
vn 0.5893 -0.5893 0.5528
vn 0.3958 -0.3958 -0.8286
vn 0.6539 -0.6539 0.3805
vn 0.2743 -0.2743 -0.9217
vn 0.6937 -0.6937 0.1939
vn 0.1421 -0.1421 -0.9796
vn 0.7071 -0.7071 -0.0000
vn 0.1421 -0.1421 0.9796
vn 0.6937 -0.6937 -0.1939
vn 0.5138 -0.7689 0.3805
vn 0.5450 -0.8157 0.1939
vn 0.2155 -0.3225 -0.9217
vn 0.1117 -0.1671 -0.9796
vn 0.5556 -0.8315 -0.0000
vn 0.1117 -0.1671 0.9796
vn 0.5450 -0.8157 -0.1939
vn 0.2155 -0.3225 0.9217
vn 0.5138 -0.7689 -0.3805
vn 0.3110 -0.4654 0.8286
vn 0.4630 -0.6929 -0.5528
vn 0.3945 -0.5905 0.7041
vn 0.3945 -0.5905 -0.7041
vn 0.4630 -0.6929 0.5528
vn 0.3110 -0.4654 -0.8286
vn 0.3539 -0.8544 -0.3805
vn 0.3189 -0.7699 -0.5528
vn 0.2142 -0.5172 0.8286
vn 0.2718 -0.6561 0.7041
vn 0.2718 -0.6561 -0.7041
vn 0.3189 -0.7699 0.5528
vn 0.2142 -0.5172 -0.8286
vn 0.3539 -0.8544 0.3805
vn 0.1484 -0.3584 -0.9217
vn 0.3754 -0.9063 0.1939
vn 0.0769 -0.1857 -0.9796
vn 0.3827 -0.9239 -0.0000
vn 0.0769 -0.1857 0.9796
vn 0.3754 -0.9063 -0.1939
vn 0.1484 -0.3584 0.9217
vn 0.0757 -0.3804 -0.9217
vn 0.0392 -0.1971 -0.9796
vn 0.1914 -0.9622 0.1939
vn 0.1951 -0.9808 -0.0000
vn 0.0392 -0.1971 0.9796
vn 0.1914 -0.9622 -0.1939
vn 0.0757 -0.3804 0.9217
vn 0.1804 -0.9070 -0.3805
vn 0.1092 -0.5490 0.8286
vn 0.1626 -0.8173 -0.5528
vn 0.1385 -0.6965 0.7041
vn 0.1385 -0.6965 -0.7041
vn 0.1626 -0.8173 0.5528
vn 0.1092 -0.5490 -0.8286
vn 0.1804 -0.9070 0.3805
vn -0.0000 -0.5598 0.8286
vn -0.0000 -0.7101 0.7041
vn -0.0000 -0.8333 -0.5528
vn -0.0000 -0.7101 -0.7041
vn -0.0000 -0.8333 0.5528
vn -0.0000 -0.5598 -0.8286
vn -0.0000 -0.9248 0.3805
vn -0.0000 -0.3879 -0.9217
vn -0.0000 -0.9810 0.1939
vn -0.0000 -0.2010 -0.9796
vn -0.0000 -1.0000 -0.0000
vn -0.0000 -0.2010 0.9796
vn -0.0000 -0.9810 -0.1939
vn -0.0000 -0.3879 0.9217
vn -0.0000 -0.9248 -0.3805
vn -0.1914 -0.9622 0.1939
vn -0.1951 -0.9808 -0.0000
vn -0.0392 -0.1971 0.9796
vn -0.0392 -0.1971 -0.9796
vn -0.1914 -0.9622 -0.1939
vn -0.0757 -0.3804 0.9217
vn -0.1804 -0.9070 -0.3805
vn -0.1092 -0.5490 0.8286
vn -0.1626 -0.8173 -0.5528
vn -0.1385 -0.6965 0.7041
vn -0.1385 -0.6965 -0.7041
vn -0.1626 -0.8173 0.5528
vn -0.1092 -0.5490 -0.8286
vn -0.1804 -0.9070 0.3805
vn -0.0757 -0.3804 -0.9217
vn -0.3189 -0.7699 -0.5528
vn -0.2718 -0.6561 -0.7041
vn -0.2718 -0.6561 0.7041
vn -0.3189 -0.7699 0.5528
vn -0.2142 -0.5172 -0.8286
vn -0.3539 -0.8544 0.3805
vn -0.1484 -0.3584 -0.9217
vn -0.3754 -0.9063 0.1939
vn -0.0769 -0.1857 -0.9796
vn -0.3827 -0.9239 -0.0000
vn -0.0769 -0.1857 0.9796
vn -0.3754 -0.9063 -0.1939
vn -0.1484 -0.3584 0.9217
vn -0.3539 -0.8544 -0.3805
vn -0.2142 -0.5172 0.8286
vn -0.1117 -0.1671 -0.9796
vn -0.5556 -0.8315 -0.0000
vn -0.5450 -0.8157 -0.1939
vn -0.1117 -0.1671 0.9796
vn -0.2155 -0.3225 0.9217
vn -0.5138 -0.7689 -0.3805
vn -0.3110 -0.4654 0.8286
vn -0.4630 -0.6929 -0.5528
vn -0.3945 -0.5905 0.7041
vn -0.3945 -0.5905 -0.7041
vn -0.4630 -0.6929 0.5528
vn -0.3110 -0.4654 -0.8286
vn -0.5138 -0.7689 0.3805
vn -0.2155 -0.3225 -0.9217
vn -0.5450 -0.8157 0.1939
vn -0.5021 -0.5021 -0.7041
vn -0.3958 -0.3958 -0.8286
vn -0.5893 -0.5893 0.5528
vn -0.6539 -0.6539 0.3805
vn -0.2743 -0.2743 -0.9217
vn -0.6937 -0.6937 0.1939
vn -0.1421 -0.1421 -0.9796
vn -0.7071 -0.7071 -0.0000
vn -0.1421 -0.1421 0.9796
vn -0.6937 -0.6937 -0.1939
vn -0.2743 -0.2743 0.9217
vn -0.6539 -0.6539 -0.3805
vn -0.3958 -0.3958 0.8286
vn -0.5893 -0.5893 -0.5528
vn -0.5021 -0.5021 0.7041
vn -0.1671 -0.1117 0.9796
vn -0.3225 -0.2155 0.9217
vn -0.8157 -0.5450 -0.1939
vn -0.7689 -0.5138 -0.3805
vn -0.4654 -0.3110 0.8286
vn -0.6929 -0.4630 -0.5528
vn -0.5905 -0.3945 0.7041
vn -0.5905 -0.3945 -0.7041
vn -0.6929 -0.4630 0.5528
vn -0.4654 -0.3110 -0.8286
vn -0.7689 -0.5138 0.3805
vn -0.3225 -0.2155 -0.9217
vn -0.8157 -0.5450 0.1939
vn -0.1671 -0.1117 -0.9796
vn -0.8315 -0.5556 -0.0000
vn -0.7699 -0.3189 0.5528
vn -0.8544 -0.3539 0.3805
vn -0.5172 -0.2142 -0.8286
vn -0.3584 -0.1484 -0.9217
vn -0.9063 -0.3754 0.1939
vn -0.1857 -0.0769 -0.9796
vn -0.9239 -0.3827 -0.0000
vn -0.1857 -0.0769 0.9796
vn -0.9063 -0.3754 -0.1939
vn -0.3584 -0.1484 0.9217
vn -0.8544 -0.3539 -0.3805
vn -0.5172 -0.2142 0.8286
vn -0.7699 -0.3189 -0.5528
vn -0.6561 -0.2718 0.7041
vn -0.6561 -0.2718 -0.7041
vn -0.9622 -0.1914 -0.1939
vn -0.9070 -0.1804 -0.3805
vn -0.3804 -0.0757 0.9217
vn -0.5490 -0.1092 0.8286
vn -0.8173 -0.1626 -0.5528
vn -0.6965 -0.1385 0.7041
vn -0.6965 -0.1385 -0.7041
vn -0.8173 -0.1626 0.5528
vn -0.5490 -0.1092 -0.8286
vn -0.9070 -0.1804 0.3805
vn -0.3804 -0.0757 -0.9217
vn -0.9622 -0.1914 0.1939
vn -0.1971 -0.0392 -0.9796
vn -0.9808 -0.1951 -0.0000
vn -0.1971 -0.0392 0.9796
vn -0.5598 -0.0000 -0.8286
vn -0.3879 -0.0000 -0.9217
vn -0.9248 -0.0000 0.3805
vn -0.9810 -0.0000 0.1939
vn -0.2010 -0.0000 -0.9796
vn -1.0000 -0.0000 -0.0000
vn -0.2010 -0.0000 0.9796
vn -0.9810 -0.0000 -0.1939
vn -0.3879 -0.0000 0.9217
vn -0.9248 -0.0000 -0.3805
vn -0.5598 -0.0000 0.8286
vn -0.8333 -0.0000 -0.5528
vn -0.7101 -0.0000 0.7041
vn -0.7101 -0.0000 -0.7041
vn -0.8333 -0.0000 0.5528
vn -0.3804 0.0757 0.9217
vn -0.5490 0.1092 0.8286
vn -0.9070 0.1804 -0.3805
vn -0.8173 0.1626 -0.5528
vn -0.6965 0.1385 0.7041
vn -0.6965 0.1385 -0.7041
vn -0.8173 0.1626 0.5528
vn -0.5490 0.1092 -0.8286
vn -0.9070 0.1804 0.3805
vn -0.3804 0.0757 -0.9217
vn -0.9622 0.1914 0.1939
vn -0.1971 0.0392 -0.9796
vn -0.9808 0.1951 -0.0000
vn -0.1971 0.0392 0.9796
vn -0.9622 0.1914 -0.1939
vn -0.8544 0.3539 0.3805
vn -0.9063 0.3754 0.1939
vn -0.3584 0.1484 -0.9217
vn -0.1857 0.0769 -0.9796
vn -0.9239 0.3827 -0.0000
vn -0.1857 0.0769 0.9796
vn -0.9063 0.3754 -0.1939
vn -0.3584 0.1484 0.9217
vn -0.8544 0.3539 -0.3805
vn -0.5172 0.2142 0.8286
vn -0.7699 0.3189 -0.5528
vn -0.6561 0.2718 0.7041
vn -0.6561 0.2718 -0.7041
vn -0.7699 0.3189 0.5528
vn -0.5172 0.2142 -0.8286
vn -0.7689 0.5138 -0.3805
vn -0.6929 0.4630 -0.5528
vn -0.4654 0.3110 0.8286
vn -0.5905 0.3945 0.7041
vn -0.5905 0.3945 -0.7041
vn -0.6929 0.4630 0.5528
vn -0.4654 0.3110 -0.8286
vn -0.7689 0.5138 0.3805
vn -0.3225 0.2155 -0.9217
vn -0.8157 0.5450 0.1939
vn -0.1671 0.1117 -0.9796
vn -0.8315 0.5556 -0.0000
vn -0.1671 0.1116 0.9796
vn -0.8157 0.5450 -0.1939
vn -0.3225 0.2155 0.9217
vn -0.2743 0.2743 -0.9217
vn -0.1421 0.1421 -0.9796
vn -0.6937 0.6937 0.1939
vn -0.7071 0.7071 -0.0000
vn -0.1421 0.1421 0.9796
vn -0.6937 0.6937 -0.1939
vn -0.2743 0.2743 0.9217
vn -0.6539 0.6539 -0.3805
vn -0.3958 0.3958 0.8286
vn -0.5893 0.5893 -0.5528
vn -0.5021 0.5021 0.7041
vn -0.5021 0.5021 -0.7041
vn -0.5893 0.5893 0.5528
vn -0.3958 0.3958 -0.8286
vn -0.6539 0.6539 0.3805
vn -0.4630 0.6929 -0.5528
vn -0.3945 0.5905 -0.7041
vn -0.3945 0.5905 0.7041
vn -0.4630 0.6929 0.5528
vn -0.3110 0.4654 -0.8286
vn -0.5138 0.7689 0.3805
vn -0.2155 0.3225 -0.9217
vn -0.5450 0.8157 0.1939
vn -0.1117 0.1671 -0.9796
vn -0.5556 0.8315 -0.0000
vn -0.1117 0.1671 0.9796
vn -0.5450 0.8157 -0.1939
vn -0.2155 0.3225 0.9217
vn -0.5138 0.7689 -0.3805
vn -0.3110 0.4654 0.8286
vn -0.0769 0.1857 0.9796
vn -0.0769 0.1857 -0.9796
vn -0.3827 0.9239 -0.0000
vn -0.3754 0.9063 -0.1939
vn -0.1484 0.3584 0.9217
vn -0.3539 0.8544 -0.3805
vn -0.2142 0.5172 0.8286
vn -0.3189 0.7699 -0.5528
vn -0.2718 0.6561 0.7041
vn -0.2718 0.6561 -0.7041
vn -0.3189 0.7699 0.5528
vn -0.2142 0.5172 -0.8286
vn -0.3539 0.8544 0.3805
vn -0.1484 0.3584 -0.9217
vn -0.3754 0.9063 0.1939
vn -0.1385 0.6965 0.7041
vn -0.1626 0.8173 0.5528
vn -0.1385 0.6965 -0.7041
vn -0.1092 0.5490 -0.8286
vn -0.1804 0.9070 0.3805
vn -0.0757 0.3804 -0.9217
vn -0.1914 0.9622 0.1939
vn -0.0392 0.1971 -0.9796
vn -0.1951 0.9808 -0.0000
vn -0.0392 0.1971 0.9796
vn -0.1914 0.9622 -0.1939
vn -0.0757 0.3804 0.9217
vn -0.1804 0.9070 -0.3805
vn -0.1092 0.5490 0.8286
vn -0.1626 0.8173 -0.5528
vt 0.750000 0.937500
vt 0.734375 1.000000
vt 0.718750 0.937500
vt 0.734375 0.000000
vt 0.750000 0.062500
vt 0.718750 0.062500
vt 0.750000 0.437500
vt 0.750000 0.500000
vt 0.718750 0.500000
vt 0.718750 0.437500
vt 0.750000 0.875000
vt 0.718750 0.875000
vt 0.750000 0.375000
vt 0.718750 0.375000
vt 0.750000 0.812500
vt 0.718750 0.812500
vt 0.750000 0.312500
vt 0.718750 0.312500
vt 0.750000 0.750000
vt 0.718750 0.750000
vt 0.750000 0.250000
vt 0.718750 0.250000
vt 0.750000 0.687500
vt 0.718750 0.687500
vt 0.750000 0.187500
vt 0.718750 0.187500
vt 0.750000 0.625000
vt 0.718750 0.625000
vt 0.750000 0.125000
vt 0.718750 0.125000
vt 0.750000 0.562500
vt 0.718750 0.562500
vt 0.687500 0.125000
vt 0.687500 0.062500
vt 0.687500 0.562500
vt 0.687500 0.500000
vt 0.703125 1.000000
vt 0.687500 0.937500
vt 0.703125 0.000000
vt 0.687500 0.437500
vt 0.687500 0.875000
vt 0.687500 0.375000
vt 0.687500 0.812500
vt 0.687500 0.312500
vt 0.687500 0.750000
vt 0.687500 0.250000
vt 0.687500 0.687500
vt 0.687500 0.187500
vt 0.687500 0.625000
vt 0.656250 0.812500
vt 0.656250 0.750000
vt 0.656250 0.312500
vt 0.656250 0.250000
vt 0.656250 0.687500
vt 0.656250 0.187500
vt 0.656250 0.625000
vt 0.656250 0.125000
vt 0.656250 0.562500
vt 0.656250 0.062500
vt 0.656250 0.500000
vt 0.671875 1.000000
vt 0.656250 0.937500
vt 0.671875 0.000000
vt 0.656250 0.437500
vt 0.656250 0.875000
vt 0.656250 0.375000
vt 0.625000 0.562500
vt 0.625000 0.500000
vt 0.640625 1.000000
vt 0.625000 0.937500
vt 0.640625 0.000000
vt 0.625000 0.062500
vt 0.625000 0.437500
vt 0.625000 0.875000
vt 0.625000 0.375000
vt 0.625000 0.812500
vt 0.625000 0.312500
vt 0.625000 0.750000
vt 0.625000 0.250000
vt 0.625000 0.687500
vt 0.625000 0.187500
vt 0.625000 0.625000
vt 0.625000 0.125000
vt 0.593750 0.312500
vt 0.593750 0.250000
vt 0.593750 0.750000
vt 0.593750 0.687500
vt 0.593750 0.187500
vt 0.593750 0.625000
vt 0.593750 0.125000
vt 0.593750 0.562500
vt 0.593750 0.062500
vt 0.593750 0.500000
vt 0.609375 1.000000
vt 0.593750 0.937500
vt 0.609375 0.000000
vt 0.593750 0.437500
vt 0.593750 0.875000
vt 0.593750 0.375000
vt 0.593750 0.812500
vt 0.578125 1.000000
vt 0.562500 0.937500
vt 0.578125 0.000000
vt 0.562500 0.062500
vt 0.562500 0.500000
vt 0.562500 0.437500
vt 0.562500 0.875000
vt 0.562500 0.375000
vt 0.562500 0.812500
vt 0.562500 0.312500
vt 0.562500 0.750000
vt 0.562500 0.250000
vt 0.562500 0.687500
vt 0.562500 0.187500
vt 0.562500 0.625000
vt 0.562500 0.125000
vt 0.562500 0.562500
vt 0.531250 0.750000
vt 0.531250 0.687500
vt 0.531250 0.250000
vt 0.531250 0.187500
vt 0.531250 0.625000
vt 0.531250 0.125000
vt 0.531250 0.562500
vt 0.531250 0.062500
vt 0.531250 0.500000
vt 0.546875 1.000000
vt 0.531250 0.937500
vt 0.546875 0.000000
vt 0.531250 0.437500
vt 0.531250 0.875000
vt 0.531250 0.375000
vt 0.531250 0.812500
vt 0.531250 0.312500
vt 0.500000 0.500000
vt 0.500000 0.437500
vt 0.500000 0.937500
vt 0.500000 0.875000
vt 0.500000 0.375000
vt 0.500000 0.812500
vt 0.500000 0.312500
vt 0.500000 0.750000
vt 0.500000 0.250000
vt 0.500000 0.687500
vt 0.500000 0.187500
vt 0.500000 0.625000
vt 0.500000 0.125000
vt 0.500000 0.562500
vt 0.500000 0.062500
vt 0.515625 1.000000
vt 0.515625 0.000000
vt 0.468750 0.250000
vt 0.468750 0.187500
vt 0.468750 0.687500
vt 0.468750 0.625000
vt 0.468750 0.125000
vt 0.468750 0.562500
vt 0.468750 0.062500
vt 0.468750 0.500000
vt 0.484375 1.000000
vt 0.468750 0.937500
vt 0.484375 0.000000
vt 0.468750 0.437500
vt 0.468750 0.875000
vt 0.468750 0.375000
vt 0.468750 0.812500
vt 0.468750 0.312500
vt 0.468750 0.750000
vt 0.437500 0.437500
vt 0.437500 0.375000
vt 0.437500 0.875000
vt 0.437500 0.812500
vt 0.437500 0.312500
vt 0.437500 0.750000
vt 0.437500 0.250000
vt 0.437500 0.687500
vt 0.437500 0.187500
vt 0.437500 0.625000
vt 0.437500 0.125000
vt 0.437500 0.562500
vt 0.437500 0.062500
vt 0.437500 0.500000
vt 0.453125 1.000000
vt 0.437500 0.937500
vt 0.453125 0.000000
vt 0.406250 0.187500
vt 0.406250 0.125000
vt 0.406250 0.625000
vt 0.406250 0.562500
vt 0.406250 0.062500
vt 0.406250 0.500000
vt 0.421875 1.000000
vt 0.406250 0.937500
vt 0.421875 0.000000
vt 0.406250 0.437500
vt 0.406250 0.875000
vt 0.406250 0.375000
vt 0.406250 0.812500
vt 0.406250 0.312500
vt 0.406250 0.750000
vt 0.406250 0.250000
vt 0.406250 0.687500
vt 0.375000 0.875000
vt 0.375000 0.812500
vt 0.375000 0.375000
vt 0.375000 0.312500
vt 0.375000 0.750000
vt 0.375000 0.250000
vt 0.375000 0.687500
vt 0.375000 0.187500
vt 0.375000 0.625000
vt 0.375000 0.125000
vt 0.375000 0.562500
vt 0.375000 0.062500
vt 0.375000 0.500000
vt 0.390625 1.000000
vt 0.375000 0.937500
vt 0.390625 0.000000
vt 0.375000 0.437500
vt 0.343750 0.625000
vt 0.343750 0.562500
vt 0.343750 0.125000
vt 0.343750 0.062500
vt 0.343750 0.500000
vt 0.359375 1.000000
vt 0.343750 0.937500
vt 0.359375 0.000000
vt 0.343750 0.437500
vt 0.343750 0.875000
vt 0.343750 0.375000
vt 0.343750 0.812500
vt 0.343750 0.312500
vt 0.343750 0.750000
vt 0.343750 0.250000
vt 0.343750 0.687500
vt 0.343750 0.187500
vt 0.312500 0.375000
vt 0.312500 0.312500
vt 0.312500 0.812500
vt 0.312500 0.750000
vt 0.312500 0.250000
vt 0.312500 0.687500
vt 0.312500 0.187500
vt 0.312500 0.625000
vt 0.312500 0.125000
vt 0.312500 0.562500
vt 0.312500 0.062500
vt 0.312500 0.500000
vt 0.328125 1.000000
vt 0.312500 0.937500
vt 0.328125 0.000000
vt 0.312500 0.437500
vt 0.312500 0.875000
vt 0.281250 0.125000
vt 0.281250 0.062500
vt 0.281250 0.562500
vt 0.281250 0.500000
vt 0.296875 1.000000
vt 0.281250 0.937500
vt 0.296875 0.000000
vt 0.281250 0.437500
vt 0.281250 0.875000
vt 0.281250 0.375000
vt 0.281250 0.812500
vt 0.281250 0.312500
vt 0.281250 0.750000
vt 0.281250 0.250000
vt 0.281250 0.687500
vt 0.281250 0.187500
vt 0.281250 0.625000
vt 0.250000 0.812500
vt 0.250000 0.750000
vt 0.250000 0.312500
vt 0.250000 0.250000
vt 0.250000 0.687500
vt 0.250000 0.187500
vt 0.250000 0.625000
vt 0.250000 0.125000
vt 0.250000 0.562500
vt 0.250000 0.062500
vt 0.250000 0.500000
vt 0.265625 1.000000
vt 0.250000 0.937500
vt 0.265625 0.000000
vt 0.250000 0.437500
vt 0.250000 0.875000
vt 0.250000 0.375000
vt 0.218750 0.562500
vt 0.218750 0.500000
vt 0.234375 1.000000
vt 0.218750 0.937500
vt 0.234375 0.000000
vt 0.218750 0.062500
vt 0.218750 0.437500
vt 0.218750 0.875000
vt 0.218750 0.375000
vt 0.218750 0.812500
vt 0.218750 0.312500
vt 0.218750 0.750000
vt 0.218750 0.250000
vt 0.218750 0.687500
vt 0.218750 0.187500
vt 0.218750 0.625000
vt 0.218750 0.125000
vt 0.187500 0.312500
vt 0.187500 0.250000
vt 0.187500 0.750000
vt 0.187500 0.687500
vt 0.187500 0.187500
vt 0.187500 0.625000
vt 0.187500 0.125000
vt 0.187500 0.562500
vt 0.187500 0.062500
vt 0.187500 0.500000
vt 0.203125 1.000000
vt 0.187500 0.937500
vt 0.203125 0.000000
vt 0.187500 0.437500
vt 0.187500 0.875000
vt 0.187500 0.375000
vt 0.187500 0.812500
vt 0.171875 0.000000
vt 0.156250 0.062500
vt 0.156250 0.500000
vt 0.156250 0.437500
vt 0.156250 0.937500
vt 0.156250 0.875000
vt 0.156250 0.375000
vt 0.156250 0.812500
vt 0.156250 0.312500
vt 0.156250 0.750000
vt 0.156250 0.250000
vt 0.156250 0.687500
vt 0.156250 0.187500
vt 0.156250 0.625000
vt 0.156250 0.125000
vt 0.156250 0.562500
vt 0.171875 1.000000
vt 0.125000 0.250000
vt 0.125000 0.187500
vt 0.125000 0.687500
vt 0.125000 0.625000
vt 0.125000 0.125000
vt 0.125000 0.562500
vt 0.125000 0.062500
vt 0.125000 0.500000
vt 0.140625 1.000000
vt 0.125000 0.937500
vt 0.140625 0.000000
vt 0.125000 0.437500
vt 0.125000 0.875000
vt 0.125000 0.375000
vt 0.125000 0.812500
vt 0.125000 0.312500
vt 0.125000 0.750000
vt 0.093750 0.937500
vt 0.093750 0.875000
vt 0.093750 0.437500
vt 0.093750 0.375000
vt 0.093750 0.812500
vt 0.093750 0.312500
vt 0.093750 0.750000
vt 0.093750 0.250000
vt 0.093750 0.687500
vt 0.093750 0.187500
vt 0.093750 0.625000
vt 0.093750 0.125000
vt 0.093750 0.562500
vt 0.093750 0.062500
vt 0.093750 0.500000
vt 0.109375 1.000000
vt 0.109375 0.000000
vt 0.062500 0.687500
vt 0.062500 0.625000
vt 0.062500 0.187500
vt 0.062500 0.125000
vt 0.062500 0.562500
vt 0.062500 0.062500
vt 0.062500 0.500000
vt 0.078125 1.000000
vt 0.062500 0.937500
vt 0.078125 0.000000
vt 0.062500 0.437500
vt 0.062500 0.875000
vt 0.062500 0.375000
vt 0.062500 0.812500
vt 0.062500 0.312500
vt 0.062500 0.750000
vt 0.062500 0.250000
vt 0.031250 0.437500
vt 0.031250 0.375000
vt 0.031250 0.875000
vt 0.031250 0.812500
vt 0.031250 0.312500
vt 0.031250 0.750000
vt 0.031250 0.250000
vt 0.031250 0.687500
vt 0.031250 0.187500
vt 0.031250 0.625000
vt 0.031250 0.125000
vt 0.031250 0.562500
vt 0.031250 0.062500
vt 0.031250 0.500000
vt 0.046875 1.000000
vt 0.031250 0.937500
vt 0.046875 0.000000
vt 0.000000 0.187500
vt 0.000000 0.125000
vt 0.000000 0.625000
vt 0.000000 0.562500
vt 0.000000 0.062500
vt 0.000000 0.500000
vt 0.015625 1.000000
vt 0.000000 0.937500
vt 0.015625 0.000000
vt 0.000000 0.437500
vt 0.000000 0.875000
vt 0.000000 0.375000
vt 0.000000 0.812500
vt 0.000000 0.312500
vt 0.000000 0.750000
vt 0.000000 0.250000
vt 0.000000 0.687500
vt 1.000000 0.812500
vt 1.000000 0.875000
vt 0.968750 0.875000
vt 0.968750 0.812500
vt 1.000000 0.312500
vt 1.000000 0.375000
vt 0.968750 0.375000
vt 0.968750 0.312500
vt 1.000000 0.750000
vt 0.968750 0.750000
vt 1.000000 0.250000
vt 0.968750 0.250000
vt 1.000000 0.687500
vt 0.968750 0.687500
vt 1.000000 0.187500
vt 0.968750 0.187500
vt 1.000000 0.625000
vt 0.968750 0.625000
vt 1.000000 0.125000
vt 0.968750 0.125000
vt 1.000000 0.562500
vt 0.968750 0.562500
vt 1.000000 0.062500
vt 0.968750 0.062500
vt 1.000000 0.500000
vt 0.968750 0.500000
vt 1.000000 0.937500
vt 0.984375 1.000000
vt 0.968750 0.937500
vt 0.984375 0.000000
vt 1.000000 0.437500
vt 0.968750 0.437500
vt 0.937500 0.625000
vt 0.937500 0.562500
vt 0.937500 0.125000
vt 0.937500 0.062500
vt 0.937500 0.500000
vt 0.953125 1.000000
vt 0.937500 0.937500
vt 0.953125 0.000000
vt 0.937500 0.437500
vt 0.937500 0.875000
vt 0.937500 0.375000
vt 0.937500 0.812500
vt 0.937500 0.312500
vt 0.937500 0.750000
vt 0.937500 0.250000
vt 0.937500 0.687500
vt 0.937500 0.187500
vt 0.906250 0.375000
vt 0.906250 0.312500
vt 0.906250 0.812500
vt 0.906250 0.750000
vt 0.906250 0.250000
vt 0.906250 0.687500
vt 0.906250 0.187500
vt 0.906250 0.625000
vt 0.906250 0.125000
vt 0.906250 0.562500
vt 0.906250 0.062500
vt 0.906250 0.500000
vt 0.921875 1.000000
vt 0.906250 0.937500
vt 0.921875 0.000000
vt 0.906250 0.437500
vt 0.906250 0.875000
vt 0.875000 0.125000
vt 0.875000 0.062500
vt 0.875000 0.562500
vt 0.875000 0.500000
vt 0.890625 1.000000
vt 0.875000 0.937500
vt 0.890625 0.000000
vt 0.875000 0.437500
vt 0.875000 0.875000
vt 0.875000 0.375000
vt 0.875000 0.812500
vt 0.875000 0.312500
vt 0.875000 0.750000
vt 0.875000 0.250000
vt 0.875000 0.687500
vt 0.875000 0.187500
vt 0.875000 0.625000
vt 0.843750 0.312500
vt 0.843750 0.250000
vt 0.843750 0.750000
vt 0.843750 0.687500
vt 0.843750 0.187500
vt 0.843750 0.625000
vt 0.843750 0.125000
vt 0.843750 0.562500
vt 0.843750 0.062500
vt 0.843750 0.500000
vt 0.859375 1.000000
vt 0.843750 0.937500
vt 0.859375 0.000000
vt 0.843750 0.437500
vt 0.843750 0.875000
vt 0.843750 0.375000
vt 0.843750 0.812500
vt 0.828125 1.000000
vt 0.812500 0.937500
vt 0.828125 0.000000
vt 0.812500 0.062500
vt 0.812500 0.500000
vt 0.812500 0.437500
vt 0.812500 0.875000
vt 0.812500 0.375000
vt 0.812500 0.812500
vt 0.812500 0.312500
vt 0.812500 0.750000
vt 0.812500 0.250000
vt 0.812500 0.687500
vt 0.812500 0.187500
vt 0.812500 0.625000
vt 0.812500 0.125000
vt 0.812500 0.562500
vt 0.781250 0.750000
vt 0.781250 0.687500
vt 0.781250 0.250000
vt 0.781250 0.187500
vt 0.781250 0.625000
vt 0.781250 0.125000
vt 0.781250 0.562500
vt 0.781250 0.062500
vt 0.781250 0.500000
vt 0.796875 1.000000
vt 0.781250 0.937500
vt 0.796875 0.000000
vt 0.781250 0.437500
vt 0.781250 0.875000
vt 0.781250 0.375000
vt 0.781250 0.812500
vt 0.781250 0.312500
vt 0.765625 1.000000
vt 0.765625 0.000000
s 1
usemtl HEAD
f 2324/1280/1844 1932/1281/1845 1857/1282/1846
f 2158/1283/1847 2332/1284/1848 1871/1285/1849
f 1855/1286/1850 1854/1287/1851 1864/1288/1852 1865/1289/1853
f 2325/1290/1854 2324/1280/1844 1857/1282/1846 1858/1291/1855
f 2328/1292/1856 1855/1286/1850 1865/1289/1853 1866/1293/1857
f 1851/1294/1858 2325/1290/1854 1858/1291/1855 1859/1295/1859
f 1856/1296/1860 2328/1292/1856 1866/1293/1857 1867/1297/1861
f 2326/1298/1862 1851/1294/1858 1859/1295/1859 1860/1299/1863
f 2329/1300/1864 1856/1296/1860 1867/1297/1861 1868/1301/1865
f 1852/1302/1866 2326/1298/1862 1860/1299/1863 1861/1303/1867
f 2330/1304/1868 2329/1300/1864 1868/1301/1865 1869/1305/1869
f 2327/1306/1870 1852/1302/1866 1861/1303/1867 1862/1307/1871
f 2331/1308/1872 2330/1304/1868 1869/1305/1869 1870/1309/1873
f 1853/1310/1874 2327/1306/1870 1862/1307/1871 1863/1311/1875
f 2332/1284/1848 2331/1308/1872 1870/1309/1873 1871/1285/1849
f 1854/1287/1851 1853/1310/1874 1863/1311/1875 1864/1288/1852
f 1871/1285/1849 1870/1309/1873 1885/1312/1876 1886/1313/1877
f 1864/1288/1852 1863/1311/1875 1878/1314/1878 1879/1315/1879
f 1857/1282/1846 1932/1316/1845 1872/1317/1880
f 2158/1318/1847 1871/1285/1849 1886/1313/1877
f 1865/1289/1853 1864/1288/1852 1879/1315/1879 1880/1319/1881
f 1858/1291/1855 1857/1282/1846 1872/1317/1880 1873/1320/1882
f 1866/1293/1857 1865/1289/1853 1880/1319/1881 1881/1321/1883
f 1859/1295/1859 1858/1291/1855 1873/1320/1882 1874/1322/1884
f 1867/1297/1861 1866/1293/1857 1881/1321/1883 1882/1323/1885
f 1860/1299/1863 1859/1295/1859 1874/1322/1884 1875/1324/1886
f 1868/1301/1865 1867/1297/1861 1882/1323/1885 1883/1325/1887
f 1861/1303/1867 1860/1299/1863 1875/1324/1886 1876/1326/1888
f 1869/1305/1869 1868/1301/1865 1883/1325/1887 1884/1327/1889
f 1862/1307/1871 1861/1303/1867 1876/1326/1888 1877/1328/1890
f 1870/1309/1873 1869/1305/1869 1884/1327/1889 1885/1312/1876
f 1863/1311/1875 1862/1307/1871 1877/1328/1890 1878/1314/1878
f 1875/1324/1886 1874/1322/1884 1889/1329/1891 1890/1330/1892
f 1883/1325/1887 1882/1323/1885 1897/1331/1893 1898/1332/1894
f 1876/1326/1888 1875/1324/1886 1890/1330/1892 1891/1333/1895
f 1884/1327/1889 1883/1325/1887 1898/1332/1894 1899/1334/1896
f 1877/1328/1890 1876/1326/1888 1891/1333/1895 1892/1335/1897
f 1885/1312/1876 1884/1327/1889 1899/1334/1896 1900/1336/1898
f 1878/1314/1878 1877/1328/1890 1892/1335/1897 1893/1337/1899
f 1886/1313/1877 1885/1312/1876 1900/1336/1898 1901/1338/1900
f 1879/1315/1879 1878/1314/1878 1893/1337/1899 1894/1339/1901
f 1872/1317/1880 1932/1340/1845 1887/1341/1902
f 2158/1342/1847 1886/1313/1877 1901/1338/1900
f 1880/1319/1881 1879/1315/1879 1894/1339/1901 1895/1343/1903
f 1873/1320/1882 1872/1317/1880 1887/1341/1902 1888/1344/1904
f 1881/1321/1883 1880/1319/1881 1895/1343/1903 1896/1345/1905
f 1874/1322/1884 1873/1320/1882 1888/1344/1904 1889/1329/1891
f 1882/1323/1885 1881/1321/1883 1896/1345/1905 1897/1331/1893
f 1894/1339/1901 1893/1337/1899 1908/1346/1906 1909/1347/1907
f 1887/1341/1902 1932/1348/1845 1902/1349/1908
f 2158/1350/1847 1901/1338/1900 1916/1351/1909
f 1895/1343/1903 1894/1339/1901 1909/1347/1907 1910/1352/1910
f 1888/1344/1904 1887/1341/1902 1902/1349/1908 1903/1353/1911
f 1896/1345/1905 1895/1343/1903 1910/1352/1910 1911/1354/1912
f 1889/1329/1891 1888/1344/1904 1903/1353/1911 1904/1355/1913
f 1897/1331/1893 1896/1345/1905 1911/1354/1912 1912/1356/1914
f 1890/1330/1892 1889/1329/1891 1904/1355/1913 1905/1357/1915
f 1898/1332/1894 1897/1331/1893 1912/1356/1914 1913/1358/1916
f 1891/1333/1895 1890/1330/1892 1905/1357/1915 1906/1359/1917
f 1899/1334/1896 1898/1332/1894 1913/1358/1916 1914/1360/1918
f 1892/1335/1897 1891/1333/1895 1906/1359/1917 1907/1361/1919
f 1900/1336/1898 1899/1334/1896 1914/1360/1918 1915/1362/1920
f 1893/1337/1899 1892/1335/1897 1907/1361/1919 1908/1346/1906
f 1901/1338/1900 1900/1336/1898 1915/1362/1920 1916/1351/1909
f 1913/1358/1916 1912/1356/1914 1927/1363/1921 1928/1364/1922
f 1906/1359/1917 1905/1357/1915 1920/1365/1923 1921/1366/1924
f 1914/1360/1918 1913/1358/1916 1928/1364/1922 1929/1367/1925
f 1907/1361/1919 1906/1359/1917 1921/1366/1924 1922/1368/1926
f 1915/1362/1920 1914/1360/1918 1929/1367/1925 1930/1369/1927
f 1908/1346/1906 1907/1361/1919 1922/1368/1926 1923/1370/1928
f 1916/1351/1909 1915/1362/1920 1930/1369/1927 1931/1371/1929
f 1909/1347/1907 1908/1346/1906 1923/1370/1928 1924/1372/1930
f 1902/1349/1908 1932/1373/1845 1917/1374/1931
f 2158/1375/1847 1916/1351/1909 1931/1371/1929
f 1910/1352/1910 1909/1347/1907 1924/1372/1930 1925/1376/1932
f 1903/1353/1911 1902/1349/1908 1917/1374/1931 1918/1377/1933
f 1911/1354/1912 1910/1352/1910 1925/1376/1932 1926/1378/1934
f 1904/1355/1913 1903/1353/1911 1918/1377/1933 1919/1379/1935
f 1912/1356/1914 1911/1354/1912 1926/1378/1934 1927/1363/1921
f 1905/1357/1915 1904/1355/1913 1919/1379/1935 1920/1365/1923
f 1917/1374/1931 1932/1380/1845 1933/1381/1936
f 2158/1382/1847 1931/1371/1929 1947/1383/1937
f 1925/1376/1932 1924/1372/1930 1940/1384/1938 1941/1385/1939
f 1918/1377/1933 1917/1374/1931 1933/1381/1936 1934/1386/1940
f 1926/1378/1934 1925/1376/1932 1941/1385/1939 1942/1387/1941
f 1919/1379/1935 1918/1377/1933 1934/1386/1940 1935/1388/1942
f 1927/1363/1921 1926/1378/1934 1942/1387/1941 1943/1389/1943
f 1920/1365/1923 1919/1379/1935 1935/1388/1942 1936/1390/1944
f 1928/1364/1922 1927/1363/1921 1943/1389/1943 1944/1391/1945
f 1921/1366/1924 1920/1365/1923 1936/1390/1944 1937/1392/1946
f 1929/1367/1925 1928/1364/1922 1944/1391/1945 1945/1393/1947
f 1922/1368/1926 1921/1366/1924 1937/1392/1946 1938/1394/1948
f 1930/1369/1927 1929/1367/1925 1945/1393/1947 1946/1395/1949
f 1923/1370/1928 1922/1368/1926 1938/1394/1948 1939/1396/1950
f 1931/1371/1929 1930/1369/1927 1946/1395/1949 1947/1383/1937
f 1924/1372/1930 1923/1370/1928 1939/1396/1950 1940/1384/1938
f 1937/1392/1946 1936/1390/1944 1951/1397/1951 1952/1398/1952
f 1945/1393/1947 1944/1391/1945 1959/1399/1953 1960/1400/1954
f 1938/1394/1948 1937/1392/1946 1952/1398/1952 1953/1401/1955
f 1946/1395/1949 1945/1393/1947 1960/1400/1954 1961/1402/1956
f 1939/1396/1950 1938/1394/1948 1953/1401/1955 1954/1403/1957
f 1947/1383/1937 1946/1395/1949 1961/1402/1956 1962/1404/1958
f 1940/1384/1938 1939/1396/1950 1954/1403/1957 1955/1405/1959
f 1933/1381/1936 1932/1406/1845 1948/1407/1960
f 2158/1408/1847 1947/1383/1937 1962/1404/1958
f 1941/1385/1939 1940/1384/1938 1955/1405/1959 1956/1409/1961
f 1934/1386/1940 1933/1381/1936 1948/1407/1960 1949/1410/1962
f 1942/1387/1941 1941/1385/1939 1956/1409/1961 1957/1411/1963
f 1935/1388/1942 1934/1386/1940 1949/1410/1962 1950/1412/1964
f 1943/1389/1943 1942/1387/1941 1957/1411/1963 1958/1413/1965
f 1936/1390/1944 1935/1388/1942 1950/1412/1964 1951/1397/1951
f 1944/1391/1945 1943/1389/1943 1958/1413/1965 1959/1399/1953
f 1956/1409/1961 1955/1405/1959 1970/1414/1966 1971/1415/1967
f 1949/1410/1962 1948/1407/1960 1963/1416/1968 1964/1417/1969
f 1957/1411/1963 1956/1409/1961 1971/1415/1967 1972/1418/1970
f 1950/1412/1964 1949/1410/1962 1964/1417/1969 1965/1419/1971
f 1958/1413/1965 1957/1411/1963 1972/1418/1970 1973/1420/1972
f 1951/1397/1951 1950/1412/1964 1965/1419/1971 1966/1421/1973
f 1959/1399/1953 1958/1413/1965 1973/1420/1972 1974/1422/1974
f 1952/1398/1952 1951/1397/1951 1966/1421/1973 1967/1423/1975
f 1960/1400/1954 1959/1399/1953 1974/1422/1974 1975/1424/1976
f 1953/1401/1955 1952/1398/1952 1967/1423/1975 1968/1425/1977
f 1961/1402/1956 1960/1400/1954 1975/1424/1976 1976/1426/1978
f 1954/1403/1957 1953/1401/1955 1968/1425/1977 1969/1427/1979
f 1962/1404/1958 1961/1402/1956 1976/1426/1978 1977/1428/1980
f 1955/1405/1959 1954/1403/1957 1969/1427/1979 1970/1414/1966
f 1948/1407/1960 1932/1429/1845 1963/1416/1968
f 2158/1430/1847 1962/1404/1958 1977/1428/1980
f 1975/1424/1976 1974/1422/1974 1989/1431/1981 1990/1432/1982
f 1968/1425/1977 1967/1423/1975 1982/1433/1983 1983/1434/1984
f 1976/1426/1978 1975/1424/1976 1990/1432/1982 1991/1435/1985
f 1969/1427/1979 1968/1425/1977 1983/1434/1984 1984/1436/1986
f 1977/1428/1980 1976/1426/1978 1991/1435/1985 1992/1437/1987
f 1970/1414/1966 1969/1427/1979 1984/1436/1986 1985/1438/1988
f 1963/1416/1968 1932/1439/1845 1978/1440/1989
f 2158/1441/1847 1977/1428/1980 1992/1437/1987
f 1971/1415/1967 1970/1414/1966 1985/1438/1988 1986/1442/1990
f 1964/1417/1969 1963/1416/1968 1978/1440/1989 1979/1443/1991
f 1972/1418/1970 1971/1415/1967 1986/1442/1990 1987/1444/1992
f 1965/1419/1971 1964/1417/1969 1979/1443/1991 1980/1445/1993
f 1973/1420/1972 1972/1418/1970 1987/1444/1992 1988/1446/1994
f 1966/1421/1973 1965/1419/1971 1980/1445/1993 1981/1447/1995
f 1974/1422/1974 1973/1420/1972 1988/1446/1994 1989/1431/1981
f 1967/1423/1975 1966/1421/1973 1981/1447/1995 1982/1433/1983
f 1987/1444/1992 1986/1442/1990 2001/1448/1996 2002/1449/1997
f 1980/1445/1993 1979/1443/1991 1994/1450/1998 1995/1451/1999
f 1988/1446/1994 1987/1444/1992 2002/1449/1997 2003/1452/2000
f 1981/1447/1995 1980/1445/1993 1995/1451/1999 1996/1453/2001
f 1989/1431/1981 1988/1446/1994 2003/1452/2000 2004/1454/2002
f 1982/1433/1983 1981/1447/1995 1996/1453/2001 1997/1455/2003
f 1990/1432/1982 1989/1431/1981 2004/1454/2002 2005/1456/2004
f 1983/1434/1984 1982/1433/1983 1997/1455/2003 1998/1457/2005
f 1991/1435/1985 1990/1432/1982 2005/1456/2004 2006/1458/2006
f 1984/1436/1986 1983/1434/1984 1998/1457/2005 1999/1459/2007
f 1992/1437/1987 1991/1435/1985 2006/1458/2006 2007/1460/2008
f 1985/1438/1988 1984/1436/1986 1999/1459/2007 2000/1461/2009
f 1978/1440/1989 1932/1462/1845 1993/1463/2010
f 2158/1464/1847 1992/1437/1987 2007/1460/2008
f 1986/1442/1990 1985/1438/1988 2000/1461/2009 2001/1448/1996
f 1979/1443/1991 1978/1440/1989 1993/1463/2010 1994/1450/1998
f 2006/1458/2006 2005/1456/2004 2020/1465/2011 2021/1466/2012
f 1999/1459/2007 1998/1457/2005 2013/1467/2013 2014/1468/2014
f 2007/1460/2008 2006/1458/2006 2021/1466/2012 2022/1469/2015
f 2000/1461/2009 1999/1459/2007 2014/1468/2014 2015/1470/2016
f 1993/1463/2010 1932/1471/1845 2008/1472/2017
f 2158/1473/1847 2007/1460/2008 2022/1469/2015
f 2001/1448/1996 2000/1461/2009 2015/1470/2016 2016/1474/2018
f 1994/1450/1998 1993/1463/2010 2008/1472/2017 2009/1475/2019
f 2002/1449/1997 2001/1448/1996 2016/1474/2018 2017/1476/2020
f 1995/1451/1999 1994/1450/1998 2009/1475/2019 2010/1477/2021
f 2003/1452/2000 2002/1449/1997 2017/1476/2020 2018/1478/2022
f 1996/1453/2001 1995/1451/1999 2010/1477/2021 2011/1479/2023
f 2004/1454/2002 2003/1452/2000 2018/1478/2022 2019/1480/2024
f 1997/1455/2003 1996/1453/2001 2011/1479/2023 2012/1481/2025
f 2005/1456/2004 2004/1454/2002 2019/1480/2024 2020/1465/2011
f 1998/1457/2005 1997/1455/2003 2012/1481/2025 2013/1467/2013
f 2010/1477/2021 2009/1475/2019 2024/1482/2026 2025/1483/2027
f 2018/1478/2022 2017/1476/2020 2032/1484/2028 2033/1485/2029
f 2011/1479/2023 2010/1477/2021 2025/1483/2027 2026/1486/2030
f 2019/1480/2024 2018/1478/2022 2033/1485/2029 2034/1487/2031
f 2012/1481/2025 2011/1479/2023 2026/1486/2030 2027/1488/2032
f 2020/1465/2011 2019/1480/2024 2034/1487/2031 2035/1489/2033
f 2013/1467/2013 2012/1481/2025 2027/1488/2032 2028/1490/2034
f 2021/1466/2012 2020/1465/2011 2035/1489/2033 2036/1491/2035
f 2014/1468/2014 2013/1467/2013 2028/1490/2034 2029/1492/2036
f 2022/1469/2015 2021/1466/2012 2036/1491/2035 2037/1493/2037
f 2015/1470/2016 2014/1468/2014 2029/1492/2036 2030/1494/2038
f 2008/1472/2017 1932/1495/1845 2023/1496/2039
f 2158/1497/1847 2022/1469/2015 2037/1493/2037
f 2016/1474/2018 2015/1470/2016 2030/1494/2038 2031/1498/2040
f 2009/1475/2019 2008/1472/2017 2023/1496/2039 2024/1482/2026
f 2017/1476/2020 2016/1474/2018 2031/1498/2040 2032/1484/2028
f 2029/1492/2036 2028/1490/2034 2043/1499/2041 2044/1500/2042
f 2037/1493/2037 2036/1491/2035 2051/1501/2043 2052/1502/2044
f 2030/1494/2038 2029/1492/2036 2044/1500/2042 2045/1503/2045
f 2023/1496/2039 1932/1504/1845 2038/1505/2046
f 2158/1506/1847 2037/1493/2037 2052/1502/2044
f 2031/1498/2040 2030/1494/2038 2045/1503/2045 2046/1507/2047
f 2024/1482/2026 2023/1496/2039 2038/1505/2046 2039/1508/2048
f 2032/1484/2028 2031/1498/2040 2046/1507/2047 2047/1509/2049
f 2025/1483/2027 2024/1482/2026 2039/1508/2048 2040/1510/2050
f 2033/1485/2029 2032/1484/2028 2047/1509/2049 2048/1511/2051
f 2026/1486/2030 2025/1483/2027 2040/1510/2050 2041/1512/2052
f 2034/1487/2031 2033/1485/2029 2048/1511/2051 2049/1513/2053
f 2027/1488/2032 2026/1486/2030 2041/1512/2052 2042/1514/2054
f 2035/1489/2033 2034/1487/2031 2049/1513/2053 2050/1515/2055
f 2028/1490/2034 2027/1488/2032 2042/1514/2054 2043/1499/2041
f 2036/1491/2035 2035/1489/2033 2050/1515/2055 2051/1501/2043
f 2048/1511/2051 2047/1509/2049 2062/1516/2056 2063/1517/2057
f 2041/1512/2052 2040/1510/2050 2055/1518/2058 2056/1519/2059
f 2049/1513/2053 2048/1511/2051 2063/1517/2057 2064/1520/2060
f 2042/1514/2054 2041/1512/2052 2056/1519/2059 2057/1521/2061
f 2050/1515/2055 2049/1513/2053 2064/1520/2060 2065/1522/2062
f 2043/1499/2041 2042/1514/2054 2057/1521/2061 2058/1523/2063
f 2051/1501/2043 2050/1515/2055 2065/1522/2062 2066/1524/2064
f 2044/1500/2042 2043/1499/2041 2058/1523/2063 2059/1525/2065
f 2052/1502/2044 2051/1501/2043 2066/1524/2064 2067/1526/2066
f 2045/1503/2045 2044/1500/2042 2059/1525/2065 2060/1527/2067
f 2038/1505/2046 1932/1528/1845 2053/1529/2068
f 2158/1530/1847 2052/1502/2044 2067/1526/2066
f 2046/1507/2047 2045/1503/2045 2060/1527/2067 2061/1531/2069
f 2039/1508/2048 2038/1505/2046 2053/1529/2068 2054/1532/2070
f 2047/1509/2049 2046/1507/2047 2061/1531/2069 2062/1516/2056
f 2040/1510/2050 2039/1508/2048 2054/1532/2070 2055/1518/2058
f 2067/1526/2066 2066/1524/2064 2081/1533/2071 2082/1534/2072
f 2060/1527/2067 2059/1525/2065 2074/1535/2073 2075/1536/2074
f 2053/1529/2068 1932/1537/1845 2068/1538/2075
f 2158/1539/1847 2067/1526/2066 2082/1534/2072
f 2061/1531/2069 2060/1527/2067 2075/1536/2074 2076/1540/2076
f 2054/1532/2070 2053/1529/2068 2068/1538/2075 2069/1541/2077
f 2062/1516/2056 2061/1531/2069 2076/1540/2076 2077/1542/2078
f 2055/1518/2058 2054/1532/2070 2069/1541/2077 2070/1543/2079
f 2063/1517/2057 2062/1516/2056 2077/1542/2078 2078/1544/2080
f 2056/1519/2059 2055/1518/2058 2070/1543/2079 2071/1545/2081
f 2064/1520/2060 2063/1517/2057 2078/1544/2080 2079/1546/2082
f 2057/1521/2061 2056/1519/2059 2071/1545/2081 2072/1547/2083
f 2065/1522/2062 2064/1520/2060 2079/1546/2082 2080/1548/2084
f 2058/1523/2063 2057/1521/2061 2072/1547/2083 2073/1549/2085
f 2066/1524/2064 2065/1522/2062 2080/1548/2084 2081/1533/2071
f 2059/1525/2065 2058/1523/2063 2073/1549/2085 2074/1535/2073
f 2071/1545/2081 2070/1543/2079 2085/1550/2086 2086/1551/2087
f 2079/1546/2082 2078/1544/2080 2093/1552/2088 2094/1553/2089
f 2072/1547/2083 2071/1545/2081 2086/1551/2087 2087/1554/2090
f 2080/1548/2084 2079/1546/2082 2094/1553/2089 2095/1555/2091
f 2073/1549/2085 2072/1547/2083 2087/1554/2090 2088/1556/2092
f 2081/1533/2071 2080/1548/2084 2095/1555/2091 2096/1557/2093
f 2074/1535/2073 2073/1549/2085 2088/1556/2092 2089/1558/2094
f 2082/1534/2072 2081/1533/2071 2096/1557/2093 2097/1559/2095
f 2075/1536/2074 2074/1535/2073 2089/1558/2094 2090/1560/2096
f 2068/1538/2075 1932/1561/1845 2083/1562/2097
f 2158/1563/1847 2082/1534/2072 2097/1559/2095
f 2076/1540/2076 2075/1536/2074 2090/1560/2096 2091/1564/2098
f 2069/1541/2077 2068/1538/2075 2083/1562/2097 2084/1565/2099
f 2077/1542/2078 2076/1540/2076 2091/1564/2098 2092/1566/2100
f 2070/1543/2079 2069/1541/2077 2084/1565/2099 2085/1550/2086
f 2078/1544/2080 2077/1542/2078 2092/1566/2100 2093/1552/2088
f 2090/1560/2096 2089/1558/2094 2104/1567/2101 2105/1568/2102
f 2083/1562/2097 1932/1569/1845 2098/1570/2103
f 2158/1571/1847 2097/1559/2095 2112/1572/2104
f 2091/1564/2098 2090/1560/2096 2105/1568/2102 2106/1573/2105
f 2084/1565/2099 2083/1562/2097 2098/1570/2103 2099/1574/2106
f 2092/1566/2100 2091/1564/2098 2106/1573/2105 2107/1575/2107
f 2085/1550/2086 2084/1565/2099 2099/1574/2106 2100/1576/2108
f 2093/1552/2088 2092/1566/2100 2107/1575/2107 2108/1577/2109
f 2086/1551/2087 2085/1550/2086 2100/1576/2108 2101/1578/2110
f 2094/1553/2089 2093/1552/2088 2108/1577/2109 2109/1579/2111
f 2087/1554/2090 2086/1551/2087 2101/1578/2110 2102/1580/2112
f 2095/1555/2091 2094/1553/2089 2109/1579/2111 2110/1581/2113
f 2088/1556/2092 2087/1554/2090 2102/1580/2112 2103/1582/2114
f 2096/1557/2093 2095/1555/2091 2110/1581/2113 2111/1583/2115
f 2089/1558/2094 2088/1556/2092 2103/1582/2114 2104/1567/2101
f 2097/1559/2095 2096/1557/2093 2111/1583/2115 2112/1572/2104
f 2109/1579/2111 2108/1577/2109 2123/1584/2116 2124/1585/2117
f 2102/1580/2112 2101/1578/2110 2116/1586/2118 2117/1587/2119
f 2110/1581/2113 2109/1579/2111 2124/1585/2117 2125/1588/2120
f 2103/1582/2114 2102/1580/2112 2117/1587/2119 2118/1589/2121
f 2111/1583/2115 2110/1581/2113 2125/1588/2120 2126/1590/2122
f 2104/1567/2101 2103/1582/2114 2118/1589/2121 2119/1591/2123
f 2112/1572/2104 2111/1583/2115 2126/1590/2122 2127/1592/2124
f 2105/1568/2102 2104/1567/2101 2119/1591/2123 2120/1593/2125
f 2098/1570/2103 1932/1594/1845 2113/1595/2126
f 2158/1596/1847 2112/1572/2104 2127/1592/2124
f 2106/1573/2105 2105/1568/2102 2120/1593/2125 2121/1597/2127
f 2099/1574/2106 2098/1570/2103 2113/1595/2126 2114/1598/2128
f 2107/1575/2107 2106/1573/2105 2121/1597/2127 2122/1599/2129
f 2100/1576/2108 2099/1574/2106 2114/1598/2128 2115/1600/2130
f 2108/1577/2109 2107/1575/2107 2122/1599/2129 2123/1584/2116
f 2101/1578/2110 2100/1576/2108 2115/1600/2130 2116/1586/2118
f 2158/1601/1847 2127/1592/2124 2142/1602/2131
f 2121/1597/2127 2120/1593/2125 2135/1603/2132 2136/1604/2133
f 2114/1598/2128 2113/1595/2126 2128/1605/2134 2129/1606/2135
f 2122/1599/2129 2121/1597/2127 2136/1604/2133 2137/1607/2136
f 2115/1600/2130 2114/1598/2128 2129/1606/2135 2130/1608/2137
f 2123/1584/2116 2122/1599/2129 2137/1607/2136 2138/1609/2138
f 2116/1586/2118 2115/1600/2130 2130/1608/2137 2131/1610/2139
f 2124/1585/2117 2123/1584/2116 2138/1609/2138 2139/1611/2140
f 2117/1587/2119 2116/1586/2118 2131/1610/2139 2132/1612/2141
f 2125/1588/2120 2124/1585/2117 2139/1611/2140 2140/1613/2142
f 2118/1589/2121 2117/1587/2119 2132/1612/2141 2133/1614/2143
f 2126/1590/2122 2125/1588/2120 2140/1613/2142 2141/1615/2144
f 2119/1591/2123 2118/1589/2121 2133/1614/2143 2134/1616/2145
f 2127/1592/2124 2126/1590/2122 2141/1615/2144 2142/1602/2131
f 2120/1593/2125 2119/1591/2123 2134/1616/2145 2135/1603/2132
f 2113/1595/2126 1932/1617/1845 2128/1605/2134
f 2140/1613/2142 2139/1611/2140 2154/1618/2146 2155/1619/2147
f 2133/1614/2143 2132/1612/2141 2147/1620/2148 2148/1621/2149
f 2141/1615/2144 2140/1613/2142 2155/1619/2147 2156/1622/2150
f 2134/1616/2145 2133/1614/2143 2148/1621/2149 2149/1623/2151
f 2142/1602/2131 2141/1615/2144 2156/1622/2150 2157/1624/2152
f 2135/1603/2132 2134/1616/2145 2149/1623/2151 2150/1625/2153
f 2128/1605/2134 1932/1626/1845 2143/1627/2154
f 2158/1628/1847 2142/1602/2131 2157/1624/2152
f 2136/1604/2133 2135/1603/2132 2150/1625/2153 2151/1629/2155
f 2129/1606/2135 2128/1605/2134 2143/1627/2154 2144/1630/2156
f 2137/1607/2136 2136/1604/2133 2151/1629/2155 2152/1631/2157
f 2130/1608/2137 2129/1606/2135 2144/1630/2156 2145/1632/2158
f 2138/1609/2138 2137/1607/2136 2152/1631/2157 2153/1633/2159
f 2131/1610/2139 2130/1608/2137 2145/1632/2158 2146/1634/2160
f 2139/1611/2140 2138/1609/2138 2153/1633/2159 2154/1618/2146
f 2132/1612/2141 2131/1610/2139 2146/1634/2160 2147/1620/2148
f 2144/1630/2156 2143/1627/2154 2159/1635/2161 2160/1636/2162
f 2152/1631/2157 2151/1629/2155 2167/1637/2163 2168/1638/2164
f 2145/1632/2158 2144/1630/2156 2160/1636/2162 2161/1639/2165
f 2153/1633/2159 2152/1631/2157 2168/1638/2164 2169/1640/2166
f 2146/1634/2160 2145/1632/2158 2161/1639/2165 2162/1641/2167
f 2154/1618/2146 2153/1633/2159 2169/1640/2166 2170/1642/2168
f 2147/1620/2148 2146/1634/2160 2162/1641/2167 2163/1643/2169
f 2155/1619/2147 2154/1618/2146 2170/1642/2168 2171/1644/2170
f 2148/1621/2149 2147/1620/2148 2163/1643/2169 2164/1645/2171
f 2156/1622/2150 2155/1619/2147 2171/1644/2170 2172/1646/2172
f 2149/1623/2151 2148/1621/2149 2164/1645/2171 2165/1647/2173
f 2157/1624/2152 2156/1622/2150 2172/1646/2172 2173/1648/2174
f 2150/1625/2153 2149/1623/2151 2165/1647/2173 2166/1649/2175
f 2143/1627/2154 1932/1650/1845 2159/1635/2161
f 2158/1651/1847 2157/1624/2152 2173/1648/2174
f 2151/1629/2155 2150/1625/2153 2166/1649/2175 2167/1637/2163
f 2164/1645/2171 2163/1643/2169 2178/1652/2176 2179/1653/2177
f 2172/1646/2172 2171/1644/2170 2186/1654/2178 2187/1655/2179
f 2165/1647/2173 2164/1645/2171 2179/1653/2177 2180/1656/2180
f 2173/1648/2174 2172/1646/2172 2187/1655/2179 2188/1657/2181
f 2166/1649/2175 2165/1647/2173 2180/1656/2180 2181/1658/2182
f 2159/1635/2161 1932/1659/1845 2174/1660/2183
f 2158/1661/1847 2173/1648/2174 2188/1657/2181
f 2167/1637/2163 2166/1649/2175 2181/1658/2182 2182/1662/2184
f 2160/1636/2162 2159/1635/2161 2174/1660/2183 2175/1663/2185
f 2168/1638/2164 2167/1637/2163 2182/1662/2184 2183/1664/2186
f 2161/1639/2165 2160/1636/2162 2175/1663/2185 2176/1665/2187
f 2169/1640/2166 2168/1638/2164 2183/1664/2186 2184/1666/2188
f 2162/1641/2167 2161/1639/2165 2176/1665/2187 2177/1667/2189
f 2170/1642/2168 2169/1640/2166 2184/1666/2188 2185/1668/2190
f 2163/1643/2169 2162/1641/2167 2177/1667/2189 2178/1652/2176
f 2171/1644/2170 2170/1642/2168 2185/1668/2190 2186/1654/2178
f 2183/1664/2186 2182/1662/2184 2197/1669/2191 2198/1670/2192
f 2176/1665/2187 2175/1663/2185 2190/1671/2193 2191/1672/2194
f 2184/1666/2188 2183/1664/2186 2198/1670/2192 2199/1673/2195
f 2177/1667/2189 2176/1665/2187 2191/1672/2194 2192/1674/2196
f 2185/1668/2190 2184/1666/2188 2199/1673/2195 2200/1675/2197
f 2178/1652/2176 2177/1667/2189 2192/1674/2196 2193/1676/2198
f 2186/1654/2178 2185/1668/2190 2200/1675/2197 2201/1677/2199
f 2179/1653/2177 2178/1652/2176 2193/1676/2198 2194/1678/2200
f 2187/1655/2179 2186/1654/2178 2201/1677/2199 2202/1679/2201
f 2180/1656/2180 2179/1653/2177 2194/1678/2200 2195/1680/2202
f 2188/1657/2181 2187/1655/2179 2202/1679/2201 2203/1681/2203
f 2181/1658/2182 2180/1656/2180 2195/1680/2202 2196/1682/2204
f 2174/1660/2183 1932/1683/1845 2189/1684/2205
f 2158/1685/1847 2188/1657/2181 2203/1681/2203
f 2182/1662/2184 2181/1658/2182 2196/1682/2204 2197/1669/2191
f 2175/1663/2185 2174/1660/2183 2189/1684/2205 2190/1671/2193
f 2202/1679/2201 2201/1677/2199 2216/1686/2206 2217/1687/2207
f 2195/1680/2202 2194/1678/2200 2209/1688/2208 2210/1689/2209
f 2203/1681/2203 2202/1679/2201 2217/1687/2207 2218/1690/2210
f 2196/1682/2204 2195/1680/2202 2210/1689/2209 2211/1691/2211
f 2189/1684/2205 1932/1692/1845 2204/1693/2212
f 2158/1694/1847 2203/1681/2203 2218/1690/2210
f 2197/1669/2191 2196/1682/2204 2211/1691/2211 2212/1695/2213
f 2190/1671/2193 2189/1684/2205 2204/1693/2212 2205/1696/2214
f 2198/1670/2192 2197/1669/2191 2212/1695/2213 2213/1697/2215
f 2191/1672/2194 2190/1671/2193 2205/1696/2214 2206/1698/2216
f 2199/1673/2195 2198/1670/2192 2213/1697/2215 2214/1699/2217
f 2192/1674/2196 2191/1672/2194 2206/1698/2216 2207/1700/2218
f 2200/1675/2197 2199/1673/2195 2214/1699/2217 2215/1701/2219
f 2193/1676/2198 2192/1674/2196 2207/1700/2218 2208/1702/2220
f 2201/1677/2199 2200/1675/2197 2215/1701/2219 2216/1686/2206
f 2194/1678/2200 2193/1676/2198 2208/1702/2220 2209/1688/2208
f 2206/1703/2216 2205/1704/2214 2220/1705/2221 2221/1706/2222
f 2214/1707/2217 2213/1708/2215 2228/1709/2223 2229/1710/2224
f 2207/1711/2218 2206/1703/2216 2221/1706/2222 2222/1712/2225
f 2215/1713/2219 2214/1707/2217 2229/1710/2224 2230/1714/2226
f 2208/1715/2220 2207/1711/2218 2222/1712/2225 2223/1716/2227
f 2216/1717/2206 2215/1713/2219 2230/1714/2226 2231/1718/2228
f 2209/1719/2208 2208/1715/2220 2223/1716/2227 2224/1720/2229
f 2217/1721/2207 2216/1717/2206 2231/1718/2228 2232/1722/2230
f 2210/1723/2209 2209/1719/2208 2224/1720/2229 2225/1724/2231
f 2218/1725/2210 2217/1721/2207 2232/1722/2230 2233/1726/2232
f 2211/1727/2211 2210/1723/2209 2225/1724/2231 2226/1728/2233
f 2204/1729/2212 1932/1730/1845 2219/1731/2234
f 2158/1732/1847 2218/1725/2210 2233/1726/2232
f 2212/1733/2213 2211/1727/2211 2226/1728/2233 2227/1734/2235
f 2205/1704/2214 2204/1729/2212 2219/1731/2234 2220/1705/2221
f 2213/1708/2215 2212/1733/2213 2227/1734/2235 2228/1709/2223
f 2225/1724/2231 2224/1720/2229 2239/1735/2236 2240/1736/2237
f 2233/1726/2232 2232/1722/2230 2247/1737/2238 2248/1738/2239
f 2226/1728/2233 2225/1724/2231 2240/1736/2237 2241/1739/2240
f 2219/1731/2234 1932/1740/1845 2234/1741/2241
f 2158/1742/1847 2233/1726/2232 2248/1738/2239
f 2227/1734/2235 2226/1728/2233 2241/1739/2240 2242/1743/2242
f 2220/1705/2221 2219/1731/2234 2234/1741/2241 2235/1744/2243
f 2228/1709/2223 2227/1734/2235 2242/1743/2242 2243/1745/2244
f 2221/1706/2222 2220/1705/2221 2235/1744/2243 2236/1746/2245
f 2229/1710/2224 2228/1709/2223 2243/1745/2244 2244/1747/2246
f 2222/1712/2225 2221/1706/2222 2236/1746/2245 2237/1748/2247
f 2230/1714/2226 2229/1710/2224 2244/1747/2246 2245/1749/2248
f 2223/1716/2227 2222/1712/2225 2237/1748/2247 2238/1750/2249
f 2231/1718/2228 2230/1714/2226 2245/1749/2248 2246/1751/2250
f 2224/1720/2229 2223/1716/2227 2238/1750/2249 2239/1735/2236
f 2232/1722/2230 2231/1718/2228 2246/1751/2250 2247/1737/2238
f 2244/1747/2246 2243/1745/2244 2258/1752/2251 2259/1753/2252
f 2237/1748/2247 2236/1746/2245 2251/1754/2253 2252/1755/2254
f 2245/1749/2248 2244/1747/2246 2259/1753/2252 2260/1756/2255
f 2238/1750/2249 2237/1748/2247 2252/1755/2254 2253/1757/2256
f 2246/1751/2250 2245/1749/2248 2260/1756/2255 2261/1758/2257
f 2239/1735/2236 2238/1750/2249 2253/1757/2256 2254/1759/2258
f 2247/1737/2238 2246/1751/2250 2261/1758/2257 2262/1760/2259
f 2240/1736/2237 2239/1735/2236 2254/1759/2258 2255/1761/2260
f 2248/1738/2239 2247/1737/2238 2262/1760/2259 2263/1762/2261
f 2241/1739/2240 2240/1736/2237 2255/1761/2260 2256/1763/2262
f 2234/1741/2241 1932/1764/1845 2249/1765/2263
f 2158/1766/1847 2248/1738/2239 2263/1762/2261
f 2242/1743/2242 2241/1739/2240 2256/1763/2262 2257/1767/2264
f 2235/1744/2243 2234/1741/2241 2249/1765/2263 2250/1768/2265
f 2243/1745/2244 2242/1743/2242 2257/1767/2264 2258/1752/2251
f 2236/1746/2245 2235/1744/2243 2250/1768/2265 2251/1754/2253
f 2263/1762/2261 2262/1760/2259 2277/1769/2266 2278/1770/2267
f 2256/1763/2262 2255/1761/2260 2270/1771/2268 2271/1772/2269
f 2249/1765/2263 1932/1773/1845 2264/1774/2270
f 2158/1775/1847 2263/1762/2261 2278/1770/2267
f 2257/1767/2264 2256/1763/2262 2271/1772/2269 2272/1776/2271
f 2250/1768/2265 2249/1765/2263 2264/1774/2270 2265/1777/2272
f 2258/1752/2251 2257/1767/2264 2272/1776/2271 2273/1778/2273
f 2251/1754/2253 2250/1768/2265 2265/1777/2272 2266/1779/2274
f 2259/1753/2252 2258/1752/2251 2273/1778/2273 2274/1780/2275
f 2252/1755/2254 2251/1754/2253 2266/1779/2274 2267/1781/2276
f 2260/1756/2255 2259/1753/2252 2274/1780/2275 2275/1782/2277
f 2253/1757/2256 2252/1755/2254 2267/1781/2276 2268/1783/2278
f 2261/1758/2257 2260/1756/2255 2275/1782/2277 2276/1784/2279
f 2254/1759/2258 2253/1757/2256 2268/1783/2278 2269/1785/2280
f 2262/1760/2259 2261/1758/2257 2276/1784/2279 2277/1769/2266
f 2255/1761/2260 2254/1759/2258 2269/1785/2280 2270/1771/2268
f 2275/1782/2277 2274/1780/2275 2289/1786/2281 2290/1787/2282
f 2268/1783/2278 2267/1781/2276 2282/1788/2283 2283/1789/2284
f 2276/1784/2279 2275/1782/2277 2290/1787/2282 2291/1790/2285
f 2269/1785/2280 2268/1783/2278 2283/1789/2284 2284/1791/2286
f 2277/1769/2266 2276/1784/2279 2291/1790/2285 2292/1792/2287
f 2270/1771/2268 2269/1785/2280 2284/1791/2286 2285/1793/2288
f 2278/1770/2267 2277/1769/2266 2292/1792/2287 2293/1794/2289
f 2271/1772/2269 2270/1771/2268 2285/1793/2288 2286/1795/2290
f 2264/1774/2270 1932/1796/1845 2279/1797/2291
f 2158/1798/1847 2278/1770/2267 2293/1794/2289
f 2272/1776/2271 2271/1772/2269 2286/1795/2290 2287/1799/2292
f 2265/1777/2272 2264/1774/2270 2279/1797/2291 2280/1800/2293
f 2273/1778/2273 2272/1776/2271 2287/1799/2292 2288/1801/2294
f 2266/1779/2274 2265/1777/2272 2280/1800/2293 2281/1802/2295
f 2274/1780/2275 2273/1778/2273 2288/1801/2294 2289/1786/2281
f 2267/1781/2276 2266/1779/2274 2281/1802/2295 2282/1788/2283
f 2279/1797/2291 1932/1803/1845 2294/1804/2296
f 2158/1805/1847 2293/1794/2289 2308/1806/2297
f 2287/1799/2292 2286/1795/2290 2301/1807/2298 2302/1808/2299
f 2280/1800/2293 2279/1797/2291 2294/1804/2296 2295/1809/2300
f 2288/1801/2294 2287/1799/2292 2302/1808/2299 2303/1810/2301
f 2281/1802/2295 2280/1800/2293 2295/1809/2300 2296/1811/2302
f 2289/1786/2281 2288/1801/2294 2303/1810/2301 2304/1812/2303
f 2282/1788/2283 2281/1802/2295 2296/1811/2302 2297/1813/2304
f 2290/1787/2282 2289/1786/2281 2304/1812/2303 2305/1814/2305
f 2283/1789/2284 2282/1788/2283 2297/1813/2304 2298/1815/2306
f 2291/1790/2285 2290/1787/2282 2305/1814/2305 2306/1816/2307
f 2284/1791/2286 2283/1789/2284 2298/1815/2306 2299/1817/2308
f 2292/1792/2287 2291/1790/2285 2306/1816/2307 2307/1818/2309
f 2285/1793/2288 2284/1791/2286 2299/1817/2308 2300/1819/2310
f 2293/1794/2289 2292/1792/2287 2307/1818/2309 2308/1806/2297
f 2286/1795/2290 2285/1793/2288 2300/1819/2310 2301/1807/2298
f 2298/1815/2306 2297/1813/2304 2312/1820/2311 2313/1821/2312
f 2306/1816/2307 2305/1814/2305 2320/1822/2313 2321/1823/2314
f 2299/1817/2308 2298/1815/2306 2313/1821/2312 2314/1824/2315
f 2307/1818/2309 2306/1816/2307 2321/1823/2314 2322/1825/2316
f 2300/1819/2310 2299/1817/2308 2314/1824/2315 2315/1826/2317
f 2308/1806/2297 2307/1818/2309 2322/1825/2316 2323/1827/2318
f 2301/1807/2298 2300/1819/2310 2315/1826/2317 2316/1828/2319
f 2294/1804/2296 1932/1829/1845 2309/1830/2320
f 2158/1831/1847 2308/1806/2297 2323/1827/2318
f 2302/1808/2299 2301/1807/2298 2316/1828/2319 2317/1832/2321
f 2295/1809/2300 2294/1804/2296 2309/1830/2320 2310/1833/2322
f 2303/1810/2301 2302/1808/2299 2317/1832/2321 2318/1834/2323
f 2296/1811/2302 2295/1809/2300 2310/1833/2322 2311/1835/2324
f 2304/1812/2303 2303/1810/2301 2318/1834/2323 2319/1836/2325
f 2297/1813/2304 2296/1811/2302 2311/1835/2324 2312/1820/2311
f 2305/1814/2305 2304/1812/2303 2319/1836/2325 2320/1822/2313
f 2317/1832/2321 2316/1828/2319 1854/1287/1851 1855/1286/1850
f 2310/1833/2322 2309/1830/2320 2324/1280/1844 2325/1290/1854
f 2318/1834/2323 2317/1832/2321 1855/1286/1850 2328/1292/1856
f 2311/1835/2324 2310/1833/2322 2325/1290/1854 1851/1294/1858
f 2319/1836/2325 2318/1834/2323 2328/1292/1856 1856/1296/1860
f 2312/1820/2311 2311/1835/2324 1851/1294/1858 2326/1298/1862
f 2320/1822/2313 2319/1836/2325 1856/1296/1860 2329/1300/1864
f 2313/1821/2312 2312/1820/2311 2326/1298/1862 1852/1302/1866
f 2321/1823/2314 2320/1822/2313 2329/1300/1864 2330/1304/1868
f 2314/1824/2315 2313/1821/2312 1852/1302/1866 2327/1306/1870
f 2322/1825/2316 2321/1823/2314 2330/1304/1868 2331/1308/1872
f 2315/1826/2317 2314/1824/2315 2327/1306/1870 1853/1310/1874
f 2323/1827/2318 2322/1825/2316 2331/1308/1872 2332/1284/1848
f 2316/1828/2319 2315/1826/2317 1853/1310/1874 1854/1287/1851
f 2309/1830/2320 1932/1837/1845 2324/1280/1844
f 2158/1838/1847 2323/1827/2318 2332/1284/1848
o CLOTHES
g the_peakchar_clothes
v 0.407614 1.966251 -0.148189
v 0.424136 1.984601 0.170430
v 0.319932 1.829891 -0.321614
v 0.348420 1.843753 0.350016
v -0.000000 1.478960 -0.280079
v -0.000000 1.474578 0.298223
v 0.542830 1.711272 0.235771
v -0.000000 1.955492 0.400325
v 0.000000 1.958219 -0.379187
v -0.000000 1.639134 -0.415797
v -0.000000 1.639495 0.451661
v 0.367740 1.680287 0.375554
v 0.315472 1.971475 0.292278
v 0.462591 1.981578 0.008787
v -0.000000 1.435283 0.001488
v 0.153785 1.162966 0.303246
v 0.154634 1.156485 -0.193592
v 0.648042 1.237933 -0.193512
v 0.646696 1.241497 0.303016
v 0.125223 1.447921 0.323589
v 0.128232 1.443739 -0.293395
v 0.567480 1.517947 -0.198776
v 0.571561 1.523493 0.258894
v 0.401923 1.201000 0.407037
v 0.403575 1.194021 -0.297560
v 0.367754 1.489141 0.382990
v 0.367140 1.480720 -0.330005
v 0.748070 1.256904 0.054972
v 0.052259 1.148991 0.055249
v 0.652704 1.535025 0.030615
v 0.038979 1.394855 0.008102
v 0.294072 1.954429 -0.262343
v 0.520984 1.704346 -0.199032
v 0.158758 1.952976 -0.341246
v 0.160224 1.646662 -0.399989
v 0.608051 1.722691 0.017838
v 0.169898 1.957778 0.367088
v 0.168997 1.649892 0.433995
v 0.462956 1.851482 -0.187087
v 0.489253 1.863643 0.210581
v 0.000000 1.816335 -0.426928
v -0.000000 1.821602 0.463241
v 0.538686 1.868771 0.011145
v 0.174792 1.827394 0.431025
v 0.160272 1.818484 -0.398059
v 0.348165 1.672698 -0.339704
v 0.366692 2.697934 -0.342575
v 0.382191 2.505929 -0.287498
v 0.424215 2.909622 -0.053091
v 0.469164 2.456481 0.049883
v 0.390343 2.867939 -0.242969
v 0.436919 2.414254 -0.123672
v 0.436905 2.798168 0.102495
v 0.457627 2.609493 0.148176
v 1.141781 2.816260 -0.268622
v 1.090966 2.796138 0.113397
v 1.032815 2.416985 0.086724
v 1.084365 2.434713 -0.294839
v 0.751056 2.891540 -0.308356
v 0.756642 2.855752 0.128773
v 0.743760 2.426209 0.087681
v 0.702050 2.454053 -0.339696
v 1.123978 2.629323 -0.361272
v 1.051312 2.602871 0.178546
v 0.718299 2.677851 -0.419375
v 0.744484 2.629944 0.196850
v 1.046309 2.347157 -0.108955
v 1.128668 2.885130 -0.072256
v 0.724607 2.356331 -0.127969
v 0.777430 2.966567 -0.067232
v 0.389252 1.853165 -0.152446
v 0.401332 1.868774 0.171033
v 0.000000 1.849412 0.380583
v 0.000000 1.858014 -0.363962
v 0.331788 1.877170 0.292200
v 0.433703 1.864694 0.008681
v 0.315632 1.864182 -0.271772
v 0.172935 1.850819 -0.328420
v 0.185633 1.851526 0.348393
v 0.408150 2.726500 0.267643
v 0.460362 2.805577 -0.333499
v 0.449999 2.334346 -0.351185
v 0.419238 2.333225 0.334051
v 0.476688 2.586750 -0.341493
v 0.422732 2.561319 0.301985
v 0.396081 2.029506 -0.328737
v 0.393831 2.036927 0.330939
v -0.000000 2.905704 -0.455023
v -0.000000 2.778800 0.358321
v -0.000000 2.336911 0.508222
v -0.000000 2.365953 -0.509073
v -0.000000 2.572371 0.447762
v -0.000000 2.632505 -0.507382
v 0.000000 2.050471 -0.478130
v -0.000000 2.028849 0.497386
v 0.548031 2.851625 -0.007205
v 0.612290 2.304881 -0.008109
v 0.614062 2.529970 -0.019171
v 0.559775 2.028765 -0.001529
v -0.000000 2.983646 -0.005825
v 0.249351 2.888201 -0.410434
v 0.239773 2.354578 -0.463316
v 0.252958 2.622187 -0.461208
v 0.213090 2.040107 -0.433519
v 0.227702 2.760742 0.321778
v 0.232272 2.336297 0.457994
v 0.225314 2.567732 0.403586
v 0.220006 2.030264 0.448627
v 0.289441 2.969700 -0.002897
v 0.517620 2.862377 -0.191671
v 0.575535 2.304376 -0.192701
v 0.580993 2.537841 -0.189111
v 0.517185 2.023609 -0.179990
v -0.000000 2.985647 -0.239428
v 0.267972 2.978267 -0.217363
v 0.517338 2.774064 0.147294
v 0.555763 2.327156 0.173606
v 0.573091 2.557277 0.145634
v 0.512619 2.037790 0.176884
v 0.000000 2.914754 0.199046
v 0.269605 2.884923 0.178807
v 0.000000 1.842117 0.207406
v 0.210482 1.837903 0.190427
v -0.000000 1.849796 0.000868
v 0.227918 1.841387 0.005433
v -0.000000 1.836601 -0.201148
v 0.200853 1.828225 -0.176498
v -0.407614 1.966251 -0.148189
v -0.424136 1.984601 0.170430
v -0.319932 1.829892 -0.321614
v -0.348420 1.843753 0.350016
v -0.542830 1.711272 0.235771
v -0.367740 1.680287 0.375554
v -0.315472 1.971475 0.292278
v -0.462591 1.981578 0.008787
v -0.153785 1.162966 0.303246
v -0.154634 1.156485 -0.193592
v -0.648042 1.237933 -0.193512
v -0.646696 1.241497 0.303016
v -0.125223 1.447921 0.323589
v -0.128232 1.443739 -0.293395
v -0.567480 1.517947 -0.198776
v -0.571561 1.523493 0.258894
v -0.401923 1.201000 0.407037
v -0.403575 1.194021 -0.297560
v -0.367754 1.489141 0.382990
v -0.367140 1.480720 -0.330005
v -0.748070 1.256904 0.054972
v -0.052259 1.148991 0.055249
v -0.652704 1.535025 0.030615
v -0.038979 1.394855 0.008102
v -0.294072 1.954429 -0.262343
v -0.520984 1.704346 -0.199032
v -0.158758 1.952976 -0.341246
v -0.160224 1.646662 -0.399989
v -0.608051 1.722691 0.017838
v -0.169898 1.957778 0.367088
v -0.168997 1.649892 0.433995
v -0.462956 1.851482 -0.187087
v -0.489253 1.863643 0.210581
v -0.538686 1.868771 0.011145
v -0.174792 1.827394 0.431025
v -0.160272 1.818484 -0.398059
v -0.348165 1.672698 -0.339704
v -0.366692 2.697934 -0.342575
v -0.382191 2.505929 -0.287498
v -0.424215 2.909622 -0.053091
v -0.469164 2.456481 0.049883
v -0.390343 2.867939 -0.242969
v -0.436919 2.414254 -0.123672
v -0.436905 2.798168 0.102495
v -0.457627 2.609493 0.148176
v -1.141781 2.816260 -0.268622
v -1.090966 2.796138 0.113397
v -1.032815 2.416985 0.086724
v -1.084365 2.434713 -0.294839
v -0.751056 2.891540 -0.308356
v -0.756642 2.855752 0.128773
v -0.743760 2.426209 0.087681
v -0.702050 2.454053 -0.339696
v -1.123978 2.629323 -0.361272
v -1.051312 2.602871 0.178546
v -0.718299 2.677851 -0.419375
v -0.744484 2.629944 0.196850
v -1.046309 2.347157 -0.108955
v -1.128668 2.885130 -0.072255
v -0.724607 2.356331 -0.127969
v -0.777430 2.966567 -0.067232
v -0.389252 1.853165 -0.152446
v -0.401332 1.868774 0.171033
v -0.331788 1.877170 0.292200
v -0.433703 1.864694 0.008681
v -0.315632 1.864182 -0.271772
v -0.172935 1.850819 -0.328420
v -0.185633 1.851526 0.348393
v -0.408150 2.726500 0.267643
v -0.460363 2.805577 -0.333499
v -0.449999 2.334346 -0.351185
v -0.419238 2.333225 0.334051
v -0.476688 2.586750 -0.341493
v -0.422732 2.561319 0.301985
v -0.396081 2.029506 -0.328737
v -0.393831 2.036927 0.330939
v -0.548031 2.851625 -0.007205
v -0.612290 2.304881 -0.008109
v -0.614062 2.529970 -0.019171
v -0.559775 2.028765 -0.001529
v -0.249351 2.888201 -0.410434
v -0.239773 2.354578 -0.463316
v -0.252958 2.622187 -0.461208
v -0.213090 2.040107 -0.433519
v -0.227702 2.760742 0.321778
v -0.232272 2.336297 0.457994
v -0.225314 2.567732 0.403586
v -0.220006 2.030264 0.448627
v -0.289441 2.969700 -0.002897
v -0.517620 2.862377 -0.191671
v -0.575535 2.304376 -0.192701
v -0.580993 2.537841 -0.189111
v -0.517185 2.023609 -0.179990
v -0.267972 2.978267 -0.217363
v -0.517338 2.774064 0.147294
v -0.555763 2.327156 0.173606
v -0.573091 2.557277 0.145634
v -0.512619 2.037790 0.176884
v -0.269605 2.884923 0.178807
v -0.210482 1.837903 0.190427
v -0.227918 1.841387 0.005432
v -0.200853 1.828225 -0.176498
v 0.366821 1.592878 0.378780
v 0.580568 1.716530 -0.096863
v 0.361297 1.764880 0.367134
v 0.240476 1.822726 -0.365926
v 0.454564 1.985366 0.092488
v 0.355039 1.959314 -0.210710
v 0.426305 1.854271 0.288699
v 0.376174 1.979294 0.237563
v 0.555668 1.625802 0.245585
v 0.087423 1.955637 0.390750
v 0.081959 1.641906 0.446931
v -0.000000 1.546172 0.396975
v -0.000000 1.549220 -0.368656
v 0.493409 1.781620 -0.196034
v 0.542792 1.620246 -0.199597
v -0.000000 1.730622 -0.432452
v -0.000000 1.734471 0.471138
v 0.000000 1.441441 0.158196
v 0.594020 1.720528 0.132939
v 0.332318 1.911869 0.323355
v 0.445500 1.974356 -0.073666
v -0.000000 1.444379 -0.150297
v 0.021489 1.430455 0.001542
v 0.145900 1.308057 -0.239021
v 0.603614 1.386685 -0.196934
v 0.603525 1.391858 0.279068
v 0.268115 1.179517 0.380164
v 0.721171 1.253292 0.189021
v 0.536153 1.217605 -0.269902
v 0.078725 1.149701 -0.078364
v 0.143028 1.315544 0.303145
v 0.248435 1.467630 0.382204
v 0.632048 1.532713 0.151963
v 0.476538 1.500920 -0.281363
v 0.059611 1.401054 -0.147117
v 0.534591 1.223033 0.379222
v 0.269760 1.171909 -0.270524
v 0.479483 1.508411 0.339096
v 0.250149 1.459973 -0.337419
v 0.382471 1.346140 -0.315745
v 0.380216 1.354814 0.393063
v 0.721954 1.251546 -0.079229
v 0.078752 1.153217 0.188435
v 0.629144 1.529783 -0.090913
v 0.057785 1.403109 0.167835
v 0.049765 1.293140 0.027415
v 0.694473 1.404948 0.041666
v 0.228881 1.952253 -0.305563
v 0.519790 1.791122 0.224981
v 0.082091 1.956132 -0.368177
v 0.077559 1.640728 -0.411956
v 0.306261 1.896034 -0.295032
v 0.463671 1.697059 0.317168
v 0.246059 1.963546 0.334706
v 0.155339 1.555237 0.398692
v 0.152472 1.553086 -0.368548
v 0.576751 1.800381 0.013896
v 0.174206 1.742532 0.443359
v 0.266109 1.663566 0.412427
v 0.055723 1.472639 0.302613
v 0.628633 1.637238 0.022990
v 0.161304 1.735977 -0.408358
v 0.056319 1.475094 -0.284027
v 0.434242 1.912084 -0.169873
v 0.456740 1.927146 0.191549
v 0.000000 1.891521 -0.406328
v -0.000000 1.894347 0.435849
v 0.500259 1.927877 0.009609
v 0.172675 1.898166 0.402504
v 0.159461 1.890048 -0.372927
v 0.080411 1.816671 -0.419153
v 0.262752 1.834473 0.396667
v 0.513873 1.862011 -0.093338
v 0.087573 1.823052 0.454362
v 0.395895 1.840032 -0.262938
v 0.529225 1.869120 0.115793
v 0.357378 1.585854 -0.337829
v 0.334986 1.754182 -0.335651
v 0.251981 1.657839 -0.377856
v 0.440615 1.688977 -0.280430
v 0.345925 2.603882 -0.300603
v 0.380650 2.876586 -0.140778
v 0.429561 2.448068 -0.038983
v 0.350627 2.777268 -0.279399
v 0.383580 2.469388 -0.195417
v 0.401729 2.840992 0.020642
v 0.436951 2.536875 0.089189
v 0.416709 2.697052 0.114959
v 0.931686 2.835728 0.120074
v 0.891612 2.424859 0.088591
v 0.897182 2.443722 -0.322118
v 1.136638 2.731561 -0.333228
v 1.063513 2.372509 -0.210757
v 1.038449 2.501264 0.150745
v 1.111967 2.858833 0.030004
v 0.955733 2.857754 -0.296587
v 0.733680 2.795193 -0.387218
v 0.710451 2.384680 -0.242576
v 0.744900 2.516568 0.162151
v 0.770271 2.932249 0.043816
v 1.105569 2.525137 -0.347423
v 1.069627 2.706335 0.164998
v 0.705943 2.557669 -0.401821
v 0.747672 2.749446 0.182933
v 0.902053 2.623609 0.188528
v 0.928122 2.653957 -0.398371
v 1.035606 2.363160 -0.004593
v 1.138795 2.869753 -0.176948
v 0.736736 2.370985 -0.013360
v 0.768668 2.951363 -0.193219
v 0.964387 2.933628 -0.072134
v 0.888442 2.352222 -0.119077
v 0.505713 2.470132 -0.333273
v 0.555951 2.367192 -0.131185
v 0.587237 2.425569 0.078806
v 0.578310 2.616092 0.193319
v 0.567566 2.840525 0.132676
v 0.568385 2.964129 -0.055888
v 0.532324 2.903417 -0.289461
v 0.501833 2.696628 -0.405351
v 0.000000 1.931502 -0.431274
v 0.426689 1.868308 0.092142
v 0.347310 1.851926 -0.220538
v 0.363341 1.868285 0.240893
v 0.094564 1.849456 0.371476
v 0.420352 1.858978 -0.074563
v 0.252777 1.851351 -0.296186
v 0.087823 1.855312 -0.353824
v 0.269263 1.859639 0.317985
v 0.376372 2.850051 -0.370506
v 0.462146 2.749634 0.217342
v 0.466088 2.466136 -0.347138
v 0.422736 2.456391 0.320193
v 0.495136 2.331999 0.257218
v 0.352099 2.346041 -0.414024
v 0.477690 2.710487 -0.338975
v 0.418080 2.659833 0.284169
v 0.508118 2.561483 0.227895
v 0.374690 2.607937 -0.407798
v 0.428441 2.179443 -0.346293
v 0.411696 2.182879 0.338087
v 0.310275 2.034242 -0.387219
v 0.460727 2.038747 0.257599
v 0.115930 2.772600 0.347005
v 0.119802 2.336885 0.494885
v 0.115425 2.571025 0.435107
v 0.113641 2.028981 0.484274
v -0.000000 2.501725 -0.510032
v -0.000000 2.464234 0.482698
v 0.000000 2.206420 -0.501349
v 0.000000 2.180984 0.514832
v 0.000000 2.857193 0.286254
v -0.000000 2.679141 0.409422
v -0.000000 2.777676 -0.497819
v 0.536327 2.868533 -0.098963
v 0.605099 2.300077 -0.101955
v 0.603967 2.527366 -0.104688
v 0.549366 2.024900 -0.092931
v 0.000000 2.990394 -0.121382
v 0.433281 2.939178 -0.001974
v 0.617687 2.413051 -0.014495
v 0.593201 2.167164 -0.004589
v 0.122566 2.903833 -0.441901
v 0.121461 2.362314 -0.496663
v 0.127076 2.630074 -0.495446
v 0.108718 2.046974 -0.465787
v 0.332636 2.747830 0.293146
v 0.332007 2.334744 0.402487
v 0.327643 2.563720 0.360008
v 0.313670 2.033438 0.395870
v 0.144498 2.980830 -0.005053
v 0.281601 2.982913 -0.108887
v 0.222239 2.668936 0.368564
v 0.246579 2.830939 0.256221
v 0.230388 2.181389 0.463670
v 0.229702 2.462307 0.435224
v 0.248686 2.491538 -0.464454
v 0.229271 2.195039 -0.455560
v 0.250543 2.763499 -0.450349
v 0.200142 1.917997 0.410135
v -0.000000 1.915273 0.451822
v 0.362094 1.931332 0.312942
v 0.189246 1.923033 -0.390241
v 0.351620 1.919570 -0.298781
v 0.494099 2.836921 -0.275839
v 0.524545 2.318102 -0.276652
v 0.543176 2.560433 -0.268041
v 0.465686 2.025532 -0.259194
v -0.000000 2.969708 -0.358222
v 0.255676 2.956285 -0.324514
v 0.406276 2.950091 -0.202660
v 0.554099 2.164351 -0.189376
v 0.582972 2.416592 -0.191922
v 0.132230 2.985139 -0.232292
v 0.545159 2.813192 0.073599
v 0.595632 2.316125 0.084614
v 0.607000 2.543525 0.063373
v 0.546732 2.033819 0.089694
v -0.000000 2.957586 0.101819
v 0.285291 2.933539 0.093588
v 0.407098 2.844780 0.161880
v 0.133556 2.907305 0.193031
v 0.567132 2.448987 0.159873
v 0.539148 2.179848 0.178478
v 0.566409 2.670239 0.140661
v 0.469170 1.933216 0.172921
v 0.509159 1.926053 0.003952
v 0.463192 1.917835 -0.164073
v 0.568617 2.702774 -0.187388
v 0.600715 2.692607 -0.016419
v 0.000000 1.833571 0.296148
v 0.000000 1.849025 0.108211
v -0.000000 1.844683 -0.105248
v -0.000000 1.832816 -0.285378
v 0.106298 1.840277 0.202472
v 0.192047 1.832580 0.271891
v 0.115158 1.846670 0.002226
v 0.224510 1.842242 0.101297
v 0.101194 1.833560 -0.193935
v 0.219331 1.835872 -0.089615
v 0.179864 1.825188 -0.255137
v 0.310871 1.841925 0.177278
v 0.335841 1.841936 0.008657
v 0.298465 1.828616 -0.158249
v -0.366821 1.592878 0.378780
v -0.580568 1.716530 -0.096863
v -0.361297 1.764880 0.367134
v -0.240476 1.822726 -0.365926
v -0.454564 1.985366 0.092488
v -0.355039 1.959314 -0.210710
v -0.426305 1.854271 0.288699
v -0.376174 1.979294 0.237563
v -0.555668 1.625802 0.245585
v -0.087423 1.955637 0.390750
v -0.081959 1.641906 0.446931
v -0.493409 1.781620 -0.196034
v -0.542792 1.620246 -0.199597
v -0.594020 1.720528 0.132939
v -0.332318 1.911869 0.323355
v -0.445500 1.974356 -0.073666
v -0.021489 1.430455 0.001542
v -0.145900 1.308057 -0.239021
v -0.603614 1.386685 -0.196934
v -0.603525 1.391858 0.279068
v -0.268115 1.179517 0.380164
v -0.721171 1.253292 0.189021
v -0.536153 1.217605 -0.269902
v -0.078725 1.149701 -0.078364
v -0.143028 1.315545 0.303145
v -0.248435 1.467630 0.382204
v -0.632048 1.532713 0.151963
v -0.476538 1.500920 -0.281363
v -0.059611 1.401054 -0.147117
v -0.534591 1.223033 0.379222
v -0.269760 1.171909 -0.270524
v -0.479483 1.508411 0.339096
v -0.250149 1.459973 -0.337419
v -0.382471 1.346140 -0.315745
v -0.380216 1.354814 0.393063
v -0.721954 1.251546 -0.079229
v -0.078752 1.153217 0.188435
v -0.629144 1.529783 -0.090913
v -0.057785 1.403109 0.167835
v -0.049765 1.293140 0.027415
v -0.694473 1.404948 0.041666
v -0.228881 1.952253 -0.305563
v -0.519790 1.791122 0.224981
v -0.082091 1.956132 -0.368177
v -0.077559 1.640728 -0.411956
v -0.306261 1.896034 -0.295032
v -0.463671 1.697059 0.317168
v -0.246059 1.963546 0.334706
v -0.155339 1.555237 0.398692
v -0.152472 1.553086 -0.368548
v -0.576751 1.800381 0.013896
v -0.174206 1.742532 0.443359
v -0.266109 1.663566 0.412427
v -0.055723 1.472639 0.302613
v -0.628633 1.637238 0.022990
v -0.161304 1.735977 -0.408358
v -0.056319 1.475094 -0.284026
v -0.434242 1.912084 -0.169873
v -0.456740 1.927146 0.191549
v -0.500259 1.927877 0.009609
v -0.172675 1.898166 0.402504
v -0.159461 1.890048 -0.372927
v -0.080411 1.816671 -0.419153
v -0.262752 1.834473 0.396667
v -0.513873 1.862011 -0.093338
v -0.087573 1.823052 0.454362
v -0.395895 1.840032 -0.262938
v -0.529225 1.869120 0.115793
v -0.357378 1.585854 -0.337829
v -0.334986 1.754182 -0.335651
v -0.251981 1.657839 -0.377856
v -0.440615 1.688977 -0.280430
v -0.345925 2.603882 -0.300603
v -0.380650 2.876586 -0.140778
v -0.429561 2.448068 -0.038983
v -0.350627 2.777268 -0.279399
v -0.383580 2.469388 -0.195417
v -0.401729 2.840992 0.020642
v -0.436951 2.536875 0.089189
v -0.416709 2.697052 0.114959
v -0.931686 2.835728 0.120074
v -0.891612 2.424859 0.088591
v -0.897182 2.443722 -0.322118
v -1.136638 2.731561 -0.333228
v -1.063513 2.372509 -0.210757
v -1.038449 2.501264 0.150745
v -1.111967 2.858833 0.030004
v -0.955733 2.857754 -0.296587
v -0.733680 2.795193 -0.387218
v -0.710451 2.384680 -0.242576
v -0.744900 2.516568 0.162151
v -0.770271 2.932249 0.043816
v -1.105569 2.525137 -0.347423
v -1.069627 2.706335 0.164998
v -0.705943 2.557669 -0.401821
v -0.747672 2.749446 0.182933
v -0.902053 2.623609 0.188528
v -0.928122 2.653957 -0.398371
v -1.035606 2.363160 -0.004593
v -1.138795 2.869753 -0.176948
v -0.736736 2.370985 -0.013360
v -0.768668 2.951363 -0.193219
v -0.964387 2.933628 -0.072134
v -0.888442 2.352222 -0.119077
v -0.505713 2.470131 -0.333273
v -0.555951 2.367192 -0.131185
v -0.587237 2.425569 0.078806
v -0.578310 2.616092 0.193319
v -0.567566 2.840525 0.132676
v -0.568385 2.964129 -0.055888
v -0.532324 2.903417 -0.289461
v -0.501833 2.696628 -0.405351
v -0.426689 1.868308 0.092142
v -0.347310 1.851926 -0.220538
v -0.363341 1.868285 0.240893
v -0.094564 1.849456 0.371476
v -0.420352 1.858978 -0.074563
v -0.252777 1.851351 -0.296186
v -0.087823 1.855312 -0.353824
v -0.269263 1.859639 0.317985
v -0.376372 2.850051 -0.370506
v -0.462146 2.749634 0.217342
v -0.466088 2.466136 -0.347138
v -0.422736 2.456391 0.320193
v -0.495136 2.331999 0.257218
v -0.352099 2.346041 -0.414024
v -0.477690 2.710487 -0.338975
v -0.418080 2.659833 0.284169
v -0.508118 2.561483 0.227895
v -0.374690 2.607937 -0.407798
v -0.428441 2.179443 -0.346293
v -0.411696 2.182879 0.338087
v -0.310275 2.034242 -0.387219
v -0.460727 2.038747 0.257599
v -0.115930 2.772600 0.347005
v -0.119802 2.336885 0.494885
v -0.115425 2.571025 0.435107
v -0.113641 2.028981 0.484274
v -0.536327 2.868533 -0.098963
v -0.605099 2.300077 -0.101955
v -0.603967 2.527366 -0.104688
v -0.549366 2.024900 -0.092931
v -0.433281 2.939178 -0.001974
v -0.617687 2.413051 -0.014495
v -0.593201 2.167164 -0.004589
v -0.122566 2.903833 -0.441901
v -0.121461 2.362314 -0.496663
v -0.127076 2.630074 -0.495446
v -0.108718 2.046974 -0.465787
v -0.332636 2.747830 0.293146
v -0.332007 2.334744 0.402487
v -0.327643 2.563720 0.360008
v -0.313670 2.033438 0.395870
v -0.144498 2.980830 -0.005053
v -0.281601 2.982913 -0.108887
v -0.222239 2.668936 0.368564
v -0.246579 2.830939 0.256221
v -0.230388 2.181389 0.463670
v -0.229702 2.462307 0.435224
v -0.248686 2.491538 -0.464454
v -0.229271 2.195039 -0.455560
v -0.250543 2.763499 -0.450349
v -0.200142 1.917997 0.410135
v -0.362094 1.931332 0.312942
v -0.189246 1.923033 -0.390241
v -0.351620 1.919570 -0.298781
v -0.494099 2.836921 -0.275839
v -0.524545 2.318102 -0.276652
v -0.543176 2.560433 -0.268041
v -0.465686 2.025532 -0.259194
v -0.255676 2.956285 -0.324514
v -0.406276 2.950091 -0.202660
v -0.554099 2.164351 -0.189376
v -0.582973 2.416592 -0.191922
v -0.132230 2.985139 -0.232292
v -0.545159 2.813192 0.073599
v -0.595632 2.316125 0.084614
v -0.607000 2.543525 0.063373
v -0.546732 2.033819 0.089694
v -0.285291 2.933539 0.093588
v -0.407098 2.844780 0.161880
v -0.133556 2.907305 0.193031
v -0.567132 2.448987 0.159873
v -0.539148 2.179848 0.178478
v -0.566409 2.670239 0.140661
v -0.469170 1.933216 0.172921
v -0.509159 1.926053 0.003952
v -0.463192 1.917835 -0.164073
v -0.568617 2.702774 -0.187388
v -0.600715 2.692607 -0.016419
v -0.106298 1.840277 0.202472
v -0.192047 1.832580 0.271891
v -0.115158 1.846670 0.002226
v -0.224510 1.842242 0.101297
v -0.101194 1.833560 -0.193935
v -0.219331 1.835872 -0.089615
v -0.179864 1.825188 -0.255137
v -0.310871 1.841925 0.177278
v -0.335841 1.841936 0.008657
v -0.298465 1.828616 -0.158249
v 0.565437 1.799174 0.125069
v 0.491749 1.929981 0.104556
v 0.374426 1.903235 -0.239602
v 0.470317 1.611283 0.326755
v 0.073081 1.548316 0.397007
v 0.087654 1.895132 0.426453
v 0.079595 1.731851 -0.426251
v 0.478958 1.921071 -0.084832
v 0.257186 1.572320 0.399311
v 0.254143 1.333879 0.376677
v 0.670585 1.402186 0.168808
v 0.503037 1.367940 -0.277071
v 0.074181 1.295843 -0.118501
v 0.257462 1.324938 -0.304882
v 0.502040 1.375219 0.357516
v 0.072975 1.299960 0.176078
v 0.670405 1.399513 -0.085760
v 0.033187 1.438576 -0.152638
v 0.085998 1.736484 0.463666
v 0.254799 1.904022 0.368532
v 0.611359 1.634902 0.140833
v 0.071411 1.549796 -0.368895
v 0.081299 1.890699 -0.396947
v 0.448455 1.778694 0.305669
v 0.032297 1.437000 0.160819
v 0.267383 1.752340 0.411978
v 0.234320 1.891649 -0.338951
v 0.401485 1.920337 0.264745
v 0.549621 1.793623 -0.096995
v 0.603135 1.631860 -0.094690
v 0.247335 1.743442 -0.378979
v 0.251498 1.566918 -0.363770
v 0.457726 1.604313 -0.282297
v 0.419223 1.767606 -0.275488
v 0.943341 2.765267 -0.369059
v 0.890161 2.378291 -0.229336
v 0.895175 2.514152 0.157853
v 0.951274 2.904820 0.035543
v 0.914339 2.736804 0.173798
v 0.911176 2.540931 -0.381288
v 0.964423 2.916474 -0.190370
v 0.889292 2.368728 -0.008213
v 0.526478 2.400077 -0.239998
v 0.574758 2.378651 -0.021329
v 0.583729 2.509255 0.153412
v 0.568281 2.732190 0.181921
v 0.567480 2.920275 0.050407
v 0.551240 2.954977 -0.176465
v 0.511835 2.810920 -0.367794
v 0.495403 2.576349 -0.389743
v 0.328182 2.653715 -0.086106
v 0.375619 2.736705 -0.400587
v 0.502334 2.663326 0.217468
v 0.482784 2.182644 0.261656
v 0.335278 2.187414 -0.407560
v 0.503754 2.455640 0.243652
v 0.366032 2.482383 -0.412399
v 0.117992 2.463932 0.469734
v 0.119075 2.181037 0.501275
v 0.123553 2.849547 0.277103
v 0.113832 2.675499 0.397105
v 0.140265 2.989341 -0.117426
v 0.609530 2.407198 -0.104361
v 0.585126 2.163399 -0.098817
v 0.423103 2.957453 -0.101317
v 0.323942 2.663746 0.332524
v 0.367587 2.802989 0.232951
v 0.327994 2.182168 0.407102
v 0.331237 2.458965 0.384686
v 0.125572 2.498585 -0.498135
v 0.116595 2.202715 -0.488729
v 0.124595 2.775612 -0.484831
v 0.102894 1.915607 0.440351
v 0.287321 1.924043 0.366879
v 0.096563 1.928482 -0.419789
v 0.275299 1.919971 -0.349199
v 0.389333 2.919077 -0.298157
v 0.501863 2.170696 -0.272788
v 0.537466 2.440244 -0.273174
v 0.125261 2.968521 -0.347776
v 0.429232 2.894732 0.085667
v 0.141678 2.952137 0.099288
v 0.604912 2.431057 0.073595
v 0.577090 2.173745 0.089020
v 0.422271 1.933239 0.247757
v 0.499371 1.930568 0.090542
v 0.496311 1.921304 -0.082535
v 0.413757 1.917212 -0.236672
v 0.538145 2.702975 -0.267246
v 0.588943 2.699826 -0.101883
v 0.597364 2.681278 0.063310
v 0.097074 1.832690 0.289147
v 0.113456 1.846389 0.106223
v 0.110703 1.841464 -0.100670
v 0.090700 1.829996 -0.276621
v 0.282591 1.839296 0.251204
v 0.330787 1.844150 0.095653
v 0.324173 1.835976 -0.077916
v 0.266162 1.826363 -0.230045
v -0.565437 1.799174 0.125069
v -0.491749 1.929981 0.104556
v -0.374426 1.903235 -0.239602
v -0.470317 1.611283 0.326755
v -0.073081 1.548316 0.397007
v -0.087654 1.895132 0.426453
v -0.079595 1.731851 -0.426251
v -0.478958 1.921071 -0.084832
v -0.257186 1.572320 0.399311
v -0.254143 1.333879 0.376677
v -0.670585 1.402186 0.168808
v -0.503037 1.367940 -0.277071
v -0.074181 1.295843 -0.118501
v -0.257462 1.324938 -0.304882
v -0.502040 1.375219 0.357516
v -0.072975 1.299960 0.176078
v -0.670405 1.399513 -0.085760
v -0.033187 1.438576 -0.152638
v -0.085998 1.736484 0.463666
v -0.254799 1.904022 0.368532
v -0.611359 1.634902 0.140833
v -0.071411 1.549796 -0.368895
v -0.081299 1.890699 -0.396947
v -0.448455 1.778694 0.305669
v -0.032297 1.437000 0.160819
v -0.267383 1.752340 0.411978
v -0.234320 1.891649 -0.338951
v -0.401485 1.920337 0.264745
v -0.549621 1.793623 -0.096995
v -0.603135 1.631860 -0.094690
v -0.247335 1.743442 -0.378979
v -0.251498 1.566918 -0.363770
v -0.457726 1.604313 -0.282297
v -0.419223 1.767606 -0.275488
v -0.943341 2.765267 -0.369059
v -0.890161 2.378291 -0.229336
v -0.895175 2.514152 0.157853
v -0.951274 2.904820 0.035543
v -0.914339 2.736804 0.173798
v -0.911176 2.540931 -0.381288
v -0.964423 2.916474 -0.190370
v -0.889292 2.368728 -0.008213
v -0.526478 2.400077 -0.239998
v -0.574758 2.378651 -0.021329
v -0.583729 2.509255 0.153412
v -0.568281 2.732190 0.181921
v -0.567480 2.920275 0.050407
v -0.551240 2.954977 -0.176465
v -0.511835 2.810920 -0.367794
v -0.495403 2.576349 -0.389743
v -0.328182 2.653715 -0.086106
v -0.375618 2.736705 -0.400587
v -0.502334 2.663326 0.217468
v -0.482784 2.182644 0.261656
v -0.335278 2.187414 -0.407560
v -0.503754 2.455640 0.243652
v -0.366032 2.482383 -0.412399
v -0.117992 2.463932 0.469734
v -0.119075 2.181037 0.501275
v -0.123553 2.849547 0.277103
v -0.113832 2.675499 0.397105
v -0.140265 2.989341 -0.117426
v -0.609530 2.407198 -0.104361
v -0.585126 2.163399 -0.098817
v -0.423103 2.957453 -0.101317
v -0.323942 2.663746 0.332524
v -0.367587 2.802989 0.232951
v -0.327994 2.182168 0.407102
v -0.331237 2.458965 0.384686
v -0.125572 2.498585 -0.498135
v -0.116595 2.202715 -0.488729
v -0.124595 2.775612 -0.484831
v -0.102894 1.915607 0.440351
v -0.287321 1.924043 0.366879
v -0.096563 1.928482 -0.419789
v -0.275299 1.919971 -0.349199
v -0.389333 2.919077 -0.298157
v -0.501863 2.170696 -0.272788
v -0.537466 2.440244 -0.273174
v -0.125261 2.968521 -0.347776
v -0.429232 2.894732 0.085667
v -0.141678 2.952137 0.099288
v -0.604912 2.431057 0.073595
v -0.577090 2.173745 0.089020
v -0.422271 1.933239 0.247757
v -0.499371 1.930568 0.090542
v -0.496311 1.921304 -0.082535
v -0.413757 1.917212 -0.236672
v -0.538145 2.702975 -0.267246
v -0.588943 2.699826 -0.101883
v -0.597364 2.681278 0.063310
v -0.097074 1.832690 0.289147
v -0.113456 1.846389 0.106223
v -0.110703 1.841464 -0.100670
v -0.090700 1.829996 -0.276621
v -0.282591 1.839296 0.251204
v -0.330787 1.844150 0.095653
v -0.324173 1.835976 -0.077916
v -0.266162 1.826363 -0.230045
v 0.384609 1.948072 -0.130977
v 0.399830 1.965600 0.156141
v 0.303295 1.818758 -0.294132
v 0.332057 1.832214 0.322537
v 0.000000 1.508939 -0.264039
v -0.000000 1.505159 0.283363
v 0.516306 1.703182 0.216098
v 0.000000 1.938262 0.371014
v 0.000000 1.944983 -0.347869
v -0.000000 1.649677 -0.383473
v 0.000000 1.651195 0.419738
v 0.353615 1.678178 0.344699
v 0.299500 1.954021 0.267860
v 0.434745 1.962265 0.011535
v 0.000000 1.469282 0.001789
v 0.178502 1.164057 0.279924
v 0.178484 1.164055 -0.170574
v 0.623809 1.231467 -0.170556
v 0.623826 1.231469 0.279941
v 0.142371 1.462703 0.298224
v 0.142476 1.461226 -0.267952
v 0.542015 1.511963 -0.177058
v 0.546544 1.515640 0.237250
v 0.401185 1.197767 0.373199
v 0.401116 1.197756 -0.263855
v 0.361617 1.487602 0.349584
v 0.358607 1.483331 -0.297197
v 0.716065 1.245432 0.054707
v 0.086236 1.150090 0.054637
v 0.619930 1.525995 0.031212
v 0.070686 1.407126 0.008399
v 0.277402 1.937427 -0.238072
v 0.495297 1.696241 -0.178284
v 0.147017 1.938398 -0.312861
v 0.153974 1.653474 -0.367270
v 0.575658 1.712549 0.019791
v 0.160810 1.940701 0.339128
v 0.162911 1.657506 0.401422
v 0.438891 1.836827 -0.168057
v 0.464075 1.848004 0.193923
v -0.000000 1.810408 -0.393448
v -0.000000 1.813876 0.430131
v 0.509495 1.851545 0.013816
v 0.165273 1.818714 0.399561
v 0.150182 1.810907 -0.366487
v 0.333219 1.670726 -0.309229
v 0.391534 2.694292 -0.319649
v 0.406345 2.523987 -0.271797
v 0.445149 2.883796 -0.060219
v 0.488427 2.478901 0.033081
v 0.413146 2.845645 -0.231180
v 0.457754 2.441054 -0.125584
v 0.457771 2.784286 0.079519
v 0.477464 2.615711 0.121272
v 1.133008 2.791804 -0.246691
v 1.084568 2.775250 0.087345
v 1.033913 2.442564 0.064352
v 1.081852 2.457675 -0.269891
v 0.748550 2.865379 -0.286783
v 0.755307 2.835105 0.101793
v 0.744473 2.452438 0.066059
v 0.702938 2.476916 -0.314547
v 1.117496 2.628088 -0.327919
v 1.049465 2.605454 0.144694
v 0.717554 2.675668 -0.385453
v 0.743962 2.632939 0.162986
v 1.047200 2.381097 -0.107126
v 1.119182 2.852551 -0.074408
v 0.726021 2.390243 -0.125979
v 0.774520 2.932847 -0.070481
v 0.373982 1.882881 -0.146140
v 0.384670 1.897486 0.163682
v 0.000000 1.879533 0.364811
v 0.000000 1.886316 -0.345121
v 0.315206 1.901173 0.274738
v 0.418190 1.894927 0.007544
v 0.301257 1.889053 -0.253586
v 0.167345 1.878850 -0.310007
v 0.178954 1.880603 0.332085
v 0.391983 2.712888 0.241010
v 0.439013 2.794874 -0.309299
v 0.428930 2.337050 -0.324638
v 0.396722 2.332265 0.308593
v 0.454631 2.586585 -0.315620
v 0.402854 2.555917 0.274935
v 0.375973 2.040375 -0.303567
v 0.371043 2.044370 0.306829
v -0.000000 2.885413 -0.427742
v 0.000000 2.759492 0.330335
v -0.000000 2.332874 0.474462
v -0.000000 2.366970 -0.475089
v 0.000000 2.561337 0.415602
v 0.000000 2.630999 -0.473416
v 0.000000 2.059133 -0.445252
v -0.000000 2.037032 0.464385
v 0.520673 2.832020 -0.012015
v 0.578483 2.308050 -0.009858
v 0.580111 2.528227 -0.018621
v 0.527748 2.040131 -0.002560
v 0.000000 2.950073 -0.011193
v 0.238711 2.869928 -0.383809
v 0.228348 2.356184 -0.431334
v 0.241596 2.620800 -0.429193
v 0.201777 2.049494 -0.402861
v 0.218661 2.742859 0.294310
v 0.218813 2.333001 0.426946
v 0.214096 2.557835 0.373054
v 0.206564 2.038249 0.418435
v 0.284603 2.937025 -0.010954
v 0.490669 2.843859 -0.182357
v 0.544882 2.307890 -0.178418
v 0.549088 2.536421 -0.177446
v 0.488820 2.035751 -0.165707
v -0.000000 2.951772 -0.236515
v 0.262903 2.945013 -0.212416
v 0.494709 2.757765 0.127845
v 0.526404 2.328785 0.156534
v 0.543733 2.555466 0.128580
v 0.483553 2.046710 0.161667
v -0.000000 2.885146 0.182332
v 0.261734 2.857687 0.160038
v 0.000000 1.876001 0.210208
v 0.210412 1.871850 0.192325
v 0.000000 1.883787 0.000101
v 0.228644 1.875359 0.004241
v -0.000000 1.870520 -0.203493
v 0.202151 1.862105 -0.179043
v -0.384609 1.948072 -0.130977
v -0.399830 1.965600 0.156141
v -0.303295 1.818758 -0.294132
v -0.332057 1.832214 0.322537
v -0.516306 1.703182 0.216098
v -0.353615 1.678178 0.344699
v -0.299500 1.954021 0.267860
v -0.434745 1.962265 0.011535
v -0.178502 1.164057 0.279924
v -0.178484 1.164055 -0.170574
v -0.623809 1.231467 -0.170556
v -0.623826 1.231469 0.279941
v -0.142371 1.462703 0.298224
v -0.142476 1.461226 -0.267952
v -0.542015 1.511963 -0.177058
v -0.546544 1.515640 0.237250
v -0.401185 1.197767 0.373199
v -0.401116 1.197756 -0.263855
v -0.361617 1.487602 0.349584
v -0.358607 1.483330 -0.297197
v -0.716065 1.245432 0.054707
v -0.086236 1.150090 0.054637
v -0.619930 1.525995 0.031212
v -0.070686 1.407126 0.008399
v -0.277402 1.937427 -0.238072
v -0.495297 1.696241 -0.178284
v -0.147017 1.938398 -0.312861
v -0.153974 1.653474 -0.367270
v -0.575658 1.712549 0.019791
v -0.160810 1.940701 0.339128
v -0.162911 1.657506 0.401422
v -0.438891 1.836827 -0.168057
v -0.464075 1.848004 0.193923
v -0.509495 1.851545 0.013816
v -0.165273 1.818714 0.399561
v -0.150182 1.810907 -0.366487
v -0.333219 1.670726 -0.309229
v -0.391534 2.694292 -0.319649
v -0.406345 2.523987 -0.271797
v -0.445149 2.883796 -0.060219
v -0.488427 2.478901 0.033081
v -0.413146 2.845645 -0.231180
v -0.457754 2.441054 -0.125584
v -0.457771 2.784286 0.079519
v -0.477464 2.615711 0.121272
v -1.133008 2.791804 -0.246691
v -1.084568 2.775250 0.087345
v -1.033913 2.442564 0.064352
v -1.081852 2.457675 -0.269891
v -0.748550 2.865379 -0.286783
v -0.755307 2.835105 0.101793
v -0.744473 2.452438 0.066059
v -0.702938 2.476916 -0.314547
v -1.117496 2.628088 -0.327919
v -1.049465 2.605454 0.144694
v -0.717554 2.675668 -0.385453
v -0.743962 2.632939 0.162986
v -1.047200 2.381097 -0.107126
v -1.119182 2.852551 -0.074408
v -0.726021 2.390243 -0.125979
v -0.774520 2.932847 -0.070481
v -0.373982 1.882881 -0.146140
v -0.384670 1.897486 0.163682
v -0.315206 1.901173 0.274738
v -0.418190 1.894927 0.007544
v -0.301257 1.889053 -0.253586
v -0.167345 1.878850 -0.310007
v -0.178954 1.880603 0.332085
v -0.391983 2.712888 0.241010
v -0.439013 2.794874 -0.309299
v -0.428930 2.337050 -0.324638
v -0.396722 2.332265 0.308593
v -0.454631 2.586585 -0.315620
v -0.402854 2.555917 0.274935
v -0.375973 2.040375 -0.303567
v -0.371043 2.044370 0.306829
v -0.520673 2.832020 -0.012015
v -0.578483 2.308050 -0.009858
v -0.580111 2.528227 -0.018621
v -0.527748 2.040131 -0.002560
v -0.238711 2.869928 -0.383809
v -0.228348 2.356184 -0.431334
v -0.241596 2.620800 -0.429193
v -0.201777 2.049494 -0.402861
v -0.218661 2.742859 0.294310
v -0.218813 2.333001 0.426946
v -0.214096 2.557835 0.373054
v -0.206564 2.038249 0.418435
v -0.284603 2.937025 -0.010954
v -0.490669 2.843859 -0.182357
v -0.544882 2.307890 -0.178418
v -0.549088 2.536421 -0.177446
v -0.488820 2.035751 -0.165707
v -0.262904 2.945013 -0.212416
v -0.494709 2.757765 0.127845
v -0.526404 2.328785 0.156534
v -0.543733 2.555466 0.128580
v -0.483553 2.046710 0.161667
v -0.261734 2.857687 0.160038
v -0.210412 1.871850 0.192325
v -0.228644 1.875359 0.004241
v -0.202151 1.862105 -0.179043
v 0.356159 1.592490 0.346497
v 0.550531 1.706927 -0.084153
v 0.345370 1.758512 0.337777
v 0.227084 1.813449 -0.336083
v 0.427413 1.965903 0.086162
v 0.335548 1.941594 -0.189213
v 0.405584 1.840683 0.265419
v 0.355932 1.961113 0.217175
v 0.529486 1.619414 0.224857
v 0.081929 1.938486 0.361912
v 0.078423 1.652624 0.414859
v -0.000000 1.568439 0.371281
v 0.000000 1.570213 -0.341911
v 0.468421 1.770273 -0.175963
v 0.516893 1.614111 -0.178440
v -0.000000 1.732261 -0.398492
v -0.000000 1.736100 0.437177
v 0.000000 1.475057 0.153103
v 0.562901 1.710939 0.123160
v 0.316309 1.896041 0.297876
v 0.419334 1.955650 -0.062646
v -0.000000 1.477867 -0.144419
v 0.040512 1.458633 0.001909
v 0.168116 1.317469 -0.215065
v 0.579115 1.380406 -0.174210
v 0.579951 1.382299 0.256509
v 0.280816 1.179545 0.348626
v 0.691755 1.241752 0.176470
v 0.521490 1.215978 -0.239270
v 0.110551 1.153771 -0.067114
v 0.167430 1.318781 0.279692
v 0.254037 1.472591 0.349037
v 0.601300 1.523771 0.140534
v 0.458549 1.498494 -0.252613
v 0.087930 1.416650 -0.136591
v 0.521540 1.215986 0.348628
v 0.280766 1.179538 -0.239272
v 0.462893 1.502878 0.309938
v 0.252578 1.469151 -0.304771
v 0.377993 1.349547 -0.282214
v 0.377941 1.351891 0.359265
v 0.691753 1.241752 -0.067064
v 0.110553 1.153771 0.176420
v 0.598472 1.521684 -0.078680
v 0.087299 1.416909 0.158114
v 0.083630 1.296158 0.027626
v 0.662260 1.394072 0.041868
v 0.214475 1.936367 -0.279179
v 0.493788 1.779090 0.206675
v 0.074833 1.942567 -0.337858
v 0.074353 1.650336 -0.379500
v 0.289707 1.880645 -0.269632
v 0.443377 1.691343 0.290494
v 0.233877 1.946428 0.307975
v 0.156693 1.569762 0.367981
v 0.152633 1.567446 -0.337730
v 0.546010 1.786063 0.016336
v 0.165394 1.741884 0.410527
v 0.256938 1.666356 0.379806
v 0.064395 1.500271 0.284800
v 0.595560 1.629451 0.024248
v 0.152478 1.735334 -0.375530
v 0.064450 1.502218 -0.265208
v 0.411043 1.894871 -0.151943
v 0.432255 1.909039 0.176428
v -0.000000 1.880225 -0.374259
v -0.000000 1.879668 0.405181
v 0.472049 1.909101 0.012369
v 0.163460 1.883352 0.373320
v 0.148388 1.877347 -0.343396
v 0.074609 1.810308 -0.386262
v 0.250067 1.824594 0.366709
v 0.486512 1.845810 -0.081302
v 0.081980 1.815094 0.421783
v 0.375662 1.827089 -0.238873
v 0.500821 1.852085 0.108111
v 0.345097 1.586834 -0.306140
v 0.318668 1.748096 -0.306450
v 0.242020 1.660404 -0.345449
v 0.420159 1.683364 -0.253858
v 0.375243 2.611060 -0.284953
v 0.407267 2.855433 -0.140510
v 0.453615 2.469975 -0.048859
v 0.379419 2.765500 -0.265670
v 0.410077 2.490427 -0.192063
v 0.427515 2.824234 0.006141
v 0.460890 2.550724 0.069412
v 0.441777 2.694418 0.092141
v 0.926617 2.814881 0.093698
v 0.892320 2.450492 0.066265
v 0.895456 2.466866 -0.297272
v 1.128690 2.717565 -0.303279
v 1.062970 2.403299 -0.196346
v 1.038352 2.516515 0.120358
v 1.103330 2.829862 0.014445
v 0.948627 2.832786 -0.274630
v 0.731968 2.779708 -0.356998
v 0.711724 2.415479 -0.228230
v 0.744904 2.532690 0.132217
v 0.768066 2.902891 0.026808
v 1.100998 2.536829 -0.315826
v 1.065700 2.696259 0.132763
v 0.706136 2.568861 -0.369717
v 0.746826 2.739552 0.150415
v 0.900312 2.626139 0.154667
v 0.923130 2.652668 -0.364765
v 1.037073 2.395275 -0.015659
v 1.129571 2.838878 -0.166099
v 0.737976 2.403318 -0.023801
v 0.765725 2.919037 -0.183100
v 0.956668 2.900615 -0.074695
v 0.889245 2.386174 -0.117464
v 0.515172 2.492405 -0.309389
v 0.563925 2.400222 -0.129974
v 0.594043 2.451960 0.058479
v 0.585017 2.620795 0.160320
v 0.574764 2.821275 0.105591
v 0.574848 2.931190 -0.061302
v 0.539477 2.876293 -0.270248
v 0.510772 2.693015 -0.372746
v 0.000000 1.949149 -0.402213
v 0.410683 1.898012 0.087959
v 0.332388 1.880168 -0.208889
v 0.346421 1.895422 0.229350
v 0.091416 1.879365 0.355617
v 0.405028 1.889247 -0.072345
v 0.243260 1.878436 -0.277969
v 0.085162 1.883611 -0.335167
v 0.258001 1.886879 0.301039
v 0.360747 2.835039 -0.344306
v 0.443023 2.734138 0.193886
v 0.444574 2.467215 -0.320832
v 0.401374 2.452776 0.293990
v 0.469247 2.332344 0.235181
v 0.336127 2.348119 -0.384081
v 0.455229 2.706991 -0.313690
v 0.399861 2.651877 0.256587
v 0.483620 2.558267 0.204539
v 0.358665 2.607175 -0.377821
v 0.407587 2.184980 -0.320016
v 0.388576 2.185177 0.313263
v 0.294652 2.044296 -0.358744
v 0.434558 2.046645 0.237381
v 0.110064 2.753794 0.319294
v 0.112644 2.333010 0.461873
v 0.108946 2.560210 0.403531
v 0.106474 2.037141 0.452056
v -0.000000 2.501557 -0.476033
v 0.000000 2.455651 0.449799
v 0.000000 2.209751 -0.467513
v 0.000000 2.182203 0.480853
v 0.000000 2.831521 0.263961
v -0.000000 2.665617 0.378227
v -0.000000 2.771249 -0.464432
v 0.508803 2.848830 -0.095768
v 0.571923 2.303467 -0.095332
v 0.570629 2.525393 -0.098311
v 0.518361 2.036955 -0.085901
v -0.000000 2.956397 -0.121804
v 0.419375 2.909374 -0.010596
v 0.583700 2.413512 -0.015320
v 0.559819 2.173403 -0.006228
v 0.116854 2.883843 -0.414998
v 0.115149 2.363521 -0.463276
v 0.120851 2.628534 -0.462056
v 0.102410 2.055848 -0.433577
v 0.320784 2.731363 0.265863
v 0.313393 2.332498 0.374123
v 0.312283 2.555790 0.330730
v 0.295008 2.041053 0.368489
v 0.142789 2.947433 -0.011190
v 0.277509 2.949169 -0.109684
v 0.212218 2.656617 0.338500
v 0.238108 2.807042 0.233568
v 0.216487 2.182892 0.432678
v 0.217266 2.454821 0.404479
v 0.237281 2.491793 -0.432425
v 0.217717 2.199033 -0.423834
v 0.239308 2.757553 -0.418814
v 0.188877 1.935759 0.383422
v -0.000000 1.934124 0.423526
v 0.341242 1.946543 0.290810
v 0.179577 1.940858 -0.362950
v 0.333599 1.937537 -0.276233
v 0.468727 2.821375 -0.259390
v 0.498128 2.321412 -0.255505
v 0.514778 2.559926 -0.249352
v 0.441114 2.037204 -0.238799
v -0.000000 2.937973 -0.346020
v 0.247774 2.926490 -0.310167
v 0.391924 2.920215 -0.195083
v 0.524152 2.171143 -0.174778
v 0.551696 2.417341 -0.178610
v 0.130798 2.951330 -0.228988
v 0.519290 2.795334 0.060643
v 0.563270 2.318778 0.074530
v 0.573949 2.542125 0.055522
v 0.515513 2.044020 0.080898
v -0.000000 2.925561 0.090399
v 0.278824 2.903643 0.078742
v 0.393848 2.820626 0.141955
v 0.129254 2.878390 0.175669
v 0.537800 2.448789 0.142681
v 0.509631 2.184020 0.162128
v 0.538098 2.663609 0.123039
v 0.443355 1.951298 0.160170
v 0.482226 1.946788 0.003145
v 0.438971 1.938466 -0.152084
v 0.536664 2.696841 -0.177399
v 0.567391 2.685865 -0.016191
v 0.000000 1.867534 0.294566
v -0.000000 1.883003 0.109452
v -0.000000 1.878604 -0.107572
v -0.000000 1.866504 -0.280781
v 0.107174 1.874162 0.205121
v 0.190023 1.866377 0.268790
v 0.116435 1.880634 0.001337
v 0.224857 1.876234 0.101932
v 0.102922 1.867422 -0.196463
v 0.220471 1.869750 -0.092260
v 0.179014 1.858811 -0.250159
v 0.305194 1.875430 0.176178
v 0.331738 1.875659 0.007273
v 0.293898 1.862308 -0.158126
v -0.356159 1.592490 0.346497
v -0.550531 1.706927 -0.084153
v -0.345370 1.758512 0.337777
v -0.227084 1.813449 -0.336083
v -0.427413 1.965903 0.086162
v -0.335548 1.941594 -0.189213
v -0.405584 1.840683 0.265419
v -0.355932 1.961113 0.217175
v -0.529485 1.619414 0.224857
v -0.081929 1.938486 0.361912
v -0.078423 1.652624 0.414859
v -0.468421 1.770273 -0.175963
v -0.516893 1.614111 -0.178440
v -0.562901 1.710939 0.123160
v -0.316309 1.896041 0.297876
v -0.419334 1.955650 -0.062646
v -0.040512 1.458633 0.001909
v -0.168116 1.317469 -0.215065
v -0.579115 1.380406 -0.174210
v -0.579951 1.382299 0.256509
v -0.280816 1.179545 0.348626
v -0.691755 1.241752 0.176470
v -0.521490 1.215978 -0.239270
v -0.110551 1.153771 -0.067114
v -0.167430 1.318781 0.279692
v -0.254037 1.472591 0.349037
v -0.601300 1.523771 0.140534
v -0.458549 1.498494 -0.252614
v -0.087930 1.416650 -0.136591
v -0.521540 1.215986 0.348628
v -0.280766 1.179538 -0.239272
v -0.462893 1.502878 0.309938
v -0.252578 1.469150 -0.304771
v -0.377993 1.349547 -0.282214
v -0.377941 1.351891 0.359265
v -0.691753 1.241752 -0.067064
v -0.110553 1.153771 0.176420
v -0.598472 1.521684 -0.078680
v -0.087299 1.416909 0.158114
v -0.083630 1.296158 0.027626
v -0.662260 1.394072 0.041868
v -0.214475 1.936367 -0.279179
v -0.493788 1.779090 0.206675
v -0.074833 1.942567 -0.337858
v -0.074353 1.650336 -0.379500
v -0.289707 1.880645 -0.269632
v -0.443377 1.691343 0.290494
v -0.233877 1.946428 0.307975
v -0.156693 1.569762 0.367981
v -0.152633 1.567446 -0.337730
v -0.546010 1.786063 0.016336
v -0.165394 1.741884 0.410527
v -0.256938 1.666356 0.379806
v -0.064395 1.500271 0.284800
v -0.595561 1.629451 0.024248
v -0.152478 1.735334 -0.375530
v -0.064450 1.502218 -0.265208
v -0.411043 1.894871 -0.151943
v -0.432255 1.909039 0.176428
v -0.472049 1.909101 0.012369
v -0.163460 1.883352 0.373320
v -0.148388 1.877347 -0.343396
v -0.074609 1.810308 -0.386262
v -0.250067 1.824594 0.366709
v -0.486512 1.845810 -0.081302
v -0.081980 1.815094 0.421783
v -0.375662 1.827089 -0.238873
v -0.500821 1.852085 0.108111
v -0.345097 1.586834 -0.306140
v -0.318668 1.748096 -0.306450
v -0.242020 1.660404 -0.345449
v -0.420159 1.683363 -0.253858
v -0.375243 2.611060 -0.284953
v -0.407267 2.855433 -0.140510
v -0.453615 2.469975 -0.048859
v -0.379419 2.765500 -0.265670
v -0.410077 2.490427 -0.192063
v -0.427515 2.824234 0.006141
v -0.460890 2.550724 0.069412
v -0.441777 2.694418 0.092141
v -0.926617 2.814881 0.093698
v -0.892320 2.450492 0.066265
v -0.895456 2.466866 -0.297272
v -1.128690 2.717565 -0.303279
v -1.062970 2.403299 -0.196346
v -1.038352 2.516515 0.120358
v -1.103330 2.829862 0.014445
v -0.948627 2.832786 -0.274630
v -0.731968 2.779708 -0.356998
v -0.711724 2.415479 -0.228230
v -0.744904 2.532690 0.132217
v -0.768066 2.902891 0.026808
v -1.100998 2.536829 -0.315826
v -1.065700 2.696259 0.132763
v -0.706136 2.568861 -0.369717
v -0.746826 2.739552 0.150415
v -0.900312 2.626139 0.154667
v -0.923130 2.652668 -0.364765
v -1.037073 2.395275 -0.015659
v -1.129571 2.838878 -0.166099
v -0.737976 2.403318 -0.023801
v -0.765725 2.919037 -0.183100
v -0.956668 2.900615 -0.074695
v -0.889245 2.386174 -0.117464
v -0.515172 2.492404 -0.309389
v -0.563925 2.400222 -0.129974
v -0.594043 2.451960 0.058479
v -0.585017 2.620795 0.160320
v -0.574764 2.821275 0.105591
v -0.574849 2.931190 -0.061302
v -0.539477 2.876293 -0.270248
v -0.510772 2.693015 -0.372746
v -0.410683 1.898012 0.087959
v -0.332388 1.880168 -0.208889
v -0.346420 1.895422 0.229350
v -0.091416 1.879365 0.355617
v -0.405028 1.889247 -0.072345
v -0.243260 1.878436 -0.277969
v -0.085162 1.883611 -0.335167
v -0.258001 1.886879 0.301039
v -0.360747 2.835039 -0.344306
v -0.443023 2.734138 0.193886
v -0.444574 2.467215 -0.320832
v -0.401374 2.452776 0.293990
v -0.469247 2.332344 0.235181
v -0.336127 2.348118 -0.384081
v -0.455229 2.706991 -0.313690
v -0.399861 2.651877 0.256587
v -0.483620 2.558267 0.204539
v -0.358665 2.607175 -0.377821
v -0.407587 2.184980 -0.320016
v -0.388576 2.185177 0.313263
v -0.294652 2.044296 -0.358744
v -0.434558 2.046645 0.237381
v -0.110064 2.753794 0.319294
v -0.112644 2.333010 0.461873
v -0.108946 2.560210 0.403531
v -0.106474 2.037141 0.452056
v -0.508803 2.848830 -0.095768
v -0.571923 2.303467 -0.095332
v -0.570629 2.525393 -0.098311
v -0.518361 2.036955 -0.085901
v -0.419375 2.909374 -0.010596
v -0.583700 2.413512 -0.015320
v -0.559819 2.173403 -0.006228
v -0.116854 2.883843 -0.414998
v -0.115149 2.363521 -0.463276
v -0.120851 2.628534 -0.462056
v -0.102410 2.055848 -0.433577
v -0.320784 2.731363 0.265863
v -0.313393 2.332498 0.374123
v -0.312283 2.555790 0.330730
v -0.295008 2.041053 0.368489
v -0.142789 2.947433 -0.011190
v -0.277509 2.949169 -0.109684
v -0.212218 2.656617 0.338500
v -0.238108 2.807042 0.233568
v -0.216487 2.182892 0.432678
v -0.217266 2.454821 0.404479
v -0.237281 2.491793 -0.432425
v -0.217717 2.199033 -0.423834
v -0.239308 2.757553 -0.418814
v -0.188877 1.935759 0.383422
v -0.341242 1.946543 0.290810
v -0.179577 1.940858 -0.362950
v -0.333599 1.937537 -0.276233
v -0.468727 2.821375 -0.259390
v -0.498128 2.321412 -0.255505
v -0.514778 2.559926 -0.249352
v -0.441114 2.037204 -0.238799
v -0.247774 2.926490 -0.310167
v -0.391924 2.920215 -0.195083
v -0.524152 2.171143 -0.174778
v -0.551696 2.417341 -0.178610
v -0.130798 2.951330 -0.228988
v -0.519290 2.795334 0.060643
v -0.563270 2.318778 0.074530
v -0.573949 2.542125 0.055522
v -0.515513 2.044020 0.080898
v -0.278824 2.903643 0.078742
v -0.393847 2.820626 0.141955
v -0.129254 2.878390 0.175669
v -0.537800 2.448789 0.142681
v -0.509631 2.184020 0.162128
v -0.538098 2.663609 0.123039
v -0.443355 1.951298 0.160170
v -0.482226 1.946788 0.003145
v -0.438971 1.938466 -0.152084
v -0.536664 2.696841 -0.177399
v -0.567391 2.685865 -0.016191
v -0.107174 1.874162 0.205121
v -0.190023 1.866377 0.268790
v -0.116435 1.880634 0.001337
v -0.224857 1.876234 0.101932
v -0.102922 1.867422 -0.196463
v -0.220471 1.869750 -0.092260
v -0.179014 1.858811 -0.250159
v -0.305194 1.875430 0.176178
v -0.331738 1.875659 0.007273
v -0.293898 1.862308 -0.158126
v 0.535644 1.785318 0.116330
v 0.464272 1.911141 0.097767
v 0.354837 1.886828 -0.217172
v 0.451483 1.606924 0.298786
v 0.073918 1.568611 0.369741
v 0.082186 1.880447 0.396280
v 0.074733 1.732900 -0.392617
v 0.452506 1.903040 -0.073380
v 0.254256 1.578847 0.366073
v 0.265201 1.334970 0.344544
v 0.640741 1.391239 0.156746
v 0.487360 1.366138 -0.246954
v 0.105488 1.302047 -0.106780
v 0.265694 1.332995 -0.272892
v 0.487876 1.368464 0.327354
v 0.105014 1.302660 0.165022
v 0.640148 1.390182 -0.073372
v 0.048757 1.467756 -0.144760
v 0.080860 1.737541 0.430073
v 0.242496 1.888871 0.340692
v 0.579941 1.627491 0.130155
v 0.072205 1.568990 -0.340843
v 0.074641 1.879042 -0.365710
v 0.427609 1.769309 0.280502
v 0.048351 1.466143 0.153824
v 0.255425 1.749047 0.380320
v 0.220356 1.877561 -0.311337
v 0.381198 1.903413 0.243344
v 0.520957 1.780331 -0.084437
v 0.572390 1.624422 -0.082221
v 0.234948 1.740263 -0.347475
v 0.246736 1.574446 -0.330957
v 0.438124 1.600841 -0.254735
v 0.398572 1.758723 -0.249981
v 0.937035 2.750952 -0.338871
v 0.889929 2.409208 -0.215192
v 0.894822 2.529485 0.127509
v 0.944401 2.875665 0.019457
v 0.911080 2.726668 0.141508
v 0.907801 2.552718 -0.349576
v 0.956877 2.885088 -0.179694
v 0.890430 2.400837 -0.019335
v 0.535263 2.430161 -0.226815
v 0.582106 2.410346 -0.031203
v 0.590304 2.526617 0.124928
v 0.575309 2.723957 0.149690
v 0.574495 2.892449 0.032172
v 0.557738 2.922471 -0.168903
v 0.519986 2.794060 -0.339417
v 0.504895 2.586512 -0.358717
v 0.361546 2.655840 -0.092295
v 0.360085 2.732247 -0.370673
v 0.478961 2.656468 0.193747
v 0.456410 2.185735 0.240422
v 0.319275 2.192094 -0.377929
v 0.478507 2.453928 0.220944
v 0.349926 2.483008 -0.382462
v 0.111209 2.455566 0.437485
v 0.111708 2.182336 0.468108
v 0.118307 2.824522 0.254693
v 0.107594 2.662275 0.366409
v 0.139189 2.955364 -0.118045
v 0.576166 2.407543 -0.097822
v 0.552519 2.170148 -0.091946
v 0.409185 2.926434 -0.100986
v 0.310655 2.653311 0.303018
v 0.355288 2.780899 0.210219
v 0.308786 2.183976 0.379106
v 0.314024 2.453226 0.355932
v 0.119390 2.498550 -0.464702
v 0.110132 2.206232 -0.455535
v 0.118217 2.769187 -0.452058
v 0.096968 1.934221 0.412523
v 0.271154 1.940280 0.341759
v 0.091317 1.946225 -0.391264
v 0.261626 1.937664 -0.323586
v 0.374096 2.893351 -0.281971
v 0.476037 2.177042 -0.251604
v 0.510202 2.441427 -0.252895
v 0.121888 2.937141 -0.335128
v 0.415628 2.868212 0.069307
v 0.138683 2.920624 0.086879
v 0.572193 2.431602 0.064366
v 0.544957 2.179063 0.079262
v 0.398254 1.949589 0.230097
v 0.472560 1.950210 0.083377
v 0.470284 1.942408 -0.076771
v 0.392117 1.936599 -0.219012
v 0.509010 2.698364 -0.250338
v 0.556049 2.693373 -0.096199
v 0.565125 2.674546 0.054865
v 0.096830 1.866635 0.287232
v 0.114519 1.880354 0.107343
v 0.112261 1.875338 -0.103143
v 0.091129 1.863680 -0.272014
v 0.275388 1.872057 0.245652
v 0.326134 1.877818 0.094753
v 0.320140 1.869704 -0.079377
v 0.260484 1.859276 -0.223682
v -0.535644 1.785318 0.116330
v -0.464272 1.911141 0.097767
v -0.354837 1.886828 -0.217172
v -0.451483 1.606924 0.298786
v -0.073918 1.568611 0.369741
v -0.082186 1.880447 0.396280
v -0.074733 1.732900 -0.392617
v -0.452506 1.903040 -0.073380
v -0.254256 1.578847 0.366073
v -0.265201 1.334970 0.344544
v -0.640741 1.391239 0.156746
v -0.487360 1.366138 -0.246955
v -0.105488 1.302047 -0.106780
v -0.265694 1.332995 -0.272892
v -0.487876 1.368464 0.327354
v -0.105014 1.302660 0.165022
v -0.640149 1.390182 -0.073372
v -0.048757 1.467756 -0.144760
v -0.080860 1.737541 0.430073
v -0.242496 1.888871 0.340692
v -0.579941 1.627491 0.130155
v -0.072205 1.568990 -0.340842
v -0.074641 1.879042 -0.365710
v -0.427609 1.769309 0.280502
v -0.048351 1.466143 0.153824
v -0.255425 1.749047 0.380320
v -0.220356 1.877561 -0.311337
v -0.381198 1.903413 0.243344
v -0.520957 1.780331 -0.084437
v -0.572390 1.624422 -0.082221
v -0.234948 1.740263 -0.347475
v -0.246736 1.574446 -0.330957
v -0.438124 1.600841 -0.254735
v -0.398572 1.758723 -0.249981
v -0.937035 2.750952 -0.338871
v -0.889929 2.409208 -0.215192
v -0.894822 2.529485 0.127509
v -0.944401 2.875665 0.019457
v -0.911080 2.726668 0.141508
v -0.907801 2.552718 -0.349576
v -0.956877 2.885088 -0.179694
v -0.890430 2.400837 -0.019335
v -0.535263 2.430161 -0.226815
v -0.582106 2.410346 -0.031203
v -0.590304 2.526617 0.124928
v -0.575309 2.723957 0.149690
v -0.574495 2.892449 0.032172
v -0.557738 2.922471 -0.168903
v -0.519986 2.794060 -0.339417
v -0.504895 2.586512 -0.358717
v -0.361546 2.655840 -0.092295
v -0.360085 2.732247 -0.370673
v -0.478961 2.656468 0.193747
v -0.456410 2.185735 0.240422
v -0.319275 2.192094 -0.377929
v -0.478507 2.453928 0.220944
v -0.349926 2.483008 -0.382462
v -0.111209 2.455566 0.437485
v -0.111708 2.182336 0.468108
v -0.118307 2.824522 0.254693
v -0.107594 2.662275 0.366409
v -0.139189 2.955364 -0.118045
v -0.576166 2.407543 -0.097822
v -0.552519 2.170148 -0.091946
v -0.409185 2.926434 -0.100986
v -0.310655 2.653311 0.303018
v -0.355288 2.780899 0.210219
v -0.308786 2.183976 0.379106
v -0.314024 2.453226 0.355932
v -0.119390 2.498550 -0.464702
v -0.110132 2.206232 -0.455535
v -0.118217 2.769187 -0.452058
v -0.096968 1.934221 0.412523
v -0.271154 1.940280 0.341759
v -0.091317 1.946225 -0.391264
v -0.261626 1.937664 -0.323586
v -0.374096 2.893351 -0.281971
v -0.476037 2.177042 -0.251604
v -0.510202 2.441427 -0.252895
v -0.121888 2.937141 -0.335128
v -0.415628 2.868212 0.069307
v -0.138683 2.920624 0.086879
v -0.572193 2.431602 0.064366
v -0.544957 2.179063 0.079262
v -0.398254 1.949589 0.230097
v -0.472560 1.950210 0.083377
v -0.470284 1.942408 -0.076771
v -0.392117 1.936599 -0.219012
v -0.509010 2.698364 -0.250338
v -0.556049 2.693373 -0.096199
v -0.565125 2.674546 0.054865
v -0.096830 1.866635 0.287232
v -0.114519 1.880354 0.107343
v -0.112261 1.875338 -0.103143
v -0.091129 1.863680 -0.272014
v -0.275388 1.872057 0.245652
v -0.326134 1.877818 0.094753
v -0.320140 1.869704 -0.079377
v -0.260484 1.859276 -0.223682
vn 0.7809 0.2380 0.5776
vn 0.9155 0.2820 0.2868
vn 0.8768 0.4068 0.2566
vn 0.7655 0.3535 0.5376
vn 0.9528 0.2982 -0.0570
vn 0.9046 0.4203 -0.0711
vn 0.8591 0.5058 -0.0780
vn 0.8360 0.5002 0.2258
vn 0.7411 0.4595 0.4896
vn 0.8302 0.5517 -0.0807
vn 0.8086 0.5535 0.1995
vn 0.2372 0.9685 -0.0764
vn 0.2287 0.9727 0.0392
vn 0.1919 0.9700 0.1492
vn 0.7206 0.5321 0.4445
vn 0.4895 0.3270 -0.8084
vn 0.4870 0.4517 -0.7475
vn 0.5766 0.4819 -0.6598
vn 0.5954 0.3803 -0.7077
vn 0.1325 0.9569 -0.2583
vn 0.1414 0.9597 -0.2429
vn 0.1738 0.9600 -0.2195
vn 0.6828 0.5059 -0.5271
vn 0.7082 0.4306 -0.5595
vn 0.4167 0.0621 0.9069
vn 0.3150 0.0099 0.9491
vn 0.5547 0.1273 0.8223
vn 0.5980 0.1679 0.7837
vn 0.1797 0.0433 0.9828
vn 0.4875 0.1617 0.8580
vn 0.7358 0.2304 0.6368
vn 0.7706 0.1876 0.6091
vn -0.4900 -0.4314 0.7575
vn -0.0377 -0.4253 0.9043
vn -0.0253 -0.5987 0.8006
vn -0.2447 -0.8199 0.5176
vn 0.1778 -0.2232 0.9584
vn 0.1026 -0.3158 0.9432
vn -0.0000 -0.3448 0.9387
vn -0.0000 -0.6578 0.7532
vn -0.0000 -0.9035 0.4285
vn 0.2793 0.2544 0.9259
vn 0.2707 0.4342 0.8591
vn 0.1601 0.4302 0.8884
vn 0.1636 0.2329 0.9586
vn 0.0520 0.9576 0.2834
vn 0.0437 0.9565 0.2885
vn -0.0000 0.9546 0.2980
vn -0.0000 0.4300 0.9028
vn -0.0000 0.2260 0.9741
vn -0.0000 -0.3113 -0.9503
vn -0.0000 -0.0485 -0.9988
vn 0.1422 -0.0311 -0.9894
vn 0.0928 -0.2835 -0.9545
vn -0.0000 0.1738 -0.9848
vn 0.1698 0.1865 -0.9677
vn 0.2962 0.2221 -0.9290
vn 0.2588 0.0189 -0.9657
vn 0.1824 -0.2002 -0.9626
vn 0.7786 0.5300 -0.3361
vn 0.8054 0.4759 -0.3533
vn 0.2101 0.9632 -0.1675
vn 0.0904 -0.1911 0.9774
vn -0.1656 -0.1511 0.9745
vn 0.2703 -0.0807 0.9594
vn 0.1220 -0.5864 0.8007
vn 0.0661 0.0855 0.9941
vn -0.3285 -0.0310 0.9440
vn -0.1928 -0.6599 0.7262
vn -0.7196 -0.0876 0.6889
vn -0.4804 -0.6879 0.5441
vn 0.9216 -0.3879 0.0099
vn 0.9475 0.3197 -0.0059
vn 0.8779 0.3218 0.3547
vn 0.8631 -0.3868 0.3247
vn 0.9640 0.2652 -0.0174
vn 0.9045 0.2627 0.3360
vn 0.6934 0.2809 0.6635
vn 0.6883 -0.4248 0.5881
vn 0.1615 -0.7263 -0.6681
vn 0.1316 -0.1011 -0.9861
vn 0.4613 0.0522 -0.8857
vn 0.4296 -0.6201 -0.6565
vn 0.2506 -0.0786 -0.9649
vn 0.5288 0.0701 -0.8458
vn 0.7491 0.1752 -0.6389
vn 0.7208 0.1841 -0.6682
vn 0.6756 -0.5117 -0.5308
vn -0.7156 -0.6982 0.0210
vn -0.9965 -0.0836 -0.0063
vn -0.9204 -0.1769 -0.3486
vn -0.6155 -0.7516 -0.2371
vn -0.9428 -0.3332 -0.0084
vn -0.8352 -0.4483 -0.3187
vn -0.4080 -0.5108 -0.7567
vn -0.6552 -0.2714 -0.7050
vn -0.3884 -0.8050 -0.4485
vn -0.2447 -0.2374 -0.9401
vn -0.1078 -0.8000 -0.5902
vn -0.0719 -0.2739 -0.9591
vn 0.4164 0.1982 0.8873
vn 0.4276 -0.4990 0.7537
vn -0.9415 -0.0714 0.3292
vn -0.6673 -0.6855 0.2910
vn -0.8679 -0.3985 0.2967
vn 0.8901 0.2742 -0.3641
vn 0.8521 -0.4320 -0.2954
vn 0.9024 0.2377 -0.3595
vn -0.0000 -0.8851 -0.4655
vn -0.2328 -0.8014 -0.5510
vn -0.4464 -0.8625 -0.2382
vn -0.0000 -0.9859 -0.1671
vn -0.5609 -0.8278 -0.0135
vn -0.0000 -1.0000 -0.0088
vn 0.2581 0.0193 0.9659
vn 0.1500 -0.0312 0.9882
vn -0.0000 -0.0480 0.9988
vn 0.4814 0.3392 0.8082
vn 0.4712 0.4650 0.7495
vn 0.3620 0.4446 0.8193
vn 0.3729 0.2901 0.8814
vn 0.0907 0.9559 0.2793
vn 0.0596 0.9552 0.2899
vn 0.9243 0.2180 0.3134
vn 0.9727 0.2291 -0.0367
vn -0.0000 -0.6200 -0.7846
vn -0.0253 -0.5654 -0.8244
vn -0.0045 -0.4211 -0.9070
vn -0.0000 0.3317 -0.9434
vn 0.1945 0.3421 -0.9193
vn -0.0000 0.9084 -0.4180
vn 0.1151 0.9156 -0.3853
vn 0.1541 0.9314 -0.3297
vn 0.3248 0.3725 -0.8694
vn 0.6139 0.2761 0.7395
vn 0.6100 0.3995 0.6844
vn 0.4688 0.1877 0.8631
vn -0.4624 -0.8619 0.2083
vn -0.0000 -0.9898 0.1426
vn 0.3513 0.0975 0.9312
vn 0.4104 0.4133 -0.8129
vn 0.3937 0.2722 -0.8780
vn 0.1462 0.9467 -0.2870
vn 0.5972 0.4974 0.6293
vn 0.1395 0.9623 0.2334
vn 0.8840 0.2824 -0.3727
vn 0.8438 0.3904 -0.3683
vn 0.7561 0.2381 -0.6097
vn 0.7355 0.3334 -0.5899
vn 0.9046 0.2186 -0.3659
vn 0.7621 0.1799 -0.6220
vn 0.4801 0.1791 -0.8587
vn 0.3641 0.0937 -0.9266
vn 0.4400 0.0576 -0.8961
vn 0.2928 -0.0751 -0.9532
vn 0.1419 -0.2212 -0.9648
vn 0.3617 -0.0302 -0.9318
vn 0.5767 0.1011 -0.8107
vn 0.6021 0.1645 -0.7813
vn 0.6078 0.2611 -0.7500
vn 0.7860 -0.0781 -0.6132
vn 0.1465 0.0386 -0.9885
vn 0.1851 0.4213 -0.8878
vn 0.8183 0.1893 -0.5427
vn 0.0203 0.0650 -0.9977
vn 0.0488 0.4560 -0.8887
vn 0.0721 0.7695 -0.6345
vn 0.2086 0.7343 -0.6460
vn 0.8340 0.4060 -0.3736
vn 0.6335 -0.7723 0.0480
vn -0.0235 -0.9986 -0.0479
vn 0.0069 -0.9090 -0.4168
vn 0.6624 -0.7210 -0.2036
vn -0.0429 -0.9974 -0.0587
vn -0.0391 -0.9056 -0.4224
vn -0.0279 -0.6721 -0.7399
vn 0.0507 -0.6803 -0.7312
vn 0.7014 -0.5728 -0.4243
vn 0.6891 -0.1531 0.7084
vn 0.0510 -0.0744 0.9959
vn 0.0103 -0.4506 0.8927
vn 0.6573 -0.3886 0.6457
vn 0.0135 -0.0884 0.9960
vn -0.0018 -0.4736 0.8807
vn -0.0223 -0.7713 0.6361
vn -0.0208 -0.7539 0.6567
vn 0.6325 -0.5880 0.5041
vn 0.8371 0.5332 0.1221
vn 0.2264 0.9711 0.0759
vn 0.2019 0.8580 0.4723
vn 0.8161 0.4392 0.3756
vn 0.0840 0.9917 0.0969
vn 0.0636 0.8640 0.4995
vn 0.0381 0.6082 0.7928
vn 0.1492 0.6141 0.7750
vn 0.7724 0.2813 0.5695
vn 0.0959 0.2982 0.9497
vn 0.7285 0.0798 0.6803
vn 0.0233 0.2906 0.9566
vn 0.0991 -0.3462 -0.9329
vn 0.7459 -0.3462 -0.5690
vn -0.0074 -0.3289 -0.9443
vn 0.2216 0.9233 -0.3137
vn 0.8401 0.5242 -0.1393
vn 0.0851 0.9512 -0.2965
vn -0.0333 -0.9445 0.3269
vn 0.6251 -0.7224 0.2957
vn -0.0376 -0.9509 0.3073
vn -0.2653 -0.8833 -0.3865
vn -0.2868 -0.6531 -0.7009
vn -0.2406 -0.9700 -0.0357
vn -0.6123 -0.7887 0.0549
vn -0.7841 -0.6127 -0.0989
vn -0.7093 -0.5309 -0.4638
vn -0.2206 -0.9309 0.2912
vn -0.2055 -0.7748 0.5978
vn -0.5661 -0.6590 0.4952
vn -0.7126 -0.6394 0.2887
vn -0.1982 -0.5094 0.8374
vn -0.2032 -0.1383 0.9693
vn -0.5832 -0.1817 0.7918
vn -0.7077 -0.4035 0.5800
vn -0.2126 0.2401 0.9472
vn -0.2181 0.5656 0.7953
vn -0.6126 0.4097 0.6760
vn -0.7401 0.0778 0.6679
vn -0.2118 0.8176 0.5354
vn -0.1970 0.9674 0.1592
vn -0.6141 0.7613 0.2082
vn -0.7623 0.4906 0.4221
vn -0.1980 0.9550 -0.2208
vn -0.2191 0.7961 -0.5640
vn -0.6683 0.6566 -0.3497
vn -0.7880 0.6156 -0.0084
vn -0.2486 0.4955 -0.8323
vn -0.2726 0.1065 -0.9562
vn -0.7282 0.1073 -0.6769
vn -0.8508 0.3421 -0.3989
vn -0.2885 -0.2989 -0.9097
vn -0.8654 -0.2085 -0.4556
vn -0.9823 -0.0602 0.1775
vn 0.3340 0.0413 -0.9417
vn 0.3297 0.1801 -0.9267
vn 0.4575 0.1351 -0.8789
vn 0.4722 0.0231 -0.8812
vn 0.3123 0.5392 -0.7821
vn 0.4604 0.4447 -0.7683
vn 0.6290 0.3178 -0.7095
vn 0.6616 0.1060 -0.7424
vn 0.6500 0.0060 -0.7599
vn 0.8640 0.0544 0.5005
vn 0.8326 0.1976 0.5174
vn 0.6877 0.2041 0.6967
vn 0.7212 0.0953 0.6861
vn 0.6668 0.4801 0.5700
vn 0.5634 0.4561 0.6889
vn 0.4760 0.4006 0.7829
vn 0.5362 0.2362 0.8104
vn 0.5849 0.1592 0.7953
vn 0.8548 -0.2648 0.4464
vn 0.8685 -0.1233 0.4802
vn 0.7759 -0.0915 0.6242
vn 0.7697 -0.2344 0.5938
vn 0.8640 -0.0479 0.5013
vn 0.7618 -0.0102 0.6478
vn 0.6621 0.0282 0.7489
vn 0.6797 -0.0681 0.7303
vn 0.6699 -0.2206 0.7089
vn 0.3322 -0.2773 -0.9015
vn 0.3397 -0.1181 -0.9331
vn 0.4710 -0.1383 -0.8712
vn 0.4594 -0.2966 -0.8372
vn 0.3360 -0.0474 -0.9407
vn 0.4702 -0.0612 -0.8804
vn 0.6204 -0.0796 -0.7803
vn 0.6138 -0.1634 -0.7724
vn 0.5916 -0.3205 -0.7397
vn 0.8633 0.0062 0.5047
vn 0.7431 0.0504 0.6673
vn 0.6284 0.1062 0.7706
vn 0.3354 -0.0075 -0.9421
vn 0.4742 -0.0183 -0.8802
vn 0.6336 -0.0315 -0.7730
vn 0.3954 0.0967 0.9134
vn 0.3656 0.2196 0.9045
vn 0.1992 0.2455 0.9487
vn 0.2102 0.1137 0.9710
vn 0.3297 0.2907 0.8982
vn 0.1900 0.3179 0.9289
vn -0.0000 0.3244 0.9459
vn -0.0000 0.2519 0.9677
vn -0.0000 0.1185 0.9930
vn 0.3943 -0.2366 0.8880
vn 0.4083 -0.0448 0.9118
vn 0.2163 -0.0388 0.9756
vn 0.2101 -0.2420 0.9473
vn -0.0000 -0.0365 0.9993
vn -0.0000 -0.2428 0.9701
vn 0.2319 0.8008 0.5521
vn 0.1261 0.8501 0.5113
vn 0.1537 0.7354 0.6600
vn 0.2494 0.7021 0.6670
vn -0.0000 0.8702 0.4926
vn -0.0000 0.7542 0.6567
vn -0.0000 0.5683 0.8228
vn 0.1717 0.5537 0.8149
vn 0.2658 0.5264 0.8076
vn 0.2943 0.3632 0.8840
vn 0.1826 0.3900 0.9025
vn -0.0000 0.3988 0.9170
vn 0.1525 0.9770 -0.1488
vn 0.0437 0.9938 -0.1018
vn 0.0324 0.9993 0.0187
vn 0.1244 0.9920 0.0233
vn -0.0000 0.9959 -0.0902
vn -0.0000 0.9999 0.0130
vn -0.0000 0.9873 0.1587
vn 0.0508 0.9821 0.1811
vn 0.1455 0.9608 0.2361
vn 0.9016 -0.1036 -0.4200
vn 0.9198 -0.0225 -0.3918
vn 0.9813 -0.0107 -0.1921
vn 0.9758 -0.1000 -0.1946
vn 0.9381 0.0419 -0.3439
vn 0.9806 0.0581 -0.1870
vn 0.9986 0.0519 -0.0141
vn 0.9996 -0.0139 0.0247
vn 0.9943 -0.0934 0.0512
vn 0.8341 -0.3586 -0.4191
vn 0.8808 -0.2002 -0.4290
vn 0.9590 -0.1990 -0.2019
vn 0.9113 -0.3565 -0.2061
vn 0.9818 -0.1840 0.0477
vn 0.9412 -0.3365 0.0301
vn 0.7915 0.5464 -0.2737
vn 0.4260 0.8766 -0.2239
vn 0.4135 0.9105 -0.0098
vn 0.8085 0.5811 -0.0930
vn 0.4135 0.8752 0.2512
vn 0.8039 0.5780 0.1402
vn 0.3909 0.3079 0.8674
vn 0.4519 0.2331 0.8611
vn 0.3496 0.4846 0.8018
vn 0.3940 0.7095 0.5842
vn 0.3637 0.6484 0.6688
vn 0.5643 -0.0537 0.8238
vn 0.5479 -0.2254 0.8056
vn 0.5470 0.0659 0.8345
vn 0.5062 0.1684 0.8458
vn -0.0000 -0.0301 -0.9995
vn -0.0000 0.0049 -1.0000
vn 0.1816 0.0010 -0.9834
vn 0.1853 -0.0356 -0.9820
vn -0.0000 0.0452 -0.9990
vn 0.1828 0.0460 -0.9821
vn -0.0000 -0.2563 -0.9666
vn -0.0000 -0.0986 -0.9951
vn 0.1897 -0.1041 -0.9763
vn 0.1849 -0.2624 -0.9471
vn -0.0000 0.1953 -0.9807
vn 0.1867 0.1950 -0.9629
vn -0.0000 0.5971 -0.8021
vn 0.1673 0.5887 -0.7908
vn -0.0000 -0.8834 0.4685
vn 0.0928 -0.8774 0.4708
vn 0.1733 -0.5506 0.8166
vn -0.0000 -0.5573 0.8303
vn 0.1971 -0.8531 0.4831
vn 0.3295 -0.5263 0.7839
vn 0.3321 -0.8001 0.4996
vn 0.4730 -0.4819 0.7376
vn 0.4880 -0.7061 0.5130
vn 0.6116 -0.4525 0.6489
vn 0.1534 -0.5247 -0.8373
vn -0.0000 -0.5217 -0.8531
vn 0.2829 -0.5275 -0.8011
vn 0.1646 -0.8238 -0.5425
vn 0.0782 -0.8311 -0.5507
vn -0.0000 -0.8308 -0.5565
vn 0.4220 -0.7336 -0.5326
vn 0.2799 -0.7974 -0.5345
vn 0.4003 -0.5232 -0.7523
vn 0.5293 -0.5312 -0.6616
vn 0.4510 0.7542 -0.4772
vn 0.7454 0.4589 -0.4835
vn 0.2341 0.8736 -0.4267
vn 0.7598 -0.1871 -0.6226
vn 0.7229 -0.3444 -0.5990
vn 0.7772 -0.0974 -0.6216
vn 0.8018 -0.0348 -0.5965
vn 0.8349 0.0155 -0.5501
vn 0.0999 0.9198 -0.3795
vn -0.0000 0.9299 -0.3679
vn 0.4057 0.7799 0.4766
vn 0.7606 0.5266 0.3797
vn 0.1916 0.8796 0.4354
vn 0.0879 0.9268 0.3650
vn -0.0000 0.9417 0.3363
vn 0.9623 -0.0159 0.2715
vn 0.9520 -0.0780 0.2959
vn 0.9717 0.0424 0.2322
vn 0.9453 -0.1569 0.2861
vn 0.9177 -0.3025 0.2576
vn 0.4987 -0.7974 0.3397
vn 0.7056 -0.4843 0.5173
vn 0.4934 -0.8425 0.2164
vn 0.7584 -0.5341 0.3737
vn 0.4747 -0.8714 0.1233
vn 0.7877 -0.5792 0.2099
vn 0.4604 -0.8871 0.0334
vn 0.7911 -0.6112 0.0238
vn 0.4543 -0.8884 -0.0655
vn 0.7646 -0.6220 -0.1686
vn 0.4519 -0.8724 -0.1860
vn 0.7116 -0.6086 -0.3510
vn 0.4392 -0.8302 -0.3431
vn 0.6363 -0.5726 -0.5170
vn 0.8563 0.1390 -0.4974
vn 0.9387 0.1788 -0.2946
vn 0.9669 0.1950 -0.1647
vn 0.9792 0.2030 -0.0022
vn 0.9470 0.2014 0.2504
vn -0.0000 -0.9984 0.0568
vn 0.0092 -0.9978 0.0663
vn -0.0000 -0.9968 -0.0803
vn -0.0249 -0.9969 -0.0752
vn 0.0055 -0.9987 -0.0514
vn 0.0628 -0.9930 0.0998
vn -0.0000 -0.9993 -0.0366
vn -0.0312 -0.9990 -0.0329
vn -0.0000 -0.9997 0.0226
vn -0.0376 -0.9989 0.0262
vn -0.0201 -0.9992 0.0351
vn -0.0087 -0.9998 -0.0180
vn -0.0000 -0.9977 0.0684
vn -0.0459 -0.9963 0.0728
vn -0.0000 -0.9979 0.0652
vn -0.0497 -0.9963 0.0696
vn -0.0340 -0.9971 0.0680
vn -0.0316 -0.9965 0.0770
vn -0.0000 -0.9895 -0.1446
vn -0.0110 -0.9895 -0.1444
vn 0.0271 -0.9878 -0.1533
vn 0.2146 -0.9621 0.1680
vn 0.1736 -0.9841 0.0372
vn 0.1433 -0.9893 0.0288
vn 0.1267 -0.9911 0.0406
vn 0.1249 -0.9913 0.0404
vn 0.1394 -0.9902 -0.0080
vn 0.1688 -0.9670 -0.1910
vn -0.7809 0.2380 0.5776
vn -0.7655 0.3535 0.5376
vn -0.8768 0.4068 0.2566
vn -0.9155 0.2820 0.2868
vn -0.7411 0.4595 0.4896
vn -0.8360 0.5002 0.2258
vn -0.8591 0.5058 -0.0780
vn -0.9046 0.4203 -0.0711
vn -0.9528 0.2982 -0.0570
vn -0.8086 0.5535 0.1995
vn -0.8302 0.5517 -0.0807
vn -0.7206 0.5321 0.4445
vn -0.1919 0.9700 0.1492
vn -0.2287 0.9727 0.0392
vn -0.2372 0.9685 -0.0764
vn -0.4895 0.3270 -0.8084
vn -0.5954 0.3803 -0.7077
vn -0.5766 0.4819 -0.6598
vn -0.4870 0.4517 -0.7475
vn -0.7082 0.4306 -0.5595
vn -0.6828 0.5059 -0.5271
vn -0.1738 0.9600 -0.2195
vn -0.1414 0.9597 -0.2429
vn -0.1325 0.9569 -0.2583
vn -0.4167 0.0621 0.9069
vn -0.5980 0.1679 0.7837
vn -0.5547 0.1273 0.8223
vn -0.3150 0.0099 0.9491
vn -0.7706 0.1876 0.6091
vn -0.7358 0.2304 0.6368
vn -0.4875 0.1617 0.8580
vn -0.1797 0.0433 0.9828
vn 0.4900 -0.4314 0.7575
vn 0.2447 -0.8199 0.5176
vn 0.0253 -0.5987 0.8006
vn 0.0377 -0.4253 0.9043
vn -0.1026 -0.3158 0.9432
vn -0.1778 -0.2232 0.9584
vn -0.2793 0.2544 0.9259
vn -0.1636 0.2329 0.9586
vn -0.1601 0.4302 0.8884
vn -0.2707 0.4342 0.8591
vn -0.0437 0.9565 0.2885
vn -0.0520 0.9576 0.2834
vn -0.0928 -0.2835 -0.9545
vn -0.1422 -0.0311 -0.9894
vn -0.1824 -0.2002 -0.9626
vn -0.2588 0.0189 -0.9657
vn -0.2962 0.2221 -0.9290
vn -0.1698 0.1865 -0.9677
vn -0.8054 0.4759 -0.3533
vn -0.7786 0.5300 -0.3361
vn -0.2101 0.9632 -0.1675
vn 0.1656 -0.1511 0.9745
vn -0.0904 -0.1911 0.9774
vn -0.2703 -0.0807 0.9594
vn -0.1220 -0.5864 0.8007
vn 0.1928 -0.6599 0.7262
vn 0.3285 -0.0310 0.9440
vn -0.0661 0.0855 0.9941
vn 0.4804 -0.6879 0.5441
vn 0.7196 -0.0876 0.6889
vn -0.9216 -0.3879 0.0099
vn -0.8631 -0.3868 0.3247
vn -0.8779 0.3218 0.3547
vn -0.9475 0.3197 -0.0059
vn -0.6883 -0.4248 0.5881
vn -0.6934 0.2809 0.6635
vn -0.9045 0.2627 0.3360
vn -0.9640 0.2652 -0.0174
vn -0.1615 -0.7263 -0.6681
vn -0.4296 -0.6201 -0.6565
vn -0.4613 0.0522 -0.8857
vn -0.1316 -0.1011 -0.9861
vn -0.6756 -0.5117 -0.5308
vn -0.7208 0.1841 -0.6682
vn -0.7491 0.1752 -0.6389
vn -0.5288 0.0701 -0.8458
vn -0.2506 -0.0786 -0.9649
vn 0.7156 -0.6982 0.0210
vn 0.6155 -0.7516 -0.2371
vn 0.9204 -0.1769 -0.3486
vn 0.9965 -0.0836 -0.0063
vn 0.3884 -0.8050 -0.4485
vn 0.6552 -0.2714 -0.7050
vn 0.4080 -0.5108 -0.7567
vn 0.8352 -0.4483 -0.3187
vn 0.9428 -0.3332 -0.0084
vn 0.1078 -0.8000 -0.5902
vn 0.2447 -0.2374 -0.9401
vn 0.0719 -0.2739 -0.9591
vn -0.4276 -0.4990 0.7537
vn -0.4164 0.1982 0.8873
vn 0.6673 -0.6855 0.2910
vn 0.9415 -0.0714 0.3292
vn 0.8679 -0.3985 0.2967
vn -0.8521 -0.4320 -0.2954
vn -0.8901 0.2742 -0.3641
vn -0.9024 0.2377 -0.3595
vn 0.4464 -0.8625 -0.2382
vn 0.2328 -0.8014 -0.5510
vn 0.5609 -0.8278 -0.0135
vn -0.1500 -0.0312 0.9882
vn -0.2581 0.0193 0.9659
vn -0.4814 0.3392 0.8082
vn -0.3729 0.2901 0.8814
vn -0.3620 0.4446 0.8193
vn -0.4712 0.4650 0.7495
vn -0.0596 0.9552 0.2899
vn -0.0907 0.9559 0.2793
vn -0.9243 0.2180 0.3134
vn -0.9727 0.2291 -0.0367
vn 0.0253 -0.5654 -0.8244
vn 0.0045 -0.4211 -0.9070
vn -0.1945 0.3421 -0.9193
vn -0.3248 0.3725 -0.8694
vn -0.1541 0.9314 -0.3297
vn -0.1151 0.9156 -0.3853
vn -0.6139 0.2761 0.7395
vn -0.4688 0.1877 0.8631
vn -0.6100 0.3995 0.6844
vn 0.4624 -0.8619 0.2083
vn -0.3513 0.0975 0.9312
vn -0.3937 0.2722 -0.8780
vn -0.4104 0.4133 -0.8129
vn -0.1462 0.9467 -0.2870
vn -0.5972 0.4974 0.6293
vn -0.1395 0.9623 0.2334
vn -0.8438 0.3904 -0.3683
vn -0.8840 0.2824 -0.3727
vn -0.7355 0.3334 -0.5899
vn -0.7561 0.2381 -0.6097
vn -0.9046 0.2186 -0.3659
vn -0.7621 0.1799 -0.6220
vn -0.3641 0.0937 -0.9266
vn -0.4801 0.1791 -0.8587
vn -0.2928 -0.0751 -0.9532
vn -0.4400 0.0576 -0.8961
vn -0.3617 -0.0302 -0.9318
vn -0.1419 -0.2212 -0.9648
vn -0.5767 0.1011 -0.8107
vn -0.6021 0.1645 -0.7813
vn -0.6078 0.2611 -0.7500
vn -0.7860 -0.0781 -0.6132
vn -0.8183 0.1893 -0.5427
vn -0.1851 0.4213 -0.8878
vn -0.1465 0.0386 -0.9885
vn -0.8340 0.4060 -0.3736
vn -0.2086 0.7343 -0.6460
vn -0.0721 0.7695 -0.6345
vn -0.0488 0.4560 -0.8887
vn -0.0203 0.0650 -0.9977
vn -0.6335 -0.7723 0.0480
vn -0.6624 -0.7210 -0.2036
vn -0.0069 -0.9090 -0.4168
vn 0.0235 -0.9986 -0.0479
vn -0.7014 -0.5728 -0.4243
vn -0.0507 -0.6803 -0.7312
vn 0.0279 -0.6721 -0.7399
vn 0.0391 -0.9056 -0.4224
vn 0.0429 -0.9974 -0.0587
vn -0.6891 -0.1531 0.7084
vn -0.6573 -0.3886 0.6457
vn -0.0103 -0.4506 0.8927
vn -0.0510 -0.0744 0.9959
vn -0.6325 -0.5880 0.5041
vn 0.0208 -0.7539 0.6567
vn 0.0223 -0.7713 0.6361
vn 0.0018 -0.4736 0.8807
vn -0.0135 -0.0884 0.9960
vn -0.8371 0.5332 0.1221
vn -0.8161 0.4392 0.3756
vn -0.2019 0.8580 0.4723
vn -0.2264 0.9711 0.0759
vn -0.7724 0.2813 0.5695
vn -0.1492 0.6141 0.7750
vn -0.0381 0.6082 0.7928
vn -0.0636 0.8640 0.4995
vn -0.0840 0.9917 0.0969
vn -0.7285 0.0798 0.6803
vn -0.0959 0.2982 0.9497
vn -0.0233 0.2906 0.9566
vn -0.7459 -0.3462 -0.5690
vn -0.0991 -0.3462 -0.9329
vn 0.0074 -0.3289 -0.9443
vn -0.8401 0.5242 -0.1393
vn -0.2216 0.9233 -0.3137
vn -0.0851 0.9512 -0.2965
vn -0.6251 -0.7224 0.2957
vn 0.0333 -0.9445 0.3269
vn 0.0376 -0.9509 0.3073
vn 0.2868 -0.6531 -0.7009
vn 0.2653 -0.8833 -0.3865
vn 0.7093 -0.5309 -0.4638
vn 0.7841 -0.6127 -0.0989
vn 0.6123 -0.7887 0.0549
vn 0.2406 -0.9700 -0.0357
vn 0.2206 -0.9309 0.2912
vn 0.7126 -0.6394 0.2887
vn 0.5661 -0.6590 0.4952
vn 0.2055 -0.7748 0.5978
vn 0.1982 -0.5094 0.8374
vn 0.7077 -0.4035 0.5800
vn 0.5832 -0.1817 0.7918
vn 0.2032 -0.1383 0.9693
vn 0.2126 0.2401 0.9472
vn 0.7401 0.0778 0.6679
vn 0.6126 0.4097 0.6760
vn 0.2181 0.5656 0.7953
vn 0.2118 0.8176 0.5354
vn 0.7623 0.4906 0.4221
vn 0.6141 0.7613 0.2082
vn 0.1970 0.9674 0.1592
vn 0.1980 0.9550 -0.2208
vn 0.7880 0.6156 -0.0084
vn 0.6683 0.6566 -0.3497
vn 0.2191 0.7961 -0.5640
vn 0.2486 0.4955 -0.8323
vn 0.8508 0.3421 -0.3989
vn 0.7282 0.1073 -0.6769
vn 0.2726 0.1065 -0.9562
vn 0.2885 -0.2989 -0.9097
vn 0.8654 -0.2085 -0.4556
vn 0.9823 -0.0602 0.1775
vn -0.3340 0.0413 -0.9417
vn -0.4722 0.0231 -0.8812
vn -0.4575 0.1351 -0.8789
vn -0.3297 0.1801 -0.9267
vn -0.6500 0.0060 -0.7599
vn -0.6616 0.1060 -0.7424
vn -0.6290 0.3178 -0.7095
vn -0.4604 0.4447 -0.7683
vn -0.3123 0.5392 -0.7821
vn -0.8641 0.0544 0.5005
vn -0.7212 0.0953 0.6861
vn -0.6877 0.2041 0.6967
vn -0.8326 0.1976 0.5174
vn -0.5849 0.1592 0.7953
vn -0.5362 0.2362 0.8104
vn -0.4760 0.4006 0.7829
vn -0.5634 0.4561 0.6889
vn -0.6668 0.4801 0.5700
vn -0.8548 -0.2648 0.4464
vn -0.7697 -0.2344 0.5938
vn -0.7759 -0.0915 0.6242
vn -0.8685 -0.1233 0.4802
vn -0.6699 -0.2206 0.7089
vn -0.6797 -0.0681 0.7303
vn -0.6621 0.0282 0.7489
vn -0.7618 -0.0102 0.6478
vn -0.8640 -0.0479 0.5013
vn -0.3322 -0.2773 -0.9015
vn -0.4594 -0.2966 -0.8372
vn -0.4710 -0.1383 -0.8712
vn -0.3397 -0.1181 -0.9331
vn -0.5916 -0.3205 -0.7397
vn -0.6138 -0.1634 -0.7724
vn -0.6204 -0.0796 -0.7803
vn -0.4702 -0.0612 -0.8804
vn -0.3360 -0.0474 -0.9407
vn -0.7431 0.0504 0.6673
vn -0.8633 0.0062 0.5047
vn -0.6284 0.1062 0.7706
vn -0.4742 -0.0183 -0.8802
vn -0.3354 -0.0075 -0.9421
vn -0.6336 -0.0315 -0.7730
vn -0.3954 0.0967 0.9134
vn -0.2102 0.1137 0.9710
vn -0.1992 0.2455 0.9487
vn -0.3656 0.2196 0.9045
vn -0.1900 0.3179 0.9289
vn -0.3297 0.2907 0.8982
vn -0.3943 -0.2366 0.8880
vn -0.2101 -0.2420 0.9473
vn -0.2163 -0.0388 0.9756
vn -0.4083 -0.0448 0.9118
vn -0.2319 0.8008 0.5521
vn -0.2494 0.7021 0.6670
vn -0.1537 0.7354 0.6600
vn -0.1261 0.8501 0.5113
vn -0.2658 0.5264 0.8076
vn -0.1717 0.5537 0.8149
vn -0.1826 0.3900 0.9025
vn -0.2943 0.3632 0.8840
vn -0.1525 0.9770 -0.1488
vn -0.1244 0.9920 0.0233
vn -0.0324 0.9993 0.0187
vn -0.0437 0.9938 -0.1018
vn -0.1455 0.9608 0.2361
vn -0.0508 0.9821 0.1811
vn -0.9016 -0.1036 -0.4200
vn -0.9758 -0.1000 -0.1946
vn -0.9813 -0.0107 -0.1921
vn -0.9198 -0.0225 -0.3918
vn -0.9943 -0.0934 0.0512
vn -0.9996 -0.0139 0.0247
vn -0.9986 0.0519 -0.0141
vn -0.9806 0.0581 -0.1870
vn -0.9381 0.0419 -0.3439
vn -0.8341 -0.3586 -0.4191
vn -0.9113 -0.3565 -0.2061
vn -0.9590 -0.1990 -0.2019
vn -0.8808 -0.2002 -0.4290
vn -0.9412 -0.3365 0.0301
vn -0.9818 -0.1840 0.0477
vn -0.7915 0.5464 -0.2737
vn -0.8085 0.5811 -0.0930
vn -0.4135 0.9105 -0.0098
vn -0.4260 0.8766 -0.2239
vn -0.8039 0.5780 0.1402
vn -0.4135 0.8752 0.2512
vn -0.4519 0.2331 0.8611
vn -0.3909 0.3079 0.8674
vn -0.3496 0.4846 0.8018
vn -0.3637 0.6484 0.6688
vn -0.3940 0.7095 0.5842
vn -0.5479 -0.2254 0.8056
vn -0.5643 -0.0537 0.8238
vn -0.5470 0.0659 0.8345
vn -0.5062 0.1684 0.8458
vn -0.1853 -0.0356 -0.9820
vn -0.1816 0.0010 -0.9834
vn -0.1828 0.0460 -0.9821
vn -0.1849 -0.2624 -0.9471
vn -0.1897 -0.1041 -0.9763
vn -0.1867 0.1950 -0.9629
vn -0.1673 0.5887 -0.7908
vn -0.1733 -0.5506 0.8166
vn -0.0928 -0.8774 0.4708
vn -0.3295 -0.5263 0.7839
vn -0.1971 -0.8531 0.4831
vn -0.4730 -0.4819 0.7376
vn -0.3321 -0.8001 0.4996
vn -0.6116 -0.4525 0.6489
vn -0.4880 -0.7061 0.5130
vn -0.1534 -0.5247 -0.8373
vn -0.0782 -0.8311 -0.5507
vn -0.1646 -0.8238 -0.5425
vn -0.2829 -0.5275 -0.8011
vn -0.4220 -0.7336 -0.5326
vn -0.5293 -0.5312 -0.6616
vn -0.4003 -0.5232 -0.7523
vn -0.2799 -0.7974 -0.5345
vn -0.7454 0.4589 -0.4835
vn -0.4510 0.7542 -0.4772
vn -0.2341 0.8736 -0.4267
vn -0.7229 -0.3444 -0.5990
vn -0.7598 -0.1871 -0.6226
vn -0.7772 -0.0974 -0.6216
vn -0.8018 -0.0348 -0.5965
vn -0.8349 0.0155 -0.5501
vn -0.0999 0.9198 -0.3795
vn -0.7606 0.5266 0.3797
vn -0.4057 0.7799 0.4766
vn -0.1916 0.8796 0.4354
vn -0.0879 0.9268 0.3650
vn -0.9520 -0.0780 0.2959
vn -0.9623 -0.0159 0.2715
vn -0.9717 0.0424 0.2322
vn -0.9177 -0.3025 0.2576
vn -0.9453 -0.1569 0.2861
vn -0.7056 -0.4844 0.5173
vn -0.4987 -0.7974 0.3397
vn -0.7584 -0.5341 0.3737
vn -0.4934 -0.8425 0.2164
vn -0.7877 -0.5792 0.2099
vn -0.4747 -0.8714 0.1233
vn -0.7911 -0.6112 0.0238
vn -0.4604 -0.8871 0.0334
vn -0.7646 -0.6220 -0.1686
vn -0.4543 -0.8884 -0.0655
vn -0.7116 -0.6086 -0.3510
vn -0.4519 -0.8724 -0.1860
vn -0.6363 -0.5726 -0.5170
vn -0.4392 -0.8302 -0.3431
vn -0.8563 0.1390 -0.4974
vn -0.9387 0.1788 -0.2946
vn -0.9669 0.1950 -0.1647
vn -0.9792 0.2030 -0.0022
vn -0.9470 0.2014 0.2504
vn -0.0092 -0.9978 0.0663
vn -0.0628 -0.9930 0.0998
vn -0.0055 -0.9987 -0.0514
vn 0.0249 -0.9969 -0.0752
vn 0.0312 -0.9990 -0.0329
vn 0.0087 -0.9998 -0.0180
vn 0.0201 -0.9992 0.0351
vn 0.0376 -0.9989 0.0262
vn 0.0459 -0.9963 0.0728
vn 0.0316 -0.9965 0.0770
vn 0.0340 -0.9971 0.0680
vn 0.0497 -0.9963 0.0696
vn 0.0110 -0.9895 -0.1444
vn -0.0271 -0.9878 -0.1533
vn -0.2146 -0.9621 0.1680
vn -0.1736 -0.9841 0.0372
vn -0.1433 -0.9893 0.0288
vn -0.1267 -0.9911 0.0406
vn -0.1249 -0.9913 0.0404
vn -0.1394 -0.9902 -0.0080
vn -0.1688 -0.9670 -0.1910
vn -0.7801 -0.2380 -0.5786
vn -0.7648 -0.3539 -0.5384
vn -0.8763 -0.4075 -0.2570
vn -0.9153 -0.2820 -0.2876
vn -0.9042 -0.4211 0.0718
vn -0.9527 -0.2983 0.0574
vn -0.8354 -0.5010 -0.2259
vn -0.8586 -0.5066 0.0785
vn -0.7405 -0.4600 -0.4899
vn -0.8081 -0.5541 -0.1997
vn -0.8297 -0.5522 0.0812
vn -0.9510 0.1998 -0.2358
vn -0.9787 0.2018 0.0383
vn -0.7201 -0.5325 -0.4447
vn -0.8593 0.2147 -0.4643
vn -0.4893 -0.3274 0.8083
vn -0.5951 -0.3807 0.7078
vn -0.5761 -0.4826 0.6597
vn -0.4869 -0.4526 0.7470
vn -0.6971 0.2372 0.6766
vn -0.5786 0.2581 0.7737
vn -0.6823 -0.5063 0.5274
vn -0.8238 0.2251 0.5203
vn -0.7078 -0.4310 0.5597
vn -0.4154 -0.0620 -0.9075
vn -0.5969 -0.1681 -0.7845
vn -0.5539 -0.1282 -0.8226
vn -0.3136 -0.0114 -0.9495
vn -0.4879 -0.1627 -0.8576
vn -0.1805 -0.0453 -0.9825
vn -0.7701 -0.1879 -0.6097
vn -0.7358 -0.2310 -0.6366
vn 0.5044 0.4348 -0.7460
vn 0.2550 0.8127 -0.5239
vn 0.0246 0.5969 -0.8019
vn 0.0398 0.4272 -0.9033
vn -0.1040 0.3152 -0.9433
vn -0.1790 0.2239 -0.9580
vn -0.0000 0.6549 -0.7557
vn -0.0000 0.3441 -0.9389
vn -0.0000 0.8994 -0.4370
vn -0.2800 -0.2553 -0.9254
vn -0.1645 -0.2341 -0.9582
vn -0.1608 -0.4319 -0.8875
vn -0.2710 -0.4357 -0.8583
vn -0.1915 0.2586 -0.9468
vn -0.3359 0.2525 -0.9074
vn -0.0000 -0.4317 -0.9020
vn -0.0000 0.2641 -0.9645
vn -0.0000 -0.2272 -0.9738
vn -0.0000 0.3101 0.9507
vn -0.0943 0.2826 0.9546
vn -0.1430 0.0308 0.9892
vn -0.0000 0.0482 0.9988
vn -0.1706 -0.1872 0.9674
vn -0.0000 -0.1743 0.9847
vn -0.2596 -0.0189 0.9655
vn -0.2968 -0.2229 0.9286
vn -0.1838 0.2004 0.9623
vn -0.8047 -0.4765 0.3540
vn -0.7780 -0.5303 0.3368
vn -0.9283 0.2128 0.3048
vn 0.1647 0.1459 -0.9755
vn -0.0862 0.1920 -0.9776
vn -0.2697 0.0820 -0.9594
vn 0.1068 -0.8088 -0.5783
vn 0.3411 -0.7529 -0.5629
vn 0.3252 0.0321 -0.9451
vn -0.0669 -0.0859 -0.9940
vn 0.7177 0.0952 -0.6898
vn 0.5407 -0.7356 -0.4081
vn -0.3576 -0.9339 -0.0004
vn -0.3115 -0.9327 -0.1815
vn -0.8778 -0.3220 -0.3547
vn -0.9474 -0.3199 0.0059
vn -0.9043 -0.2630 -0.3361
vn -0.9639 -0.2656 0.0175
vn -0.6934 -0.2812 -0.6635
vn -0.2224 -0.9124 -0.3437
vn 0.0774 -0.6649 0.7429
vn -0.1618 -0.7724 0.6141
vn -0.4611 -0.0530 0.8858
vn -0.1317 0.1002 0.9862
vn -0.5291 -0.0714 0.8456
vn -0.2510 0.0768 0.9649
vn -0.7206 -0.1847 0.6683
vn -0.7490 -0.1760 0.6388
vn -0.3026 -0.8601 0.4106
vn 0.6854 -0.7282 -0.0029
vn 0.7106 -0.6642 0.2320
vn 0.9208 0.1825 0.3447
vn 0.9960 0.0888 0.0062
vn 0.8329 0.4587 0.3096
vn 0.9326 0.3609 0.0087
vn 0.6534 0.2768 0.7046
vn 0.4189 0.5143 0.7483
vn 0.6210 -0.5895 0.5165
vn 0.3724 -0.5814 0.7234
vn 0.2421 0.2370 0.9409
vn 0.0714 0.2699 0.9602
vn -0.0890 -0.8681 -0.4883
vn -0.4166 -0.1987 -0.8871
vn 0.6413 -0.7407 -0.2004
vn 0.9423 0.0794 -0.3252
vn 0.8680 0.4059 -0.2859
vn -0.3621 -0.9105 0.1995
vn -0.8899 -0.2745 0.3643
vn -0.9021 -0.2382 0.3598
vn -0.0000 0.8817 0.4718
vn -0.0000 0.9849 0.1729
vn 0.4580 0.8582 0.2317
vn 0.2391 0.7978 0.5535
vn 0.5595 0.8288 0.0108
vn -0.0000 1.0000 0.0088
vn -0.1511 0.0311 -0.9880
vn -0.2592 -0.0191 -0.9656
vn -0.0000 0.0479 -0.9989
vn -0.4813 -0.3394 -0.8082
vn -0.3731 -0.2906 -0.8811
vn -0.3619 -0.4456 -0.8188
vn -0.4709 -0.4655 -0.7494
vn -0.4625 0.2541 -0.8494
vn -0.5964 0.2499 -0.7628
vn -0.9240 -0.2180 -0.3141
vn -0.9727 -0.2290 0.0370
vn 0.0234 0.5645 0.8251
vn -0.0000 0.6174 0.7866
vn 0.0047 0.4224 0.9064
vn -0.1958 -0.3429 0.9187
vn -0.0000 -0.3322 0.9432
vn -0.1918 0.3839 0.9032
vn -0.0000 0.4077 0.9131
vn -0.3257 -0.3736 0.8686
vn -0.3442 0.3385 0.8757
vn -0.6131 -0.2760 -0.7402
vn -0.6094 -0.3997 -0.6847
vn -0.4684 -0.1873 -0.8634
vn -0.0000 0.9887 -0.1498
vn 0.4722 0.8572 -0.2057
vn -0.3517 -0.0968 -0.9311
vn -0.3939 -0.2729 0.8777
vn -0.4107 -0.4143 0.8122
vn -0.4669 0.2947 0.8338
vn -0.5967 -0.4978 -0.6294
vn -0.7335 0.2342 -0.6380
vn -0.8431 -0.3909 0.3693
vn -0.8834 -0.2825 0.3738
vn -0.7350 -0.3337 0.5903
vn -0.7555 -0.2384 0.6102
vn -0.9042 -0.2188 0.3667
vn -0.7617 -0.1804 0.6222
vn -0.3643 -0.0935 0.9266
vn -0.4799 -0.1790 0.8588
vn -0.2930 0.0754 0.9531
vn -0.4396 -0.0580 0.8963
vn -0.3612 0.0288 0.9320
vn -0.1401 0.2214 0.9651
vn -0.5765 -0.1021 0.8107
vn -0.6017 -0.1651 0.7815
vn -0.6074 -0.2613 0.7502
vn 0.6038 -0.1436 0.7841
vn 0.5725 -0.4058 0.7124
vn -0.1855 -0.4210 0.8879
vn -0.1468 -0.0379 0.9884
vn -0.0504 -0.4554 0.8888
vn -0.0219 -0.0642 0.9977
vn -0.2090 -0.7343 0.6458
vn -0.0737 -0.7694 0.6345
vn 0.5547 -0.6249 0.5494
vn 0.7586 0.6372 0.1359
vn 0.7250 0.5531 0.4104
vn -0.0068 0.9093 0.4160
vn 0.0236 0.9986 0.0474
vn 0.0375 0.9059 0.4219
vn 0.0416 0.9974 0.0585
vn -0.0508 0.6807 0.7308
vn 0.0261 0.6725 0.7397
vn 0.6846 0.3708 0.6276
vn 0.7005 -0.0581 -0.7113
vn 0.7406 0.2411 -0.6272
vn -0.0104 0.4510 -0.8925
vn -0.0512 0.0744 -0.9959
vn 0.0001 0.4742 -0.8804
vn -0.0153 0.0881 -0.9960
vn 0.0208 0.7539 -0.6566
vn 0.0210 0.7715 -0.6359
vn 0.7678 0.4761 -0.4288
vn 0.5286 -0.8479 0.0411
vn 0.5422 -0.7962 -0.2686
vn -0.2021 -0.8575 -0.4731
vn -0.2270 -0.9710 -0.0753
vn -0.0649 -0.8635 -0.5002
vn -0.0856 -0.9917 -0.0955
vn -0.1491 -0.6132 -0.7758
vn -0.0393 -0.6072 -0.7935
vn 0.5914 -0.6168 -0.5194
vn 0.6477 -0.3598 -0.6716
vn -0.0958 -0.2981 -0.9497
vn -0.0249 -0.2910 -0.9564
vn 0.6403 0.1270 0.7575
vn -0.0993 0.3467 0.9327
vn 0.0057 0.3292 0.9442
vn 0.5375 -0.7789 0.3231
vn -0.2220 -0.9231 0.3140
vn -0.0866 -0.9508 0.2976
vn 0.7726 0.6146 -0.1593
vn 0.0334 0.9444 -0.3271
vn 0.0365 0.9510 -0.3071
vn 0.2782 0.6551 0.7025
vn 0.2584 0.8848 0.3877
vn 0.2345 0.9715 0.0356
vn 0.7793 0.6188 0.0987
vn 0.6128 0.7882 -0.0562
vn 0.7104 0.5311 0.4618
vn 0.2161 0.9322 -0.2904
vn 0.2002 0.7762 -0.5979
vn 0.7075 0.6443 -0.2905
vn 0.5666 0.6594 -0.4942
vn 0.1934 0.5106 -0.8378
vn 0.1973 0.1383 -0.9705
vn 0.7041 0.4073 -0.5817
vn 0.5834 0.1829 -0.7913
vn 0.2067 -0.2422 -0.9480
vn 0.2117 -0.5662 -0.7966
vn 0.7373 -0.0775 -0.6711
vn 0.6137 -0.4083 -0.6758
vn 0.2063 -0.8184 -0.5363
vn 0.1901 -0.9688 -0.1592
vn 0.7584 -0.4929 -0.4265
vn 0.6157 -0.7596 -0.2097
vn 0.1911 -0.9560 0.2224
vn 0.2104 -0.7977 0.5651
vn 0.7828 -0.6222 0.0079
vn 0.6707 -0.6557 0.3467
vn 0.2397 -0.4959 0.8346
vn 0.2629 -0.1062 0.9590
vn 0.8468 -0.3461 0.4038
vn 0.7307 -0.1071 0.6743
vn 0.2792 0.2989 0.9125
vn 0.8623 0.2111 0.4603
vn 0.9813 0.0625 -0.1820
vn -0.3342 -0.0408 0.9416
vn -0.4713 -0.0224 0.8817
vn -0.4569 -0.1311 0.8798
vn -0.3304 -0.1749 0.9275
vn -0.4596 -0.4415 0.7706
vn -0.3129 -0.5375 0.7831
vn -0.6606 -0.1028 0.7437
vn -0.6279 -0.3148 0.7118
vn -0.6487 -0.0049 0.7610
vn -0.8635 -0.0533 -0.5016
vn -0.7205 -0.0946 -0.6869
vn -0.6874 -0.2017 -0.6977
vn -0.8327 -0.1950 -0.5183
vn -0.5624 -0.4558 -0.6899
vn -0.6656 -0.4794 -0.5720
vn -0.5359 -0.2340 -0.8112
vn -0.4755 -0.4004 -0.7833
vn -0.5846 -0.1589 -0.7956
vn -0.8549 0.2624 -0.4476
vn -0.7697 0.2323 -0.5947
vn -0.7757 0.0909 -0.6245
vn -0.8681 0.1227 -0.4809
vn -0.7614 0.0101 -0.6482
vn -0.8635 0.0479 -0.5021
vn -0.6800 0.0676 -0.7301
vn -0.6622 -0.0282 -0.7488
vn -0.6702 0.2189 -0.7091
vn -0.3327 0.2761 0.9017
vn -0.4595 0.2957 0.8375
vn -0.4707 0.1376 0.8715
vn -0.3398 0.1174 0.9331
vn -0.4698 0.0611 0.8807
vn -0.3360 0.0473 0.9407
vn -0.6134 0.1629 0.7728
vn -0.6197 0.0795 0.7808
vn -0.5914 0.3197 0.7403
vn -0.7426 -0.0503 -0.6679
vn -0.8627 -0.0059 -0.5056
vn -0.6283 -0.1063 -0.7707
vn -0.4737 0.0184 0.8805
vn -0.3354 0.0075 0.9420
vn -0.6328 0.0317 0.7737
vn -0.3959 -0.0969 -0.9132
vn -0.2105 -0.1140 -0.9709
vn -0.1995 -0.2461 -0.9485
vn -0.3658 -0.2202 -0.9043
vn -0.1906 -0.3181 -0.9287
vn -0.3299 -0.2911 -0.8980
vn -0.0000 -0.2524 -0.9676
vn -0.0000 -0.3245 -0.9459
vn -0.0000 -0.1188 -0.9929
vn -0.3954 0.2349 -0.8880
vn -0.2108 0.2400 -0.9476
vn -0.2167 0.0382 -0.9755
vn -0.4089 0.0442 -0.9115
vn -0.0000 0.0359 -0.9994
vn -0.0000 0.2407 -0.9706
vn -0.2315 -0.8010 -0.5520
vn -0.2492 -0.7028 -0.6663
vn -0.1543 -0.7360 -0.6591
vn -0.1265 -0.8504 -0.5107
vn -0.0000 -0.7550 -0.6557
vn -0.0000 -0.8708 -0.4916
vn -0.1725 -0.5531 -0.8150
vn -0.0000 -0.5679 -0.8231
vn -0.2659 -0.5260 -0.8079
vn -0.1835 -0.3890 -0.9028
vn -0.2947 -0.3623 -0.8842
vn -0.0000 -0.3978 -0.9175
vn -0.1491 -0.9781 0.1455
vn -0.1204 -0.9925 -0.0235
vn -0.0316 -0.9993 -0.0182
vn -0.0421 -0.9944 0.0972
vn -0.0000 -0.9999 -0.0124
vn -0.0000 -0.9963 0.0857
vn -0.0503 -0.9823 -0.1805
vn -0.0000 -0.9875 -0.1579
vn -0.1423 -0.9610 -0.2370
vn -0.9016 0.1034 0.4201
vn -0.9758 0.0997 0.1948
vn -0.9813 0.0101 0.1923
vn -0.9199 0.0220 0.3915
vn -0.9805 -0.0580 0.1876
vn -0.9384 -0.0417 0.3431
vn -0.9996 0.0136 -0.0242
vn -0.9986 -0.0512 0.0162
vn -0.9943 0.0932 -0.0514
vn -0.8343 0.3571 0.4201
vn -0.9119 0.3546 0.2068
vn -0.9590 0.1985 0.2021
vn -0.8808 0.1998 0.4293
vn -0.9818 0.1835 -0.0482
vn -0.9420 0.3343 -0.0303
vn -0.7927 -0.5446 0.2739
vn -0.8095 -0.5795 0.0940
vn -0.4094 -0.9123 0.0097
vn -0.4221 -0.8787 0.2228
vn -0.4090 -0.8766 -0.2536
vn -0.8047 -0.5766 -0.1415
vn -0.4518 -0.2332 -0.8611
vn -0.3908 -0.3069 -0.8678
vn -0.3486 -0.4843 -0.8024
vn -0.3617 -0.6497 -0.6686
vn -0.3897 -0.7104 -0.5860
vn -0.5489 0.2240 -0.8053
vn -0.5650 0.0532 -0.8234
vn -0.5475 -0.0661 -0.8342
vn -0.5063 -0.1688 -0.8457
vn -0.0000 0.0299 0.9996
vn -0.1856 0.0355 0.9820
vn -0.1818 -0.0010 0.9833
vn -0.0000 -0.0049 1.0000
vn -0.1831 -0.0453 0.9821
vn -0.0000 -0.0443 0.9990
vn -0.0000 0.2548 0.9670
vn -0.1855 0.2610 0.9473
vn -0.1901 0.1034 0.9763
vn -0.0000 0.0979 0.9952
vn -0.1876 -0.1890 0.9639
vn -0.0000 -0.1890 0.9820
vn -0.1680 -0.5880 0.7913
vn -0.0000 -0.5968 0.8024
vn -0.0000 0.8859 -0.4639
vn -0.0000 0.5544 -0.8322
vn -0.1743 0.5475 -0.8185
vn -0.0926 0.8797 -0.4664
vn -0.3313 0.5224 -0.7857
vn -0.1964 0.8552 -0.4796
vn -0.4755 0.4776 -0.7388
vn -0.3312 0.8012 -0.4984
vn -0.6133 0.4474 -0.6509
vn -0.4877 0.7060 -0.5136
vn -0.0000 0.5190 0.8547
vn -0.1543 0.5219 0.8390
vn -0.2844 0.5243 0.8027
vn -0.0783 0.8323 0.5487
vn -0.1644 0.8244 0.5416
vn -0.0000 0.8324 0.5542
vn -0.4228 0.7315 0.5349
vn -0.5300 0.5284 0.6632
vn -0.4021 0.5204 0.7533
vn -0.2799 0.7966 0.5358
vn -0.7462 -0.4572 0.4838
vn -0.4481 -0.7567 0.4761
vn -0.2324 -0.8763 0.4220
vn -0.7227 0.3433 0.5999
vn -0.7596 0.1867 0.6231
vn -0.7770 0.0974 0.6220
vn -0.8019 0.0348 0.5964
vn -0.8352 -0.0149 0.5497
vn -0.0992 -0.9229 0.3720
vn -0.0000 -0.9334 0.3589
vn -0.7609 -0.5252 -0.3810
vn -0.4001 -0.7800 -0.4812
vn -0.1902 -0.8793 -0.4367
vn -0.0881 -0.9269 -0.3650
vn -0.0000 -0.9419 -0.3359
vn -0.9518 0.0780 -0.2966
vn -0.9623 0.0160 -0.2714
vn -0.9721 -0.0412 -0.2309
vn -0.9182 0.3000 -0.2587
vn -0.9451 0.1564 -0.2870
vn -0.7064 0.4809 -0.5194
vn -0.4977 0.7982 -0.3395
vn -0.7593 0.5318 -0.3750
vn -0.4900 0.8445 -0.2162
vn -0.7886 0.5777 -0.2108
vn -0.4708 0.8736 -0.1230
vn -0.7921 0.6099 -0.0237
vn -0.4563 0.8892 -0.0334
vn -0.7655 0.6207 0.1695
vn -0.4507 0.8903 0.0652
vn -0.7124 0.6068 0.3526
vn -0.4491 0.8740 0.1855
vn -0.6365 0.5702 0.5194
vn -0.4389 0.8307 0.3426
vn -0.8569 -0.1356 0.4973
vn -0.9398 -0.1745 0.2938
vn -0.9675 -0.1898 0.1672
vn -0.9801 -0.1983 0.0067
vn -0.9482 -0.1980 -0.2484
vn -0.0072 0.9984 -0.0563
vn -0.0000 0.9989 -0.0465
vn 0.0258 0.9966 0.0779
vn -0.0000 0.9966 0.0824
vn -0.0595 0.9941 -0.0912
vn -0.0021 0.9984 0.0558
vn 0.0313 0.9990 0.0329
vn -0.0000 0.9993 0.0365
vn 0.0376 0.9990 -0.0262
vn -0.0000 0.9997 -0.0226
vn 0.0102 0.9998 0.0187
vn 0.0213 0.9992 -0.0350
vn 0.0458 0.9963 -0.0727
vn -0.0000 0.9977 -0.0684
vn 0.0508 0.9959 -0.0743
vn -0.0000 0.9976 -0.0690
vn 0.0335 0.9964 -0.0778
vn 0.0382 0.9965 -0.0749
vn 0.0126 0.9907 0.1355
vn -0.0000 0.9908 0.1352
vn -0.0250 0.9889 0.1464
vn -0.2119 0.9636 -0.1633
vn -0.1670 0.9854 -0.0323
vn -0.1369 0.9902 -0.0265
vn -0.1207 0.9919 -0.0407
vn -0.1186 0.9920 -0.0430
vn -0.1343 0.9909 0.0036
vn -0.1670 0.9680 0.1871
vn 0.7801 -0.2380 -0.5786
vn 0.9153 -0.2820 -0.2876
vn 0.8763 -0.4075 -0.2570
vn 0.7648 -0.3539 -0.5384
vn 0.8354 -0.5010 -0.2259
vn 0.7405 -0.4600 -0.4899
vn 0.9042 -0.4211 0.0718
vn 0.8586 -0.5066 0.0785
vn 0.9527 -0.2983 0.0574
vn 0.8297 -0.5522 0.0812
vn 0.8081 -0.5541 -0.1997
vn 0.7201 -0.5325 -0.4447
vn 0.9510 0.1998 -0.2358
vn 0.8593 0.2147 -0.4643
vn 0.9787 0.2018 0.0383
vn 0.4893 -0.3275 0.8083
vn 0.4869 -0.4526 0.7470
vn 0.5761 -0.4826 0.6597
vn 0.5951 -0.3807 0.7078
vn 0.6823 -0.5063 0.5274
vn 0.7078 -0.4310 0.5597
vn 0.6971 0.2372 0.6766
vn 0.8238 0.2251 0.5203
vn 0.5786 0.2581 0.7737
vn 0.4154 -0.0620 -0.9075
vn 0.3136 -0.0114 -0.9495
vn 0.5539 -0.1282 -0.8226
vn 0.5969 -0.1681 -0.7845
vn 0.7701 -0.1879 -0.6097
vn 0.4879 -0.1627 -0.8576
vn 0.7358 -0.2310 -0.6366
vn 0.1805 -0.0453 -0.9825
vn -0.5044 0.4348 -0.7460
vn -0.0398 0.4272 -0.9033
vn -0.0246 0.5969 -0.8019
vn -0.2550 0.8127 -0.5239
vn 0.1040 0.3152 -0.9433
vn 0.1790 0.2239 -0.9580
vn 0.2800 -0.2553 -0.9254
vn 0.2710 -0.4357 -0.8583
vn 0.1608 -0.4319 -0.8875
vn 0.1645 -0.2341 -0.9582
vn 0.1915 0.2586 -0.9468
vn 0.3359 0.2525 -0.9074
vn 0.1430 0.0308 0.9892
vn 0.0943 0.2826 0.9546
vn 0.2596 -0.0189 0.9655
vn 0.1838 0.2004 0.9623
vn 0.1706 -0.1872 0.9674
vn 0.2968 -0.2229 0.9286
vn 0.7780 -0.5303 0.3368
vn 0.8047 -0.4765 0.3540
vn 0.9283 0.2128 0.3048
vn 0.0862 0.1920 -0.9776
vn -0.1647 0.1459 -0.9755
vn 0.2697 0.0820 -0.9594
vn -0.1068 -0.8088 -0.5783
vn 0.0669 -0.0859 -0.9940
vn -0.3252 0.0321 -0.9451
vn -0.3411 -0.7529 -0.5629
vn -0.7177 0.0952 -0.6898
vn -0.5407 -0.7356 -0.4081
vn 0.3576 -0.9339 -0.0004
vn 0.9474 -0.3199 0.0059
vn 0.8778 -0.3220 -0.3547
vn 0.3115 -0.9327 -0.1815
vn 0.6934 -0.2812 -0.6635
vn 0.2224 -0.9124 -0.3437
vn 0.9043 -0.2630 -0.3361
vn 0.9639 -0.2656 0.0175
vn -0.0774 -0.6649 0.7429
vn 0.1317 0.1002 0.9862
vn 0.4611 -0.0530 0.8858
vn 0.1618 -0.7724 0.6141
vn 0.7206 -0.1847 0.6683
vn 0.3026 -0.8601 0.4106
vn 0.5291 -0.0714 0.8456
vn 0.7490 -0.1760 0.6388
vn 0.2510 0.0768 0.9649
vn -0.6854 -0.7282 -0.0029
vn -0.9960 0.0888 0.0062
vn -0.9208 0.1825 0.3447
vn -0.7106 -0.6642 0.2320
vn -0.6534 0.2768 0.7046
vn -0.6210 -0.5895 0.5165
vn -0.8329 0.4587 0.3096
vn -0.4189 0.5143 0.7483
vn -0.9326 0.3609 0.0087
vn -0.2421 0.2370 0.9409
vn -0.3724 -0.5814 0.7234
vn -0.0714 0.2699 0.9602
vn 0.4166 -0.1987 -0.8871
vn 0.0890 -0.8681 -0.4883
vn -0.9423 0.0794 -0.3252
vn -0.6413 -0.7407 -0.2004
vn -0.8680 0.4059 -0.2859
vn 0.8899 -0.2745 0.3643
vn 0.3621 -0.9105 0.1995
vn 0.9021 -0.2382 0.3598
vn -0.2391 0.7978 0.5535
vn -0.4580 0.8582 0.2317
vn -0.5595 0.8288 0.0108
vn 0.2592 -0.0191 -0.9656
vn 0.1511 0.0311 -0.9880
vn 0.4813 -0.3394 -0.8082
vn 0.4709 -0.4655 -0.7494
vn 0.3619 -0.4456 -0.8188
vn 0.3731 -0.2906 -0.8811
vn 0.4625 0.2541 -0.8494
vn 0.5964 0.2499 -0.7628
vn 0.9240 -0.2180 -0.3141
vn 0.9727 -0.2290 0.0370
vn -0.0234 0.5645 0.8251
vn -0.0047 0.4224 0.9064
vn 0.1958 -0.3429 0.9187
vn 0.3257 -0.3736 0.8686
vn 0.1918 0.3839 0.9032
vn 0.3442 0.3385 0.8757
vn 0.6131 -0.2760 -0.7402
vn 0.4684 -0.1873 -0.8634
vn 0.6094 -0.3997 -0.6847
vn -0.4722 0.8572 -0.2057
vn 0.3517 -0.0968 -0.9311
vn 0.4107 -0.4143 0.8122
vn 0.3939 -0.2729 0.8777
vn 0.4669 0.2947 0.8338
vn 0.5967 -0.4978 -0.6294
vn 0.7335 0.2342 -0.6380
vn 0.8834 -0.2825 0.3738
vn 0.8431 -0.3909 0.3693
vn 0.7350 -0.3337 0.5903
vn 0.7555 -0.2384 0.6102
vn 0.9042 -0.2188 0.3667
vn 0.7617 -0.1804 0.6222
vn 0.4799 -0.1790 0.8588
vn 0.3643 -0.0935 0.9266
vn 0.2930 0.0754 0.9531
vn 0.4396 -0.0580 0.8963
vn 0.1401 0.2214 0.9651
vn 0.3612 0.0288 0.9320
vn 0.5765 -0.1021 0.8107
vn 0.6017 -0.1651 0.7815
vn 0.6074 -0.2613 0.7502
vn -0.6038 -0.1436 0.7841
vn 0.1468 -0.0379 0.9884
vn 0.1855 -0.4210 0.8879
vn -0.5725 -0.4058 0.7124
vn 0.2090 -0.7343 0.6458
vn -0.5547 -0.6249 0.5494
vn 0.0504 -0.4554 0.8888
vn 0.0737 -0.7694 0.6345
vn 0.0219 -0.0642 0.9977
vn -0.7586 0.6372 0.1359
vn -0.0236 0.9986 0.0474
vn 0.0068 0.9093 0.4160
vn -0.7250 0.5531 0.4104
vn 0.0508 0.6807 0.7308
vn -0.6846 0.3708 0.6276
vn -0.0375 0.9059 0.4219
vn -0.0261 0.6725 0.7397
vn -0.0416 0.9974 0.0585
vn -0.7005 -0.0581 -0.7113
vn 0.0512 0.0744 -0.9959
vn 0.0104 0.4510 -0.8925
vn -0.7406 0.2411 -0.6272
vn -0.0208 0.7539 -0.6566
vn -0.7678 0.4761 -0.4288
vn -0.0001 0.4742 -0.8804
vn -0.0210 0.7715 -0.6359
vn 0.0153 0.0881 -0.9960
vn -0.5286 -0.8479 0.0411
vn 0.2270 -0.9710 -0.0753
vn 0.2021 -0.8575 -0.4731
vn -0.5422 -0.7962 -0.2686
vn 0.1491 -0.6132 -0.7758
vn -0.5914 -0.6168 -0.5194
vn 0.0649 -0.8635 -0.5002
vn 0.0393 -0.6072 -0.7935
vn 0.0856 -0.9917 -0.0955
vn 0.0958 -0.2981 -0.9497
vn -0.6477 -0.3598 -0.6716
vn 0.0249 -0.2910 -0.9564
vn 0.0993 0.3467 0.9327
vn -0.6403 0.1270 0.7575
vn -0.0057 0.3292 0.9442
vn 0.2220 -0.9231 0.3140
vn -0.5375 -0.7789 0.3231
vn 0.0866 -0.9508 0.2976
vn -0.0334 0.9444 -0.3271
vn -0.7726 0.6146 -0.1593
vn -0.0365 0.9510 -0.3071
vn -0.2584 0.8848 0.3877
vn -0.2782 0.6551 0.7025
vn -0.7793 0.6188 0.0987
vn -0.7104 0.5311 0.4618
vn -0.2345 0.9715 0.0356
vn -0.6128 0.7882 -0.0562
vn -0.2161 0.9322 -0.2904
vn -0.7075 0.6443 -0.2905
vn -0.2002 0.7762 -0.5979
vn -0.5666 0.6594 -0.4942
vn -0.1934 0.5106 -0.8378
vn -0.7041 0.4073 -0.5817
vn -0.1973 0.1383 -0.9705
vn -0.5834 0.1829 -0.7913
vn -0.2067 -0.2422 -0.9480
vn -0.7373 -0.0775 -0.6711
vn -0.2117 -0.5662 -0.7966
vn -0.6137 -0.4083 -0.6758
vn -0.2063 -0.8184 -0.5363
vn -0.7584 -0.4929 -0.4265
vn -0.1901 -0.9688 -0.1592
vn -0.6157 -0.7596 -0.2097
vn -0.1911 -0.9560 0.2224
vn -0.7828 -0.6222 0.0079
vn -0.2104 -0.7977 0.5651
vn -0.6707 -0.6557 0.3467
vn -0.2397 -0.4959 0.8346
vn -0.8468 -0.3461 0.4038
vn -0.2629 -0.1062 0.9590
vn -0.7307 -0.1071 0.6743
vn -0.2792 0.2989 0.9125
vn -0.8623 0.2111 0.4603
vn -0.9813 0.0625 -0.1820
vn 0.3342 -0.0408 0.9416
vn 0.3304 -0.1749 0.9275
vn 0.4569 -0.1311 0.8798
vn 0.4713 -0.0224 0.8817
vn 0.6606 -0.1028 0.7437
vn 0.6487 -0.0049 0.7610
vn 0.4596 -0.4415 0.7706
vn 0.6279 -0.3148 0.7118
vn 0.3129 -0.5375 0.7831
vn 0.8635 -0.0533 -0.5016
vn 0.8327 -0.1950 -0.5183
vn 0.6874 -0.2017 -0.6977
vn 0.7205 -0.0946 -0.6869
vn 0.5359 -0.2340 -0.8112
vn 0.5846 -0.1589 -0.7956
vn 0.5624 -0.4558 -0.6899
vn 0.4755 -0.4004 -0.7833
vn 0.6656 -0.4794 -0.5720
vn 0.8549 0.2624 -0.4476
vn 0.8681 0.1227 -0.4809
vn 0.7757 0.0909 -0.6245
vn 0.7697 0.2323 -0.5947
vn 0.6800 0.0676 -0.7301
vn 0.6702 0.2189 -0.7091
vn 0.7614 0.0101 -0.6482
vn 0.6622 -0.0282 -0.7488
vn 0.8635 0.0479 -0.5021
vn 0.3327 0.2761 0.9017
vn 0.3398 0.1174 0.9331
vn 0.4707 0.1376 0.8715
vn 0.4595 0.2957 0.8375
vn 0.6134 0.1629 0.7728
vn 0.5914 0.3197 0.7403
vn 0.4698 0.0611 0.8807
vn 0.6197 0.0795 0.7808
vn 0.3360 0.0473 0.9407
vn 0.8627 -0.0059 -0.5056
vn 0.7426 -0.0503 -0.6679
vn 0.6283 -0.1063 -0.7707
vn 0.3354 0.0075 0.9420
vn 0.4737 0.0184 0.8805
vn 0.6328 0.0317 0.7737
vn 0.3959 -0.0969 -0.9132
vn 0.3658 -0.2202 -0.9043
vn 0.1995 -0.2461 -0.9485
vn 0.2105 -0.1140 -0.9709
vn 0.1906 -0.3181 -0.9287
vn 0.3299 -0.2911 -0.8980
vn 0.3954 0.2349 -0.8880
vn 0.4089 0.0442 -0.9115
vn 0.2167 0.0382 -0.9755
vn 0.2108 0.2400 -0.9476
vn 0.2315 -0.8010 -0.5520
vn 0.1265 -0.8504 -0.5107
vn 0.1543 -0.7360 -0.6591
vn 0.2492 -0.7028 -0.6663
vn 0.1725 -0.5531 -0.8150
vn 0.2659 -0.5260 -0.8079
vn 0.2947 -0.3623 -0.8842
vn 0.1835 -0.3890 -0.9028
vn 0.1491 -0.9781 0.1455
vn 0.0421 -0.9944 0.0972
vn 0.0316 -0.9993 -0.0182
vn 0.1204 -0.9925 -0.0235
vn 0.0503 -0.9823 -0.1805
vn 0.1423 -0.9610 -0.2370
vn 0.9016 0.1034 0.4201
vn 0.9199 0.0220 0.3915
vn 0.9813 0.0101 0.1923
vn 0.9758 0.0997 0.1948
vn 0.9996 0.0136 -0.0242
vn 0.9943 0.0932 -0.0514
vn 0.9805 -0.0580 0.1876
vn 0.9986 -0.0512 0.0162
vn 0.9384 -0.0417 0.3431
vn 0.8343 0.3571 0.4201
vn 0.8808 0.1998 0.4293
vn 0.9590 0.1985 0.2021
vn 0.9119 0.3546 0.2068
vn 0.9818 0.1835 -0.0482
vn 0.9420 0.3343 -0.0303
vn 0.7927 -0.5446 0.2739
vn 0.4221 -0.8787 0.2228
vn 0.4094 -0.9123 0.0097
vn 0.8095 -0.5795 0.0940
vn 0.4090 -0.8766 -0.2536
vn 0.8047 -0.5766 -0.1415
vn 0.3908 -0.3069 -0.8678
vn 0.4518 -0.2332 -0.8611
vn 0.3486 -0.4843 -0.8024
vn 0.3897 -0.7104 -0.5860
vn 0.3617 -0.6497 -0.6686
vn 0.5650 0.0532 -0.8234
vn 0.5489 0.2240 -0.8053
vn 0.5475 -0.0661 -0.8342
vn 0.5063 -0.1688 -0.8457
vn 0.1818 -0.0010 0.9833
vn 0.1856 0.0355 0.9820
vn 0.1831 -0.0453 0.9821
vn 0.1901 0.1034 0.9763
vn 0.1855 0.2610 0.9473
vn 0.1876 -0.1890 0.9639
vn 0.1680 -0.5880 0.7913
vn 0.0926 0.8797 -0.4664
vn 0.1743 0.5475 -0.8185
vn 0.3313 0.5224 -0.7857
vn 0.1964 0.8552 -0.4796
vn 0.3312 0.8012 -0.4984
vn 0.4755 0.4776 -0.7388
vn 0.6133 0.4474 -0.6509
vn 0.4877 0.7060 -0.5136
vn 0.1543 0.5219 0.8390
vn 0.0783 0.8323 0.5487
vn 0.2844 0.5243 0.8027
vn 0.1644 0.8244 0.5416
vn 0.4228 0.7315 0.5349
vn 0.2799 0.7966 0.5358
vn 0.4021 0.5204 0.7533
vn 0.5300 0.5284 0.6632
vn 0.4481 -0.7567 0.4761
vn 0.7462 -0.4572 0.4838
vn 0.2324 -0.8763 0.4220
vn 0.7596 0.1867 0.6231
vn 0.7227 0.3433 0.5999
vn 0.7770 0.0974 0.6220
vn 0.8019 0.0348 0.5964
vn 0.8352 -0.0149 0.5497
vn 0.0992 -0.9229 0.3720
vn 0.4001 -0.7800 -0.4812
vn 0.7609 -0.5252 -0.3810
vn 0.1902 -0.8793 -0.4367
vn 0.0881 -0.9269 -0.3650
vn 0.9623 0.0160 -0.2714
vn 0.9518 0.0780 -0.2966
vn 0.9721 -0.0412 -0.2309
vn 0.9451 0.1564 -0.2870
vn 0.9182 0.3000 -0.2587
vn 0.4977 0.7982 -0.3395
vn 0.7064 0.4809 -0.5194
vn 0.7593 0.5318 -0.3750
vn 0.4900 0.8445 -0.2162
vn 0.4708 0.8736 -0.1230
vn 0.7886 0.5777 -0.2108
vn 0.7921 0.6099 -0.0237
vn 0.4563 0.8892 -0.0334
vn 0.4507 0.8903 0.0652
vn 0.7655 0.6207 0.1695
vn 0.7124 0.6068 0.3526
vn 0.4491 0.8740 0.1855
vn 0.4389 0.8307 0.3426
vn 0.6365 0.5702 0.5194
vn 0.8569 -0.1356 0.4973
vn 0.9398 -0.1745 0.2938
vn 0.9675 -0.1898 0.1672
vn 0.9801 -0.1983 0.0067
vn 0.9482 -0.1980 -0.2484
vn 0.0072 0.9984 -0.0563
vn 0.0595 0.9941 -0.0912
vn -0.0258 0.9966 0.0779
vn 0.0021 0.9984 0.0558
vn -0.0313 0.9990 0.0329
vn -0.0102 0.9998 0.0187
vn -0.0376 0.9990 -0.0262
vn -0.0213 0.9992 -0.0350
vn -0.0458 0.9963 -0.0727
vn -0.0335 0.9964 -0.0778
vn -0.0508 0.9959 -0.0743
vn -0.0382 0.9965 -0.0749
vn -0.0126 0.9907 0.1355
vn 0.0250 0.9889 0.1464
vn 0.2119 0.9636 -0.1633
vn 0.1670 0.9854 -0.0323
vn 0.1369 0.9902 -0.0265
vn 0.1207 0.9919 -0.0407
vn 0.1186 0.9920 -0.0430
vn 0.1343 0.9909 0.0036
vn 0.1670 0.9680 0.1871
vt 0.149692 0.828766
vt 0.116171 0.827607
vt 0.113355 0.801454
vt 0.145218 0.802776
vt 0.081917 0.826372
vt 0.080144 0.800443
vt 0.078060 0.776993
vt 0.109503 0.777463
vt 0.140745 0.776787
vt 0.078060 0.776993
vt 0.076206 0.756186
vt 0.104529 0.756176
vt 0.109503 0.777464
vt 0.075367 0.736746
vt 0.099176 0.736211
vt 0.122985 0.735677
vt 0.131865 0.756232
vt 0.549307 0.643317
vt 0.543675 0.658747
vt 0.514288 0.658902
vt 0.516897 0.643317
vt 0.538043 0.674177
vt 0.511679 0.674487
vt 0.485314 0.674798
vt 0.484900 0.659057
vt 0.484487 0.643317
vt 0.733037 0.131388
vt 0.760765 0.127532
vt 0.760068 0.164384
vt 0.731920 0.167368
vt 0.794971 0.123452
vt 0.794608 0.161110
vt 0.784697 0.198067
vt 0.756951 0.202013
vt 0.729204 0.205958
vt 0.776553 0.054988
vt 0.753376 0.060508
vt 0.748384 0.033853
vt 0.770851 0.033874
vt 0.728679 0.063600
vt 0.724718 0.034802
vt 0.721828 0.006405
vt 0.743489 0.009583
vt 0.765149 0.012761
vt 0.677223 0.072942
vt 0.654411 0.078749
vt 0.650596 0.050054
vt 0.673415 0.043642
vt 0.634562 0.085325
vt 0.629389 0.056961
vt 0.624216 0.028598
vt 0.645795 0.021569
vt 0.667374 0.014540
vt 0.177198 0.512854
vt 0.184910 0.485280
vt 0.209944 0.492101
vt 0.202888 0.519656
vt 0.192622 0.457706
vt 0.217487 0.467499
vt 0.243080 0.475113
vt 0.236271 0.498861
vt 0.229651 0.525923
vt 0.006823 0.774927
vt 0.014102 0.756833
vt 0.045809 0.756501
vt 0.044160 0.776776
vt 0.021381 0.738739
vt 0.048374 0.737743
vt 0.794971 0.123452
vt 0.760765 0.127532
vt 0.758308 0.092321
vt 0.790628 0.088208
vt 0.733036 0.131388
vt 0.731777 0.096235
vt 0.895555 0.114329
vt 0.840688 0.120136
vt 0.835540 0.084261
vt 0.887187 0.080181
vt 0.827686 0.050510
vt 0.878819 0.046033
vt 0.096643 0.989038
vt 0.089308 0.937242
vt 0.126773 0.938643
vt 0.134483 0.991317
vt 0.085185 0.891092
vt 0.120826 0.891758
vt 0.152492 0.885787
vt 0.162408 0.939691
vt 0.172324 0.993596
vt 0.270925 0.697047
vt 0.278364 0.647516
vt 0.318010 0.653391
vt 0.315401 0.704747
vt 0.283820 0.602073
vt 0.320571 0.607750
vt 0.356769 0.607817
vt 0.358323 0.660132
vt 0.359877 0.712446
vt 0.484487 0.512521
vt 0.536439 0.520986
vt 0.538111 0.567313
vt 0.485882 0.553549
vt 0.584924 0.532195
vt 0.589993 0.581351
vt 0.595062 0.630507
vt 0.541169 0.612542
vt 0.487277 0.594577
vt 0.194325 0.697874
vt 0.203152 0.642167
vt 0.240361 0.644408
vt 0.232625 0.697461
vt 0.211979 0.586460
vt 0.247619 0.597058
vt 0.895351 0.205958
vt 0.840024 0.202013
vt 0.841699 0.160156
vt 0.895453 0.160144
vt 0.486392 0.425365
vt 0.540727 0.422293
vt 0.537889 0.472188
vt 0.485439 0.468943
vt 0.595062 0.419220
vt 0.589993 0.475708
vt 0.006405 0.987614
vt 0.006405 0.934785
vt 0.048655 0.936179
vt 0.051524 0.988326
vt 0.006405 0.881957
vt 0.046622 0.889731
vt 0.558350 0.739869
vt 0.581907 0.737773
vt 0.575991 0.788014
vt 0.558741 0.789439
vt 0.605464 0.735677
vt 0.592528 0.786372
vt 0.579592 0.837067
vt 0.572922 0.839123
vt 0.559133 0.839008
vt 0.702675 0.067745
vt 0.698924 0.038354
vt 0.694602 0.010472
vt 0.680249 0.135089
vt 0.656630 0.136303
vt 0.656361 0.107699
vt 0.679593 0.103774
vt 0.635153 0.138352
vt 0.634857 0.111839
vt 0.151092 0.857276
vt 0.118002 0.856354
vt 0.116171 0.827607
vt 0.120826 0.891758
vt 0.085185 0.891092
vt 0.083176 0.855200
vt 0.081917 0.826372
vt 0.169509 0.572405
vt 0.173354 0.542630
vt 0.196782 0.549073
vt 0.190744 0.579433
vt 0.222806 0.555282
vt 0.200235 0.438463
vt 0.225110 0.447123
vt 0.207848 0.419220
vt 0.232794 0.428919
vt 0.257741 0.438619
vt 0.250095 0.455483
vt 0.702300 0.200888
vt 0.704879 0.167338
vt 0.731920 0.167368
vt 0.675396 0.195818
vt 0.678930 0.165684
vt 0.706132 0.133741
vt 0.576258 0.892186
vt 0.559276 0.892079
vt 0.592528 0.892076
vt 0.605464 0.947085
vt 0.582442 0.946118
vt 0.559420 0.945150
vt 0.706132 0.133741
vt 0.705280 0.100000
vt 0.731777 0.096235
vt 0.680249 0.135089
vt 0.679593 0.103774
vt 0.677223 0.072942
vt 0.728679 0.063600
vt 0.275116 0.463505
vt 0.269795 0.482464
vt 0.280699 0.446812
vt 0.303658 0.455004
vt 0.300197 0.471202
vt 0.296735 0.487400
vt 0.652686 0.190474
vt 0.655143 0.163703
vt 0.629976 0.185130
vt 0.632564 0.161741
vt 0.045105 0.826022
vt 0.044340 0.800195
vt 0.006741 0.825469
vt 0.006782 0.800198
vt 0.044160 0.776776
vt 0.045668 0.854567
vt 0.045105 0.826022
vt 0.046622 0.889731
vt 0.006573 0.853713
vt 0.294923 0.512872
vt 0.264894 0.505865
vt 0.269795 0.482464
vt 0.292322 0.538944
vt 0.259894 0.532290
vt 0.229651 0.525923
vt 0.236271 0.498861
vt 0.243080 0.475113
vt 0.283820 0.602073
vt 0.247619 0.597058
vt 0.254264 0.561259
vt 0.288544 0.567065
vt 0.222806 0.555282
vt 0.229651 0.525923
vt 0.259894 0.532290
vt 0.292322 0.538944
vt 0.320571 0.607750
vt 0.323362 0.573617
vt 0.358323 0.580103
vt 0.325322 0.545895
vt 0.359877 0.552390
vt 0.325339 0.519992
vt 0.355964 0.527074
vt 0.324393 0.494579
vt 0.352050 0.501757
vt 0.074072 0.710782
vt 0.079029 0.644302
vt 0.111671 0.650500
vt 0.101968 0.716825
vt 0.083966 0.574722
vt 0.118944 0.581340
vt 0.156700 0.593865
vt 0.143282 0.658366
vt 0.129863 0.722868
vt 0.889493 0.507163
vt 0.836415 0.506132
vt 0.834486 0.471616
vt 0.893605 0.475408
vt 0.780983 0.505868
vt 0.773770 0.469693
vt 0.767208 0.428862
vt 0.832463 0.436258
vt 0.897717 0.443654
vt 0.854667 0.267391
vt 0.807707 0.276702
vt 0.810848 0.247603
vt 0.858049 0.243079
vt 0.756015 0.279157
vt 0.761821 0.249124
vt 0.772436 0.224294
vt 0.816933 0.221531
vt 0.861430 0.218767
vt 0.895247 0.381094
vt 0.843427 0.398574
vt 0.829004 0.372830
vt 0.881894 0.357878
vt 0.791607 0.416053
vt 0.770800 0.382246
vt 0.760399 0.350837
vt 0.817387 0.344489
vt 0.868542 0.334662
vt 0.810164 0.310750
vt 0.861604 0.301026
vt 0.755521 0.314885
vt 0.006405 0.703687
vt 0.006762 0.638154
vt 0.043633 0.640537
vt 0.040238 0.707235
vt 0.007119 0.572621
vt 0.046373 0.572155
vt 0.396594 0.714766
vt 0.384640 0.650385
vt 0.426605 0.650420
vt 0.430498 0.710217
vt 0.372686 0.586004
vt 0.424834 0.585470
vt 0.471677 0.597817
vt 0.468040 0.651743
vt 0.464402 0.705668
vt 0.885752 0.570361
vt 0.839855 0.573189
vt 0.838148 0.539836
vt 0.887623 0.538762
vt 0.793958 0.576017
vt 0.786807 0.540818
vt 0.773770 0.469693
vt 0.710158 0.471826
vt 0.695712 0.436298
vt 0.780983 0.505868
vt 0.722933 0.506760
vt 0.666471 0.507800
vt 0.645343 0.475767
vt 0.624216 0.443735
vt 0.731963 0.541441
vt 0.739389 0.576017
vt 0.684820 0.576017
vt 0.675646 0.541909
vt 0.761821 0.249124
vt 0.709659 0.245511
vt 0.720738 0.221531
vt 0.700818 0.273692
vt 0.642650 0.258435
vt 0.655846 0.238601
vt 0.669041 0.218767
vt 0.696080 0.309554
vt 0.696120 0.346971
vt 0.624216 0.337901
vt 0.633433 0.298168
vt 0.770800 0.382246
vt 0.702077 0.380690
vt 0.711558 0.412501
vt 0.631508 0.408950
vt 0.627862 0.373425
vt 0.427838 0.508926
vt 0.471677 0.516528
vt 0.383467 0.502612
vt 0.394248 0.419220
vt 0.432963 0.427229
vt 0.471677 0.435238
vt 0.118944 0.581340
vt 0.120943 0.506558
vt 0.153424 0.515852
vt 0.083966 0.574722
vt 0.086648 0.500579
vt 0.091270 0.419220
vt 0.120709 0.428530
vt 0.150147 0.437840
vt 0.046373 0.572156
vt 0.047834 0.500739
vt 0.006762 0.503926
vt 0.006405 0.435232
vt 0.048837 0.427226
vt 0.803237 0.874620
vt 0.776229 0.902236
vt 0.709754 0.838652
vt 0.803237 0.831414
vt 0.749220 0.929851
vt 0.713291 0.932852
vt 0.677361 0.935853
vt 0.647818 0.913756
vt 0.713291 0.932852
vt 0.618274 0.891658
vt 0.618670 0.851259
vt 0.619067 0.810860
vt 0.642091 0.776675
vt 0.618670 0.851259
vt 0.665115 0.742491
vt 0.703817 0.739084
vt 0.742520 0.735677
vt 0.772879 0.761942
vt 0.703817 0.739084
vt 0.803237 0.788208
vt 0.803237 0.831414
vt 0.340337 0.112762
vt 0.292439 0.113104
vt 0.303994 0.067475
vt 0.346341 0.068779
vt 0.234412 0.117807
vt 0.259662 0.067897
vt 0.284911 0.017987
vt 0.318657 0.020232
vt 0.352403 0.022476
vt 0.006405 0.145099
vt 0.009707 0.115696
vt 0.044695 0.125656
vt 0.041618 0.157863
vt 0.013009 0.086293
vt 0.057877 0.100807
vt 0.080447 0.112566
vt 0.077478 0.133910
vt 0.075329 0.166816
vt 0.016641 0.329497
vt 0.015588 0.274727
vt 0.043431 0.282492
vt 0.045989 0.327823
vt 0.014536 0.219956
vt 0.043118 0.233952
vt 0.073790 0.242523
vt 0.072566 0.290432
vt 0.073603 0.335118
vt 0.533333 0.126068
vt 0.481919 0.121863
vt 0.485885 0.084134
vt 0.537521 0.091312
vt 0.428818 0.118329
vt 0.432411 0.078368
vt 0.430670 0.038462
vt 0.490298 0.046471
vt 0.549925 0.054480
vt 0.010470 0.182528
vt 0.042087 0.193292
vt 0.074493 0.202110
vt 0.383321 0.114939
vt 0.387477 0.072895
vt 0.391537 0.030469
vt 0.142459 0.254931
vt 0.144525 0.213248
vt 0.182359 0.216637
vt 0.180599 0.258307
vt 0.145774 0.176662
vt 0.183094 0.179429
vt 0.221074 0.182980
vt 0.221338 0.219011
vt 0.221603 0.255041
vt 0.137084 0.349017
vt 0.139340 0.303931
vt 0.176954 0.308237
vt 0.172990 0.354232
vt 0.216233 0.311919
vt 0.210863 0.368797
vt 0.122155 0.052938
vt 0.166220 0.049859
vt 0.174677 0.077331
vt 0.133021 0.080929
vt 0.210284 0.046780
vt 0.215944 0.073968
vt 0.221603 0.101155
vt 0.181088 0.107132
vt 0.142680 0.108556
vt 0.146198 0.141104
vt 0.183284 0.142179
vt 0.142680 0.108556
vt 0.181088 0.107132
vt 0.221338 0.142068
vt 0.443664 0.864156
vt 0.399222 0.872903
vt 0.400275 0.835039
vt 0.447246 0.828941
vt 0.355541 0.882506
vt 0.353390 0.840968
vt 0.351240 0.799430
vt 0.400440 0.799110
vt 0.451982 0.793493
vt 0.444171 0.325836
vt 0.407374 0.326537
vt 0.410057 0.297865
vt 0.445075 0.296274
vt 0.367018 0.327556
vt 0.370058 0.299629
vt 0.368043 0.272517
vt 0.406878 0.269990
vt 0.442285 0.267467
vt 0.546017 0.324019
vt 0.490922 0.324824
vt 0.489756 0.295188
vt 0.534414 0.294342
vt 0.444170 0.325836
vt 0.445075 0.296274
vt 0.442285 0.267467
vt 0.487190 0.266209
vt 0.531230 0.265905
vt 0.534183 0.849373
vt 0.489226 0.856166
vt 0.493696 0.823405
vt 0.539862 0.818263
vt 0.498761 0.790323
vt 0.545541 0.787152
vt 0.110791 0.138400
vt 0.109876 0.172815
vt 0.106456 0.109250
vt 0.071968 0.066587
vt 0.091198 0.087249
vt 0.106456 0.109250
vt 0.073603 0.335118
vt 0.072566 0.290432
vt 0.104455 0.297863
vt 0.103831 0.342783
vt 0.106849 0.249456
vt 0.142459 0.254931
vt 0.139340 0.303931
vt 0.137084 0.349017
vt 0.108552 0.208586
vt 0.109876 0.172815
vt 0.145774 0.176662
vt 0.414000 0.198771
vt 0.377000 0.198006
vt 0.379967 0.156575
vt 0.424585 0.158414
vt 0.340000 0.197241
vt 0.337212 0.155376
vt 0.536323 0.198771
vt 0.475161 0.198771
vt 0.478378 0.160090
vt 0.530828 0.161583
vt 0.287313 0.196565
vt 0.288029 0.155563
vt 0.234627 0.195888
vt 0.234519 0.156848
vt 0.196001 0.406411
vt 0.167243 0.404352
vt 0.169830 0.383684
vt 0.203432 0.387604
vt 0.138485 0.402292
vt 0.137374 0.379690
vt 0.137084 0.349017
vt 0.172990 0.354232
vt 0.112734 0.395971
vt 0.107146 0.373759
vt 0.086983 0.389650
vt 0.079338 0.366408
vt 0.103831 0.342783
vt 0.530828 0.161583
vt 0.570848 0.162718
vt 0.568839 0.194580
vt 0.533333 0.126068
vt 0.573565 0.131522
vt 0.606770 0.137132
vt 0.604063 0.163761
vt 0.601356 0.190389
vt 0.610337 0.088510
vt 0.608554 0.112821
vt 0.576482 0.101527
vt 0.579918 0.073222
vt 0.573565 0.131522
vt 0.533333 0.126068
vt 0.537521 0.091312
vt 0.532596 0.905677
vt 0.482549 0.919898
vt 0.485830 0.888192
vt 0.533390 0.877525
vt 0.432503 0.934118
vt 0.439936 0.899186
vt 0.543324 0.379932
vt 0.484792 0.383323
vt 0.488858 0.354094
vt 0.544670 0.351975
vt 0.426259 0.386713
vt 0.438878 0.355254
vt 0.386286 0.381529
vt 0.398771 0.354359
vt 0.346314 0.376345
vt 0.358946 0.353694
vt 0.367018 0.327556
vt 0.407374 0.326537
vt 0.396143 0.948124
vt 0.397898 0.910606
vt 0.359783 0.962130
vt 0.357662 0.922318
vt 0.006618 0.021620
vt 0.051392 0.014012
vt 0.059900 0.041490
vt 0.009814 0.053957
vt 0.096165 0.006405
vt 0.109160 0.029671
vt 0.398500 0.767941
vt 0.445994 0.767800
vt 0.351240 0.767554
vt 0.351240 0.735677
vt 0.395623 0.738892
vt 0.440006 0.742107
vt 0.406878 0.269990
vt 0.398511 0.244419
vt 0.435994 0.240185
vt 0.368043 0.272517
vt 0.361479 0.248673
vt 0.351295 0.228976
vt 0.386735 0.220278
vt 0.422175 0.211581
vt 0.483416 0.238611
vt 0.529076 0.238765
vt 0.479230 0.211581
vt 0.536286 0.211581
vt 0.064978 0.381314
vt 0.054075 0.358508
vt 0.042972 0.372978
vt 0.029806 0.351238
vt 0.045989 0.327823
vt 0.579502 0.217727
vt 0.582093 0.241400
vt 0.559706 0.239931
vt 0.557894 0.214654
vt 0.584684 0.265074
vt 0.562321 0.265862
vt 0.531230 0.265905
vt 0.529076 0.238765
vt 0.588011 0.291880
vt 0.565148 0.293217
vt 0.591338 0.318686
vt 0.568677 0.321352
vt 0.611407 0.042493
vt 0.610872 0.065502
vt 0.582716 0.048140
vt 0.585303 0.024449
vt 0.554563 0.030442
vt 0.559200 0.006405
vt 0.280008 0.382985
vt 0.257210 0.358906
vt 0.311146 0.355568
vt 0.313161 0.379665
vt 0.234412 0.334827
vt 0.309367 0.329744
vt 0.358946 0.353694
vt 0.235411 0.302450
vt 0.309785 0.301172
vt 0.236409 0.270072
vt 0.311302 0.273455
vt 0.368043 0.272517
vt 0.370058 0.299629
vt 0.262845 0.250277
vt 0.315520 0.250309
vt 0.289281 0.230482
vt 0.320288 0.229729
vt 0.361479 0.248673
vt 0.185782 0.989435
vt 0.185458 0.963067
vt 0.218000 0.956911
vt 0.213758 0.982468
vt 0.185133 0.936700
vt 0.221691 0.928653
vt 0.256777 0.923635
vt 0.249348 0.950204
vt 0.241734 0.975502
vt 0.185133 0.896823
vt 0.224143 0.894872
vt 0.185133 0.856946
vt 0.224893 0.858570
vt 0.263077 0.859766
vt 0.261668 0.892880
vt 0.185472 0.818741
vt 0.223720 0.822971
vt 0.185811 0.780535
vt 0.220843 0.791012
vt 0.254599 0.797896
vt 0.260539 0.827160
vt 0.186070 0.758106
vt 0.216692 0.765626
vt 0.186329 0.735677
vt 0.211971 0.743428
vt 0.237614 0.751179
vt 0.246239 0.773679
vt 0.278513 0.941774
vt 0.265390 0.963683
vt 0.289849 0.917960
vt 0.324538 0.913325
vt 0.306792 0.932595
vt 0.289046 0.951864
vt 0.296933 0.890396
vt 0.299234 0.860965
vt 0.338431 0.862088
vt 0.331485 0.887707
vt 0.295169 0.831908
vt 0.286468 0.805446
vt 0.319776 0.811663
vt 0.329104 0.836876
vt 0.273820 0.783506
vt 0.259516 0.763850
vt 0.281418 0.776522
vt 0.300597 0.794092
vt 0.113355 0.801454
vt 0.116171 0.827607
vt 0.109503 0.777463
vt 0.078060 0.776993
vt 0.080144 0.800443
vt 0.081917 0.826372
vt 0.078060 0.776993
vt 0.104529 0.756176
vt 0.076206 0.756186
vt 0.514288 0.658902
vt 0.731919 0.167368
vt 0.760068 0.164384
vt 0.794608 0.161110
vt 0.794971 0.123452
vt 0.748384 0.033853
vt 0.753376 0.060508
vt 0.724718 0.034802
vt 0.673415 0.043642
vt 0.650596 0.050054
vt 0.654411 0.078749
vt 0.202888 0.519656
vt 0.236271 0.498861
vt 0.243080 0.475113
vt 0.217487 0.467499
vt 0.045809 0.756501
vt 0.794971 0.123452
vt 0.790628 0.088208
vt 0.731777 0.096235
vt 0.733036 0.131388
vt 0.835540 0.084261
vt 0.089308 0.937242
vt 0.120826 0.891758
vt 0.085185 0.891092
vt 0.318010 0.653391
vt 0.278364 0.647516
vt 0.320571 0.607750
vt 0.283820 0.602073
vt 0.240361 0.644408
vt 0.841699 0.160156
vt 0.537889 0.472188
vt 0.048655 0.936179
vt 0.575991 0.788014
vt 0.572922 0.839123
vt 0.698924 0.038354
vt 0.680249 0.135089
vt 0.656361 0.107699
vt 0.116171 0.827607
vt 0.118002 0.856354
vt 0.083176 0.855200
vt 0.120826 0.891758
vt 0.196782 0.549073
vt 0.225110 0.447123
vt 0.706132 0.133741
vt 0.678930 0.165684
vt 0.733036 0.131388
vt 0.731777 0.096235
vt 0.705280 0.100000
vt 0.728679 0.063600
vt 0.702675 0.067745
vt 0.269795 0.482464
vt 0.275116 0.463505
vt 0.044340 0.800195
vt 0.045105 0.826022
vt 0.044160 0.776776
vt 0.045668 0.854567
vt 0.046622 0.889731
vt 0.269795 0.482464
vt 0.264894 0.505865
vt 0.294923 0.512872
vt 0.236271 0.498861
vt 0.259894 0.532290
vt 0.292322 0.538944
vt 0.288544 0.567065
vt 0.254264 0.561259
vt 0.292322 0.538944
vt 0.222806 0.555282
vt 0.323362 0.573617
vt 0.325322 0.545895
vt 0.325339 0.519992
vt 0.294923 0.512872
vt 0.111671 0.650500
vt 0.079029 0.644302
vt 0.118944 0.581340
vt 0.083966 0.574722
vt 0.836415 0.506132
vt 0.773770 0.469693
vt 0.810848 0.247603
vt 0.761821 0.249124
vt 0.756015 0.279157
vt 0.829003 0.372830
vt 0.817387 0.344489
vt 0.760399 0.350837
vt 0.770800 0.382246
vt 0.810164 0.310750
vt 0.043633 0.640537
vt 0.046373 0.572156
vt 0.426605 0.650420
vt 0.838148 0.539836
vt 0.786807 0.540818
vt 0.710158 0.471826
vt 0.773770 0.469693
vt 0.722933 0.506760
vt 0.780983 0.505868
vt 0.731963 0.541441
vt 0.786807 0.540818
vt 0.709659 0.245511
vt 0.700818 0.273692
vt 0.756015 0.279157
vt 0.696080 0.309554
vt 0.755521 0.314885
vt 0.696120 0.346971
vt 0.702077 0.380690
vt 0.427838 0.508926
vt 0.424834 0.585470
vt 0.047834 0.500739
vt 0.303994 0.067475
vt 0.041618 0.157863
vt 0.044695 0.125656
vt 0.075329 0.166816
vt 0.077478 0.133910
vt 0.080447 0.112566
vt 0.043431 0.282492
vt 0.073790 0.242523
vt 0.043118 0.233952
vt 0.485885 0.084134
vt 0.481919 0.121863
vt 0.432411 0.078368
vt 0.428818 0.118329
vt 0.042087 0.193292
vt 0.074493 0.202110
vt 0.387477 0.072895
vt 0.383321 0.114939
vt 0.142459 0.254931
vt 0.180599 0.258307
vt 0.182359 0.216637
vt 0.183094 0.179429
vt 0.137084 0.349017
vt 0.172990 0.354232
vt 0.133021 0.080929
vt 0.174677 0.077331
vt 0.142680 0.108556
vt 0.181088 0.107132
vt 0.183284 0.142179
vt 0.146198 0.141104
vt 0.443664 0.864156
vt 0.447246 0.828941
vt 0.400275 0.835039
vt 0.399222 0.872903
vt 0.400440 0.799110
vt 0.445075 0.296274
vt 0.410057 0.297865
vt 0.407374 0.326537
vt 0.442285 0.267467
vt 0.368043 0.272517
vt 0.370058 0.299629
vt 0.489756 0.295188
vt 0.490922 0.324824
vt 0.445075 0.296274
vt 0.444170 0.325836
vt 0.489226 0.856166
vt 0.110791 0.138400
vt 0.106456 0.109250
vt 0.071968 0.066587
vt 0.103831 0.342783
vt 0.104455 0.297863
vt 0.142459 0.254931
vt 0.106849 0.249456
vt 0.073790 0.242523
vt 0.108552 0.208586
vt 0.074493 0.202110
vt 0.144525 0.213248
vt 0.075329 0.166816
vt 0.379967 0.156575
vt 0.337212 0.155376
vt 0.478378 0.160090
vt 0.288029 0.155563
vt 0.169830 0.383684
vt 0.137374 0.379690
vt 0.107146 0.373759
vt 0.073603 0.335118
vt 0.079338 0.366408
vt 0.570848 0.162718
vt 0.579918 0.073222
vt 0.576482 0.101527
vt 0.537521 0.091312
vt 0.573566 0.131522
vt 0.485830 0.888192
vt 0.439936 0.899186
vt 0.488858 0.354094
vt 0.398771 0.354360
vt 0.358946 0.353694
vt 0.397898 0.910606
vt 0.059900 0.041490
vt 0.398500 0.767941
vt 0.435994 0.240185
vt 0.406878 0.269990
vt 0.368043 0.272517
vt 0.529076 0.238765
vt 0.483416 0.238611
vt 0.054075 0.358508
vt 0.045989 0.327823
vt 0.529076 0.238765
vt 0.531230 0.265905
vt 0.562321 0.265862
vt 0.565148 0.293217
vt 0.582716 0.048140
vt 0.358946 0.353694
vt 0.309367 0.329744
vt 0.309785 0.301172
vt 0.311302 0.273455
vt 0.315520 0.250309
vt 0.218000 0.956911
vt 0.256777 0.923635
vt 0.261668 0.892880
vt 0.224893 0.858570
vt 0.223720 0.822971
vt 0.254599 0.797896
vt 0.220843 0.791012
vt 0.216692 0.765626
vt 0.246239 0.773679
vt 0.278513 0.941774
vt 0.299234 0.860965
vt 0.295169 0.831908
vt 0.286468 0.805446
s 1
usemtl CLOTHES_MALE
f 2339/1839/2326 2580/1840/2327 2986/1841/2328 2610/1842/2329
f 2580/1840/2327 2368/1843/2330 2618/1844/2331 2986/1841/2328
f 2986/1841/2328 2618/1844/2331 2375/1845/2332 2637/1846/2333
f 2610/1842/2329 2986/1841/2328 2637/1846/2333 2372/1847/2334
f 2375/1848/2332 2629/1849/2335 2987/1850/2336 2637/1851/2333
f 2629/1849/2335 2346/1852/2337 2566/1853/2338 2987/1850/2336
f 2987/1850/2336 2566/1853/2338 2334/1854/2339 2626/1855/2340
f 2637/1851/2333 2987/1850/2336 2626/1855/2340 2372/1847/2334
f 2335/1856/2341 2613/1857/2342 2988/1858/2343 2636/1859/2344
f 2613/1857/2342 2364/1860/2345 2567/1861/2346 2988/1858/2343
f 2988/1858/2343 2567/1861/2346 2333/1862/2347 2625/1863/2348
f 2636/1859/2344 2988/1858/2343 2625/1863/2348 2371/1864/2349
f 2344/1865/2350 2562/1866/2351 2989/1867/2352 2614/1868/2353
f 2562/1866/2351 2358/1869/2354 2599/1870/2355 2989/1867/2352
f 2989/1867/2352 2599/1870/2355 2355/1871/2356 2570/1872/2357
f 2614/1868/2353 2989/1867/2352 2570/1872/2357 2339/1873/2326
f 2352/1874/2358 2616/1875/2359 2990/1876/2360 2621/1877/2361
f 2616/1875/2359 2370/1878/2362 2572/1879/2363 2990/1876/2360
f 2990/1876/2360 2572/1879/2363 2343/1880/2364 2573/1881/2365
f 2621/1877/2361 2990/1876/2360 2573/1881/2365 2338/1882/2366
f 2376/1883/2367 2630/1884/2368 2991/1885/2369 2635/1886/2370
f 2630/1884/2368 2369/1887/2371 2571/1888/2372 2991/1885/2369
f 2991/1885/2369 2571/1888/2372 2340/1889/2373 2628/1890/2374
f 2635/1886/2370 2991/1885/2369 2628/1890/2374 2374/1891/2375
f 2342/1892/2376 2577/1893/2377 2992/1894/2378 2612/1895/2379
f 2577/1893/2377 2373/1896/2380 2632/1897/2381 2992/1894/2378
f 2992/1894/2378 2632/1897/2381 2377/1898/2382 2623/1899/2383
f 2612/1895/2379 2992/1894/2378 2623/1899/2383 2367/1900/2384
f 2371/1901/2349 2625/1902/2348 2993/1903/2385 2634/1904/2386
f 2625/1902/2348 2333/1905/2347 2582/1906/2387 2993/1903/2385
f 2993/1903/2385 2582/1906/2387 2346/1852/2337 2629/1849/2335
f 2634/1904/2386 2993/1903/2385 2629/1849/2335 2375/1848/2332
f 2358/1907/2354 2562/1908/2351 2994/1909/2388 2593/1910/2389
f 2562/1908/2351 2344/1911/2350 2620/1912/2390 2994/1909/2388
f 2994/1909/2388 2620/1912/2390 2370/1878/2362 2616/1875/2359
f 2593/1910/2389 2994/1909/2388 2616/1875/2359 2352/1874/2358
f 2356/1913/2391 2602/1914/2392 2995/1915/2393 2588/1916/2394
f 2602/1914/2392 2358/1907/2354 2593/1910/2389 2995/1915/2393
f 2995/1915/2393 2593/1910/2389 2352/1874/2358 2592/1917/2395
f 2588/1916/2394 2995/1915/2393 2592/1917/2395 2348/1918/2396
f 2360/1919/2397 2608/1920/2398 2996/1921/2399 2589/1922/2400
f 2608/1920/2398 2362/1923/2401 2594/1924/2402 2996/1921/2399
f 2996/1921/2399 2594/1924/2402 2355/1925/2356 2587/1926/2403
f 2589/1922/2400 2996/1921/2399 2587/1926/2403 2351/1927/2404
f 2357/1928/2405 2601/1929/2406 2997/1930/2407 2590/1931/2408
f 2601/1929/2406 2359/1932/2409 2595/1933/2410 2997/1930/2407
f 2997/1930/2407 2595/1933/2410 2354/1934/2411 2586/1935/2412
f 2590/1931/2408 2997/1930/2407 2586/1935/2412 2350/1936/2413
f 2361/1937/2414 2607/1938/2415 2998/1939/2416 2591/1940/2417
f 2607/1938/2415 2363/1941/2418 2596/1942/2419 2998/1939/2416
f 2998/1939/2416 2596/1942/2419 2353/1943/2420 2585/1944/2421
f 2591/1940/2417 2998/1939/2416 2585/1944/2421 2349/1945/2422
f 2349/1946/2422 2585/1947/2421 2999/1948/2423 2598/1949/2424
f 2585/1947/2421 2353/1950/2420 2600/1951/2425 2999/1948/2423
f 2999/1948/2423 2600/1951/2425 2359/1932/2409 2601/1929/2406
f 2598/1949/2424 2999/1948/2423 2601/1929/2406 2357/1928/2405
f 2351/1952/2404 2587/1953/2403 3000/1954/2426 2597/1955/2427
f 2587/1953/2403 2355/1871/2356 2599/1870/2355 3000/1954/2426
f 3000/1954/2426 2599/1870/2355 2358/1907/2354 2602/1914/2392
f 2597/1955/2427 3000/1954/2426 2602/1914/2392 2356/1913/2391
f 2348/1956/2396 2592/1957/2395 3001/1958/2428 2604/1959/2429
f 2592/1957/2395 2352/1960/2358 2606/1961/2430 3001/1958/2428
f 3001/1958/2428 2606/1961/2430 2363/1941/2418 2607/1938/2415
f 2604/1959/2429 3001/1958/2428 2607/1938/2415 2361/1937/2414
f 2350/1962/2413 2586/1963/2412 3002/1964/2431 2603/1965/2432
f 2586/1963/2412 2354/1966/2411 2605/1967/2433 3002/1964/2431
f 3002/1964/2431 2605/1967/2433 2362/1923/2401 2608/1920/2398
f 2603/1965/2432 3002/1964/2431 2608/1920/2398 2360/1919/2397
f 2337/1968/2434 2624/1969/2435 3003/1970/2436 2583/1971/2437
f 2624/1969/2435 2353/1972/2420 2596/1973/2419 3003/1970/2436
f 3003/1970/2436 2596/1973/2419 2363/1974/2418 2584/1975/2438
f 2583/1971/2437 3003/1970/2436 2584/1975/2438 2347/1976/2439
f 2370/1878/2362 2619/1977/2440 3004/1978/2441 2572/1879/2363
f 2619/1977/2440 2376/1883/2367 2635/1886/2370 3004/1978/2441
f 3004/1978/2441 2635/1886/2370 2374/1891/2375 2578/1979/2442
f 2572/1879/2363 3004/1978/2441 2578/1979/2442 2343/1880/2364
f 2336/1980/2443 2581/1981/2444 3005/1982/2445 2633/1983/2446
f 2581/1981/2444 2345/1984/2447 2615/1985/2448 3005/1982/2445
f 3005/1982/2445 2615/1985/2448 2369/1887/2371 2630/1884/2368
f 2633/1983/2446 3005/1982/2445 2630/1884/2368 2376/1883/2367
f 2339/1839/2326 2570/1986/2357 3006/1987/2449 2580/1988/2327
f 2570/1986/2357 2355/1925/2356 2594/1989/2402 3006/1987/2449
f 3006/1987/2449 2594/1989/2402 2362/1990/2401 2622/1991/2450
f 2580/1988/2327 3006/1987/2449 2622/1991/2450 2368/1992/2330
f 2337/1993/2434 2574/1994/2451 3007/1995/2452 2624/1996/2435
f 2574/1994/2451 2342/1892/2376 2612/1895/2379 3007/1995/2452
f 3007/1995/2452 2612/1895/2379 2367/1900/2384 2617/1997/2453
f 2624/1996/2435 3007/1995/2452 2617/1997/2453 2353/1950/2420
f 2373/1896/2380 2627/1998/2454 3008/1999/2455 2632/1897/2381
f 2627/1998/2454 2341/2000/2456 2611/2001/2457 3008/1999/2455
f 3008/1999/2455 2611/2001/2457 2366/2002/2458 2631/2003/2459
f 2632/1897/2381 3008/1999/2455 2631/2003/2459 2377/1898/2382
f 2339/1873/2326 2610/2004/2329 3009/2005/2460 2614/2006/2353
f 2610/2004/2329 2372/2007/2334 2568/2008/2461 3009/2005/2460
f 3009/2005/2460 2568/2008/2461 2336/1980/2443 2564/2009/2462
f 2614/2006/2353 3009/2005/2460 2564/2009/2462 2344/1911/2350
f 2347/1976/2439 2584/1975/2438 3010/2010/2463 2579/2011/2464
f 2584/1975/2438 2363/1974/2418 2606/2012/2430 3010/2010/2463
f 3010/2010/2463 2606/2012/2430 2352/2013/2358 2621/2014/2361
f 2579/2011/2464 3010/2010/2463 2621/2014/2361 2338/2015/2366
f 2344/1865/2350 2564/2016/2462 3011/2017/2465 2620/2018/2390
f 2564/2016/2462 2336/2019/2443 2633/2020/2446 3011/2017/2465
f 3011/2017/2465 2633/2020/2446 2376/2021/2367 2619/1977/2440
f 2620/2018/2390 3011/2017/2465 2619/1977/2440 2370/2022/2362
f 2377/1898/2382 2631/2003/2459 3012/2023/2466 2565/2024/2467
f 2631/2003/2459 2366/2002/2458 2609/2025/2468 3012/2023/2466
f 3012/2023/2466 2609/2025/2468 2364/2026/2345 2613/2027/2342
f 2565/2024/2467 3012/2023/2466 2613/2027/2342 2335/2028/2341
f 2372/2007/2334 2626/2029/2340 3013/2030/2469 2568/2008/2461
f 2626/2029/2340 2334/2031/2339 2569/2032/2470 3013/2030/2469
f 3013/2030/2469 2569/2032/2470 2345/1984/2447 2581/1981/2444
f 2568/2008/2461 3013/2030/2469 2581/1981/2444 2336/1980/2443
f 2368/1843/2330 2563/2033/2471 3014/2034/2472 2618/1844/2331
f 2563/2033/2471 2365/2035/2473 2575/2036/2474 3014/2034/2472
f 3014/2034/2472 2575/2036/2474 2371/1901/2349 2634/2037/2386
f 2618/1844/2331 3014/2034/2472 2634/2037/2386 2375/1845/2332
f 2368/1992/2330 2622/1991/2450 3015/2038/2475 2563/2039/2471
f 2622/1991/2450 2362/1990/2401 2605/2040/2433 3015/2038/2475
f 3015/2038/2475 2605/2040/2433 2354/1966/2411 2576/2041/2476
f 2563/2039/2471 3015/2038/2475 2576/2041/2476 2365/2035/2473
f 2335/2028/2341 2639/2042/2477 3016/2043/2478 2565/2044/2467
f 2639/2042/2477 2378/2045/2479 2640/2046/2480 3016/2043/2478
f 3016/2043/2478 2640/2046/2480 2367/2047/2384 2623/2048/2383
f 2565/2044/2467 3016/2043/2478 2623/2048/2383 2377/2049/2382
f 2359/2050/2409 2600/2051/2425 3017/2052/2481 2638/2053/2482
f 2600/2051/2425 2353/1950/2420 2617/2054/2453 3017/2052/2481
f 3017/2052/2481 2617/2054/2453 2367/2055/2384 2640/2056/2480
f 2638/2053/2482 3017/2052/2481 2640/2056/2480 2378/2057/2479
f 2354/1934/2411 2595/2058/2410 3018/2059/2483 2576/2060/2476
f 2595/2058/2410 2359/2050/2409 2638/2053/2482 3018/2059/2483
f 3018/2059/2483 2638/2053/2482 2378/2057/2479 2641/2061/2484
f 2576/2060/2476 3018/2059/2483 2641/2061/2484 2365/2062/2473
f 2365/2062/2473 2641/2061/2484 3019/2063/2485 2575/2064/2474
f 2641/2061/2484 2378/2057/2479 2639/2042/2477 3019/2063/2485
f 3019/2063/2485 2639/2042/2477 2335/2028/2341 2636/2065/2344
f 2575/2064/2474 3019/2063/2485 2636/2065/2344 2371/2066/2349
f 2395/2067/2486 2667/2068/2487 3020/2069/2488 2653/2070/2489
f 2667/2068/2487 2397/2071/2490 2658/2072/2491 3020/2069/2488
f 3020/2069/2488 2658/2072/2491 2391/2073/2492 2657/2074/2493
f 2653/2070/2489 3020/2069/2488 2657/2074/2493 2387/2075/2494
f 2399/2076/2495 2673/2077/2496 3021/2078/2497 2654/2079/2498
f 2673/2077/2496 2401/2080/2499 2659/2081/2500 3021/2078/2497
f 3021/2078/2497 2659/2081/2500 2394/2082/2501 2652/2083/2502
f 2654/2079/2498 3021/2078/2497 2652/2083/2502 2390/2084/2503
f 2396/2085/2504 2666/2086/2505 3022/2087/2506 2655/2088/2507
f 2666/2086/2505 2398/2089/2508 2660/2090/2509 3022/2087/2506
f 3022/2087/2506 2660/2090/2509 2393/2091/2510 2651/2092/2511
f 2655/2088/2507 3022/2087/2506 2651/2092/2511 2389/2093/2512
f 2400/2094/2513 2672/2095/2514 3023/2096/2515 2656/2097/2516
f 2672/2095/2514 2402/2098/2517 2661/2099/2518 3023/2096/2515
f 3023/2096/2515 2661/2099/2518 2392/2100/2519 2650/2101/2520
f 2656/2097/2516 3023/2096/2515 2650/2101/2520 2388/2102/2521
f 2388/2102/2521 2650/2101/2520 3024/2103/2522 2663/2104/2523
f 2650/2101/2520 2392/2100/2519 2665/2105/2524 3024/2103/2522
f 3024/2103/2522 2665/2105/2524 2398/2089/2508 2666/2086/2505
f 2663/2104/2523 3024/2103/2522 2666/2086/2505 2396/2085/2504
f 2390/2106/2503 2652/2107/2502 3025/2108/2525 2662/2109/2526
f 2652/2107/2502 2394/2110/2501 2664/2111/2527 3025/2108/2525
f 3025/2108/2525 2664/2111/2527 2397/2071/2490 2667/2068/2487
f 2662/2109/2526 3025/2108/2525 2667/2068/2487 2395/2067/2486
f 2387/2112/2494 2657/2113/2493 3026/2114/2528 2669/2115/2529
f 2657/2113/2493 2391/2116/2492 2671/2117/2530 3026/2114/2528
f 3026/2114/2528 2671/2117/2530 2402/2118/2517 2672/2119/2514
f 2669/2115/2529 3026/2114/2528 2672/2119/2514 2400/2120/2513
f 2389/2121/2512 2651/2122/2511 3027/2123/2531 2668/2124/2532
f 2651/2122/2511 2393/2125/2510 2670/2126/2533 3027/2123/2531
f 3027/2123/2531 2670/2126/2533 2401/2080/2499 2673/2077/2496
f 2668/2124/2532 3027/2123/2531 2673/2077/2496 2399/2076/2495
f 2394/2082/2501 2659/2127/2500 3028/2128/2534 2674/2129/2535
f 2659/2127/2500 2401/2130/2499 2675/2131/2536 3028/2128/2534
f 3028/2128/2534 2675/2131/2536 2384/2132/2537 2646/2133/2538
f 2674/2129/2535 3028/2128/2534 2646/2133/2538 2380/2134/2539
f 2401/2130/2499 2670/2126/2533 3029/2135/2540 2675/2131/2536
f 2670/2126/2533 2393/2125/2510 2676/2136/2541 3029/2135/2540
f 3029/2135/2540 2676/2136/2541 2382/2137/2542 2644/2138/2543
f 2675/2131/2536 3029/2135/2540 2644/2138/2543 2384/2132/2537
f 2393/2091/2510 2660/2139/2509 3030/2140/2544 2676/2141/2541
f 2660/2139/2509 2398/2089/2508 2677/2142/2545 3030/2140/2544
f 3030/2140/2544 2677/2142/2545 2386/2143/2546 2648/2144/2547
f 2676/2141/2541 3030/2140/2544 2648/2144/2547 2382/2145/2542
f 2398/2089/2508 2665/2105/2524 3031/2146/2548 2677/2142/2545
f 2665/2105/2524 2392/2100/2519 2678/2147/2549 3031/2146/2548
f 3031/2146/2548 2678/2147/2549 2385/2148/2550 2649/2149/2551
f 2677/2142/2545 3031/2146/2548 2649/2149/2551 2386/2143/2546
f 2392/2100/2519 2661/2150/2518 3032/2151/2552 2678/2147/2549
f 2661/2150/2518 2402/2098/2517 2679/2152/2553 3032/2151/2552
f 3032/2151/2552 2679/2152/2553 2381/2153/2554 2647/2154/2555
f 2678/2147/2549 3032/2151/2552 2647/2154/2555 2385/2148/2550
f 2402/2118/2517 2671/2117/2530 3033/2155/2556 2679/2156/2553
f 2671/2117/2530 2391/2116/2492 2680/2157/2557 3033/2155/2556
f 3033/2155/2556 2680/2157/2557 2383/2158/2558 2643/2159/2559
f 2679/2156/2553 3033/2155/2556 2643/2159/2559 2381/2160/2554
f 2391/2073/2492 2658/2161/2491 3034/2162/2560 2680/2163/2557
f 2658/2161/2491 2397/2164/2490 2681/2165/2561 3034/2162/2560
f 3034/2162/2560 2681/2165/2561 2379/2166/2562 2645/2167/2563
f 2680/2163/2557 3034/2162/2560 2645/2167/2563 2383/2168/2558
f 2397/2164/2490 2664/2169/2527 3035/2170/2564 2681/2165/2561
f 2664/2169/2527 2394/2110/2501 2674/2171/2535 3035/2170/2564
f 3035/2170/2564 2674/2171/2535 2380/2172/2539 2642/2173/2565
f 2681/2165/2561 3035/2170/2564 2642/2173/2565 2379/2166/2562
f 2380/2174/2539 2646/2175/2538 3036/2176/2566 2642/2177/2565
f 2384/2178/2537 2644/2179/2543 3036/2176/2566 2646/2175/2538
f 2382/2180/2542 2648/2181/2547 3036/2176/2566 2644/2182/2543
f 2386/2183/2546 2649/2184/2551 3036/2176/2566 2648/2181/2547
f 2385/2185/2550 2647/2186/2555 3036/2176/2566 2649/2187/2551
f 2381/2188/2554 2643/2189/2559 3036/2176/2566 2647/2186/2555
f 2383/2190/2558 2645/2191/2563 3036/2176/2566 2643/2192/2559
f 2379/2193/2562 2642/2194/2565 3036/2176/2566 2645/2191/2563
f 2435/2195/2567 2740/2196/2568 3037/2197/2569 2700/2198/2570
f 2740/2196/2568 2433/2199/2571 2691/2200/2572 3037/2197/2569
f 3037/2197/2569 2691/2200/2572 2413/2201/2573 2697/2202/2574
f 2700/2198/2570 3037/2197/2569 2697/2202/2574 2416/2203/2575
f 2450/2204/2576 2766/2205/2577 3038/2206/2578 2699/2207/2579
f 2766/2205/2577 2448/2208/2580 2692/2209/2581 3038/2206/2578
f 3038/2206/2578 2692/2209/2581 2412/2210/2582 2698/2211/2583
f 2699/2207/2579 3038/2206/2578 2698/2211/2583 2417/2212/2584
f 2451/2213/2585 2765/2214/2586 3039/2215/2587 2704/2216/2588
f 2765/2214/2586 2449/2217/2589 2695/2218/2590 3039/2215/2587
f 3039/2215/2587 2695/2218/2590 2415/2219/2591 2702/2220/2592
f 2704/2216/2588 3039/2215/2587 2702/2220/2592 2419/2221/2593
f 2436/2222/2594 2739/2223/2595 3040/2224/2596 2703/2225/2597
f 2739/2223/2595 2434/2226/2598 2696/2227/2599 3040/2224/2596
f 3040/2224/2596 2696/2227/2599 2414/2228/2600 2701/2229/2601
f 2703/2225/2597 3040/2224/2596 2701/2229/2601 2418/2230/2602
f 2449/2217/2589 2764/2231/2603 3041/2232/2604 2695/2218/2590
f 2764/2231/2603 2450/2204/2576 2699/2207/2579 3041/2232/2604
f 3041/2232/2604 2699/2207/2579 2417/2212/2584 2694/2233/2605
f 2695/2218/2590 3041/2232/2604 2694/2233/2605 2415/2219/2591
f 2434/2226/2598 2738/2234/2606 3042/2235/2607 2696/2227/2599
f 2738/2234/2606 2435/2195/2567 2700/2198/2570 3042/2235/2607
f 3042/2235/2607 2700/2198/2570 2416/2203/2575 2693/2236/2608
f 2696/2227/2599 3042/2235/2607 2693/2236/2608 2414/2228/2600
f 2438/2237/2609 2737/2238/2610 3043/2239/2611 2706/2240/2612
f 2737/2238/2610 2439/2241/2613 2707/2242/2614 3043/2239/2611
f 3043/2239/2611 2707/2242/2614 2424/2243/2615 2710/2244/2616
f 2706/2240/2612 3043/2239/2611 2710/2244/2616 2422/2245/2617
f 2440/2246/2618 2736/2247/2619 3044/2248/2620 2708/2249/2621
f 2736/2247/2619 2438/2237/2609 2706/2240/2612 3044/2248/2620
f 3044/2248/2620 2706/2240/2612 2422/2245/2617 2712/2250/2622
f 2708/2249/2621 3044/2248/2620 2712/2250/2622 2427/2251/2623
f 2453/2252/2624 2763/2253/2625 3045/2254/2626 2735/2255/2627
f 2763/2253/2625 2452/2256/2628 2713/2257/2629 3045/2254/2626
f 3045/2254/2626 2713/2257/2629 2421/2258/2630 2705/2259/2631
f 2735/2255/2627 3045/2254/2626 2705/2259/2631 2437/2260/2632
f 2439/2241/2613 2734/2261/2633 3046/2262/2634 2707/2242/2614
f 2734/2261/2633 2437/2263/2632 2705/2264/2631 3046/2262/2634
f 3046/2262/2634 2705/2264/2631 2421/2258/2630 2714/2265/2635
f 2707/2242/2614 3046/2262/2634 2714/2265/2635 2424/2243/2615
f 2447/2266/2636 2755/2267/2637 3047/2268/2638 2733/2269/2639
f 2755/2267/2637 2446/2270/2640 2720/2271/2641 3047/2268/2638
f 3047/2268/2638 2720/2271/2641 2432/2272/2642 2732/2273/2643
f 2733/2269/2639 3047/2268/2638 2732/2273/2643 2441/2274/2644
f 2443/2275/2645 2754/2276/2646 3048/2277/2647 2717/2278/2648
f 2754/2276/2646 2444/2279/2649 2718/2280/2650 3048/2277/2647
f 3048/2277/2647 2718/2280/2650 2430/2281/2651 2722/2282/2652
f 2717/2278/2648 3048/2277/2647 2722/2282/2652 2429/2283/2653
f 2445/2284/2654 2753/2285/2655 3049/2286/2656 2719/2287/2657
f 2753/2285/2655 2443/2288/2645 2717/2289/2648 3049/2286/2656
f 3049/2286/2656 2717/2289/2648 2429/2290/2653 2723/2291/2658
f 2719/2287/2657 3049/2286/2656 2723/2291/2658 2431/2292/2659
f 2442/2293/2660 2752/2294/2661 3050/2295/2662 2716/2296/2663
f 2752/2294/2661 2447/2266/2636 2733/2269/2639 3050/2295/2662
f 3050/2295/2662 2733/2269/2639 2441/2274/2644 2721/2297/2664
f 2716/2296/2663 3050/2295/2662 2721/2297/2664 2428/2298/2665
f 2417/2212/2584 2698/2211/2583 3051/2299/2666 2730/2300/2667
f 2698/2211/2583 2412/2210/2582 2728/2301/2668 3051/2299/2666
f 3051/2299/2666 2728/2301/2668 2437/2263/2632 2734/2261/2633
f 2730/2300/2667 3051/2299/2666 2734/2261/2633 2439/2241/2613
f 2448/2208/2580 2762/2302/2669 3052/2303/2670 2692/2209/2581
f 2762/2302/2669 2453/2252/2624 2735/2255/2627 3052/2303/2670
f 3052/2303/2670 2735/2255/2627 2437/2260/2632 2728/2304/2668
f 2692/2209/2581 3052/2303/2670 2728/2304/2668 2412/2210/2582
f 2419/2305/2593 2702/2306/2592 3053/2307/2671 2731/2308/2672
f 2702/2306/2592 2415/2219/2591 2729/2309/2673 3053/2307/2671
f 3053/2307/2671 2729/2309/2673 2438/2310/2609 2736/2311/2619
f 2731/2308/2672 3053/2307/2671 2736/2311/2619 2440/2312/2618
f 2415/2219/2591 2694/2233/2605 3054/2313/2674 2729/2309/2673
f 2694/2233/2605 2417/2212/2584 2730/2314/2667 3054/2313/2674
f 3054/2313/2674 2730/2314/2667 2439/2315/2613 2737/2238/2610
f 2729/2309/2673 3054/2313/2674 2737/2238/2610 2438/2310/2609
f 2423/2316/2675 2709/2317/2676 3055/2318/2677 2725/2319/2678
f 2709/2317/2676 2425/2320/2679 2726/2321/2680 3055/2318/2677
f 3055/2318/2677 2726/2321/2680 2435/2195/2567 2738/2234/2606
f 2725/2319/2678 3055/2318/2677 2738/2234/2606 2434/2226/2598
f 2426/2322/2681 2711/2323/2682 3056/2324/2683 2727/2325/2684
f 2711/2323/2682 2423/2316/2675 2725/2319/2678 3056/2324/2683
f 3056/2324/2683 2725/2319/2678 2434/2226/2598 2739/2223/2595
f 2727/2325/2684 3056/2324/2683 2739/2223/2595 2436/2222/2594
f 2425/2320/2679 2715/2326/2685 3057/2327/2686 2726/2321/2680
f 2715/2326/2685 2420/2328/2687 2724/2329/2688 3057/2327/2686
f 3057/2327/2686 2724/2329/2688 2433/2199/2571 2740/2196/2568
f 2726/2321/2680 3057/2327/2686 2740/2196/2568 2435/2195/2567
f 2405/2330/2689 2686/2331/2690 3058/2332/2691 2742/2333/2692
f 2686/2331/2690 2411/2334/2693 2741/2335/2694 3058/2332/2691
f 3058/2332/2691 2741/2335/2694 2440/2336/2618 2708/2337/2621
f 2742/2333/2692 3058/2332/2691 2708/2337/2621 2427/2251/2623
f 2411/2334/2693 2690/2338/2695 3059/2339/2696 2741/2335/2694
f 2690/2338/2695 2407/2340/2697 2743/2341/2698 3059/2339/2696
f 3059/2339/2696 2743/2341/2698 2419/2221/2593 2731/2342/2672
f 2741/2335/2694 3059/2339/2696 2731/2342/2672 2440/2336/2618
f 2426/2322/2681 2727/2343/2684 3060/2344/2699 2682/2345/2700
f 2727/2343/2684 2436/2346/2594 2744/2347/2701 3060/2344/2699
f 3060/2344/2699 2744/2347/2701 2410/2348/2702 2689/2349/2703
f 2682/2345/2700 3060/2344/2699 2689/2349/2703 2406/2350/2704
f 2409/2351/2705 2688/2352/2706 3061/2353/2707 2745/2354/2708
f 2688/2352/2706 2410/2348/2702 2744/2355/2701 3061/2353/2707
f 3061/2353/2707 2744/2355/2701 2436/2356/2594 2703/2357/2597
f 2745/2354/2708 3061/2353/2707 2703/2357/2597 2418/2230/2602
f 2413/2358/2573 2691/2359/2572 3062/2360/2709 2746/2361/2710
f 2691/2359/2572 2433/2362/2571 2751/2363/2711 3062/2360/2709
f 3062/2360/2709 2751/2363/2711 2447/2266/2636 2752/2294/2661
f 2746/2361/2710 3062/2360/2709 2752/2294/2661 2442/2293/2660
f 2418/2364/2602 2701/2365/2601 3063/2366/2712 2749/2367/2713
f 2701/2365/2601 2414/2368/2600 2747/2369/2714 3063/2366/2712
f 3063/2366/2712 2747/2369/2714 2443/2288/2645 2753/2285/2655
f 2749/2367/2713 3063/2366/2712 2753/2285/2655 2445/2284/2654
f 2414/2368/2600 2693/2370/2608 3064/2371/2715 2747/2369/2714
f 2693/2370/2608 2416/2372/2575 2748/2373/2716 3064/2371/2715
f 3064/2371/2715 2748/2373/2716 2444/2374/2649 2754/2375/2646
f 2747/2369/2714 3064/2371/2715 2754/2375/2646 2443/2288/2645
f 2433/2362/2571 2724/2376/2688 3065/2377/2717 2751/2363/2711
f 2724/2376/2688 2420/2378/2687 2750/2379/2718 3065/2377/2717
f 3065/2377/2717 2750/2379/2718 2446/2270/2640 2755/2267/2637
f 2751/2363/2711 3065/2377/2717 2755/2267/2637 2447/2266/2636
f 2428/2380/2665 2721/2381/2664 3066/2382/2719 2756/2383/2720
f 2721/2381/2664 2441/2384/2644 2761/2385/2721 3066/2382/2719
f 3066/2382/2719 2761/2385/2721 2453/2252/2624 2762/2302/2669
f 2756/2383/2720 3066/2382/2719 2762/2302/2669 2448/2208/2580
f 2441/2274/2644 2732/2273/2643 3067/2386/2722 2761/2387/2721
f 2732/2273/2643 2432/2272/2642 2760/2388/2723 3067/2386/2722
f 3067/2386/2722 2760/2388/2723 2452/2389/2628 2763/2390/2625
f 2761/2387/2721 3067/2386/2722 2763/2390/2625 2453/2391/2624
f 2429/2290/2653 2722/2392/2652 3068/2393/2724 2757/2394/2725
f 2722/2392/2652 2430/2395/2651 2758/2396/2726 3068/2393/2724
f 3068/2393/2724 2758/2396/2726 2450/2397/2576 2764/2398/2603
f 2757/2394/2725 3068/2393/2724 2764/2398/2603 2449/2399/2589
f 2431/2292/2659 2723/2291/2658 3069/2400/2727 2759/2401/2728
f 2723/2291/2658 2429/2290/2653 2757/2394/2725 3069/2400/2727
f 3069/2400/2727 2757/2394/2725 2449/2399/2589 2765/2402/2586
f 2759/2401/2728 3069/2400/2727 2765/2402/2586 2451/2403/2585
f 2407/2340/2697 2685/2404/2729 3070/2405/2730 2743/2341/2698
f 2685/2404/2729 2404/2406/2731 2767/2407/2732 3070/2405/2730
f 3070/2405/2730 2767/2407/2732 2451/2213/2585 2704/2408/2588
f 2743/2341/2698 3070/2405/2730 2704/2408/2588 2419/2221/2593
f 2404/2409/2731 2683/2410/2733 3071/2411/2734 2767/2412/2732
f 2683/2410/2733 2408/2413/2735 2768/2414/2736 3071/2411/2734
f 3071/2411/2734 2768/2414/2736 2431/2415/2659 2759/2416/2728
f 2767/2412/2732 3071/2411/2734 2759/2416/2728 2451/2403/2585
f 2408/2413/2735 2687/2417/2737 3072/2418/2738 2768/2414/2736
f 2687/2417/2737 2403/2419/2739 2769/2420/2740 3072/2418/2738
f 3072/2418/2738 2769/2420/2740 2445/2284/2654 2719/2287/2657
f 2768/2414/2736 3072/2418/2738 2719/2287/2657 2431/2415/2659
f 2403/2421/2739 2684/2422/2741 3073/2423/2742 2769/2424/2740
f 2684/2422/2741 2409/2351/2705 2745/2354/2708 3073/2423/2742
f 3073/2423/2742 2745/2354/2708 2418/2230/2602 2749/2425/2713
f 2769/2424/2740 3073/2423/2742 2749/2425/2713 2445/2426/2654
f 2413/2427/2573 2746/2428/2710 3074/2429/2743 2697/2430/2574
f 2746/2428/2710 2442/2431/2660 2770/2432/2744 3074/2429/2743
f 3074/2429/2743 2770/2432/2744 2444/2279/2649 2748/2433/2716
f 2697/2430/2574 3074/2429/2743 2748/2433/2716 2416/2372/2575
f 2442/2431/2660 2716/2434/2663 3075/2435/2745 2770/2432/2744
f 2716/2434/2663 2428/2436/2665 2771/2437/2746 3075/2435/2745
f 3075/2435/2745 2771/2437/2746 2430/2438/2651 2718/2439/2650
f 2770/2432/2744 3075/2435/2745 2718/2439/2650 2444/2279/2649
f 2428/2436/2665 2756/2440/2720 3076/2441/2747 2771/2437/2746
f 2756/2440/2720 2448/2442/2580 2766/2443/2577 3076/2441/2747
f 3076/2441/2747 2766/2443/2577 2450/2397/2576 2758/2444/2726
f 2771/2437/2746 3076/2441/2747 2758/2444/2726 2430/2438/2651
f 2405/2445/2689 2772/2446/2748 3077/2447/2749 2686/2448/2690
f 2772/2446/2748 2454/2449/2750 2776/2450/2751 3077/2447/2749
f 3077/2447/2749 2776/2450/2751 2455/2451/2752 2777/2452/2753
f 2686/2448/2690 3077/2447/2749 2777/2452/2753 2411/2453/2693
f 2454/2449/2750 2773/2454/2754 3078/2455/2755 2776/2450/2751
f 2773/2454/2754 2456/2456/2756 2778/2457/2757 3078/2455/2755
f 3078/2455/2755 2778/2457/2757 2457/2458/2758 2779/2459/2759
f 2776/2450/2751 3078/2455/2755 2779/2459/2759 2455/2451/2752
f 2456/2456/2756 2774/2460/2760 3079/2461/2761 2778/2457/2757
f 2774/2460/2760 2458/2462/2762 2780/2463/2763 3079/2461/2761
f 3079/2461/2761 2780/2463/2763 2459/2464/2764 2781/2465/2765
f 2778/2457/2757 3079/2461/2761 2781/2465/2765 2457/2458/2758
f 2458/2462/2762 2775/2466/2766 3080/2467/2767 2780/2463/2763
f 2775/2466/2766 2406/2468/2704 2689/2469/2703 3080/2467/2767
f 3080/2467/2767 2689/2469/2703 2410/2470/2702 2782/2471/2768
f 2780/2463/2763 3080/2467/2767 2782/2471/2768 2459/2464/2764
f 2411/2453/2693 2777/2452/2753 3081/2472/2769 2690/2473/2695
f 2777/2452/2753 2455/2451/2752 2783/2474/2770 3081/2472/2769
f 3081/2472/2769 2783/2474/2770 2404/2475/2731 2685/2476/2729
f 2690/2473/2695 3081/2472/2769 2685/2476/2729 2407/2477/2697
f 2455/2451/2752 2779/2459/2759 3082/2478/2771 2783/2474/2770
f 2779/2459/2759 2457/2458/2758 2784/2479/2772 3082/2478/2771
f 3082/2478/2771 2784/2479/2772 2408/2480/2735 2683/2481/2733
f 2783/2474/2770 3082/2478/2771 2683/2481/2733 2404/2475/2731
f 2457/2458/2758 2781/2465/2765 3083/2482/2773 2784/2479/2772
f 2781/2465/2765 2459/2464/2764 2785/2483/2774 3083/2482/2773
f 3083/2482/2773 2785/2483/2774 2403/2484/2739 2687/2485/2737
f 2784/2479/2772 3083/2482/2773 2687/2485/2737 2408/2480/2735
f 2459/2464/2764 2782/2471/2768 3084/2486/2775 2785/2483/2774
f 2782/2471/2768 2410/2470/2702 2688/2487/2706 3084/2486/2775
f 3084/2486/2775 2688/2487/2706 2409/2488/2705 2684/2489/2741
f 2785/2483/2774 3084/2486/2775 2684/2489/2741 2403/2484/2739
f 2464/1839/2776 2828/1842/2777 3085/2490/2778 2799/2491/2779
f 2828/1842/2777 2492/1847/2780 2853/2492/2781 3085/2490/2778
f 3085/2490/2778 2853/2492/2781 2493/2493/2782 2836/2494/2783
f 2799/2491/2779 3085/2490/2778 2836/2494/2783 2488/2495/2784
f 2493/2496/2782 2853/1846/2781 3086/2497/2785 2845/2498/2786
f 2853/1846/2781 2492/1847/2780 2844/1855/2787 3086/2497/2785
f 3086/2497/2785 2844/1855/2787 2461/1854/2788 2790/1853/2789
f 2845/2498/2786 3086/2497/2785 2790/1853/2789 2467/1852/2790
f 2462/1856/2791 2852/1859/2792 3087/2499/2793 2831/1857/2794
f 2852/1859/2792 2491/1864/2795 2843/1863/2796 3087/2499/2793
f 3087/2499/2793 2843/1863/2796 2460/1862/2797 2791/1861/2798
f 2831/1857/2794 3087/2499/2793 2791/1861/2798 2484/1860/2799
f 2465/1865/2800 2832/2500/2801 3088/2501/2802 2786/1866/2803
f 2832/2500/2801 2464/1873/2776 2794/1872/2804 3088/2501/2802
f 3088/2501/2802 2794/1872/2804 2475/1871/2805 2817/2502/2806
f 2786/1866/2803 3088/2501/2802 2817/2502/2806 2478/2503/2807
f 2472/1874/2808 2839/1877/2809 3089/2504/2810 2834/2505/2811
f 2839/1877/2809 2338/1882/2366 2573/1881/2365 3089/2504/2810
f 3089/2504/2810 2573/1881/2365 2343/1880/2364 2796/2506/2812
f 2834/2505/2811 3089/2504/2810 2796/2506/2812 2490/1878/2813
f 2494/1883/2814 2851/2507/2815 3090/2508/2816 2846/2509/2817
f 2851/2507/2815 2374/1891/2375 2628/1890/2374 3090/2508/2816
f 3090/2508/2816 2628/1890/2374 2340/1889/2373 2795/1888/2818
f 2846/2509/2817 3090/2508/2816 2795/1888/2818 2489/1887/2819
f 2342/1892/2376 2830/2510/2820 3091/1894/2821 2577/1893/2377
f 2830/2510/2820 2487/2055/2822 2841/2511/2823 3091/1894/2821
f 3091/1894/2821 2841/2511/2823 2495/2512/2824 2848/2513/2825
f 2577/1893/2377 3091/1894/2821 2848/2513/2825 2373/1896/2380
f 2491/1901/2795 2850/1904/2826 3092/2514/2827 2843/1902/2796
f 2850/1904/2826 2493/2496/2782 2845/2498/2786 3092/2514/2827
f 3092/2514/2827 2845/2498/2786 2467/1852/2790 2801/1906/2828
f 2843/1902/2796 3092/2514/2827 2801/1906/2828 2460/1905/2797
f 2478/2515/2807 2811/2516/2829 3093/1909/2830 2786/1866/2803
f 2811/2516/2829 2472/1874/2808 2834/2505/2811 3093/1909/2830
f 3093/1909/2830 2834/2505/2811 2490/1878/2813 2838/2517/2831
f 2786/1866/2803 3093/1909/2830 2838/2517/2831 2465/2518/2800
f 2476/1913/2832 2806/1916/2833 3094/2519/2834 2820/1914/2835
f 2806/1916/2833 2468/1918/2836 2810/1917/2837 3094/2519/2834
f 3094/2519/2834 2810/1917/2837 2472/1874/2808 2811/2516/2829
f 2820/1914/2835 3094/2519/2834 2811/2516/2829 2478/2515/2807
f 2480/1919/2838 2807/1922/2839 3095/1921/2840 2826/2520/2841
f 2807/1922/2839 2471/1927/2842 2805/1926/2843 3095/1921/2840
f 3095/1921/2840 2805/1926/2843 2475/1925/2805 2812/2521/2844
f 2826/2520/2841 3095/1921/2840 2812/2521/2844 2482/2522/2845
f 2477/1928/2846 2808/1931/2847 3096/2523/2848 2819/2524/2849
f 2808/1931/2847 2470/1936/2850 2804/1935/2851 3096/2523/2848
f 3096/2523/2848 2804/1935/2851 2474/1934/2852 2813/2525/2853
f 2819/2524/2849 3096/2523/2848 2813/2525/2853 2479/2526/2854
f 2481/1937/2855 2809/1940/2856 3097/1939/2857 2825/1938/2858
f 2809/1940/2856 2469/1945/2859 2803/1944/2860 3097/1939/2857
f 3097/1939/2857 2803/1944/2860 2473/1943/2861 2814/1942/2862
f 2825/1938/2858 3097/1939/2857 2814/1942/2862 2483/1941/2863
f 2469/1946/2859 2816/1949/2864 3098/2527/2865 2803/1947/2860
f 2816/1949/2864 2477/1928/2846 2819/2524/2849 3098/2527/2865
f 3098/2527/2865 2819/2524/2849 2479/2526/2854 2818/1951/2866
f 2803/1947/2860 3098/2527/2865 2818/1951/2866 2473/1950/2861
f 2471/1952/2842 2815/1955/2867 3099/2528/2868 2805/1953/2843
f 2815/1955/2867 2476/1913/2832 2820/1914/2835 3099/2528/2868
f 3099/2528/2868 2820/1914/2835 2478/2515/2807 2817/1870/2806
f 2805/1953/2843 3099/2528/2868 2817/1870/2806 2475/1871/2805
f 2468/1956/2836 2822/1959/2869 3100/2529/2870 2810/1957/2837
f 2822/1959/2869 2481/1937/2855 2825/1938/2858 3100/2529/2870
f 3100/2529/2870 2825/1938/2858 2483/1941/2863 2824/1961/2871
f 2810/1957/2837 3100/2529/2870 2824/1961/2871 2472/1960/2808
f 2470/1962/2850 2821/1965/2872 3101/2530/2873 2804/1963/2851
f 2821/1965/2872 2480/1919/2838 2826/2520/2841 3101/2530/2873
f 3101/2530/2873 2826/2520/2841 2482/2522/2845 2823/1967/2874
f 2804/1963/2851 3101/2530/2873 2823/1967/2874 2474/1966/2852
f 2337/1968/2434 2583/1971/2437 3102/2531/2875 2842/1969/2876
f 2583/1971/2437 2347/1976/2439 2802/2532/2877 3102/2531/2875
f 3102/2531/2875 2802/2532/2877 2483/1974/2863 2814/1973/2862
f 2842/1969/2876 3102/2531/2875 2814/1973/2862 2473/1972/2861
f 2490/1878/2813 2796/2506/2812 3103/2533/2878 2837/1977/2879
f 2796/2506/2812 2343/1880/2364 2578/1979/2442 3103/2533/2878
f 3103/2533/2878 2578/1979/2442 2374/1891/2375 2851/2507/2815
f 2837/1977/2879 3103/2533/2878 2851/2507/2815 2494/1883/2814
f 2463/2534/2880 2849/1983/2881 3104/2535/2882 2800/1981/2883
f 2849/1983/2881 2494/1883/2814 2846/2509/2817 3104/2535/2882
f 3104/2535/2882 2846/2509/2817 2489/1887/2819 2833/1985/2884
f 2800/1981/2883 3104/2535/2882 2833/1985/2884 2466/1984/2885
f 2464/1839/2776 2799/2536/2779 3105/2537/2886 2794/1986/2804
f 2799/2536/2779 2488/1992/2784 2840/2538/2887 3105/2537/2886
f 3105/2537/2886 2840/2538/2887 2482/1923/2845 2812/2539/2844
f 2794/1986/2804 3105/2537/2886 2812/2539/2844 2475/1925/2805
f 2337/1993/2434 2842/1996/2876 3106/2540/2888 2574/1994/2451
f 2842/1996/2876 2473/1950/2861 2835/2054/2889 3106/2540/2888
f 3106/2540/2888 2835/2054/2889 2487/2055/2822 2830/2510/2820
f 2574/1994/2451 3106/2540/2888 2830/2510/2820 2342/1892/2376
f 2373/1896/2380 2848/2513/2825 3107/2541/2890 2627/1998/2454
f 2848/2513/2825 2495/2512/2824 2847/2003/2891 3107/2541/2890
f 3107/2541/2890 2847/2003/2891 2486/2002/2892 2829/2001/2893
f 2627/1998/2454 3107/2541/2890 2829/2001/2893 2341/2000/2456
f 2464/1873/2776 2832/2006/2801 3108/2005/2894 2828/2004/2777
f 2832/2006/2801 2465/2518/2800 2788/2542/2895 3108/2005/2894
f 3108/2005/2894 2788/2542/2895 2463/2534/2880 2792/2543/2896
f 2828/2004/2777 3108/2005/2894 2792/2543/2896 2492/2007/2780
f 2347/1976/2439 2579/2011/2464 3109/2010/2897 2802/2532/2877
f 2579/2011/2464 2338/2015/2366 2839/2014/2809 3109/2010/2897
f 3109/2010/2897 2839/2014/2809 2472/2013/2808 2824/2012/2871
f 2802/2532/2877 3109/2010/2897 2824/2012/2871 2483/1974/2863
f 2465/2544/2800 2838/2545/2831 3110/2546/2898 2788/2542/2895
f 2838/2545/2831 2490/2547/2813 2837/2548/2879 3110/2546/2898
f 3110/2546/2898 2837/2548/2879 2494/1883/2814 2849/2020/2881
f 2788/2542/2895 3110/2546/2898 2849/2020/2881 2463/1980/2880
f 2495/2512/2824 2789/2549/2899 3111/2550/2900 2847/2003/2891
f 2789/2549/2899 2462/2028/2791 2831/2027/2794 3111/2550/2900
f 3111/2550/2900 2831/2027/2794 2484/2026/2799 2827/2025/2901
f 2847/2003/2891 3111/2550/2900 2827/2025/2901 2486/2002/2892
f 2492/2007/2780 2792/2543/2896 3112/2030/2902 2844/2029/2787
f 2792/2543/2896 2463/2534/2880 2800/1981/2883 3112/2030/2902
f 3112/2030/2902 2800/1981/2883 2466/1984/2885 2793/2032/2903
f 2844/2029/2787 3112/2030/2902 2793/2032/2903 2461/2031/2788
f 2488/2495/2784 2836/2494/2783 3113/2551/2904 2787/2552/2905
f 2836/2494/2783 2493/2493/2782 2850/2553/2826 3113/2551/2904
f 3113/2551/2904 2850/2553/2826 2491/1901/2795 2797/2036/2906
f 2787/2552/2905 3113/2551/2904 2797/2036/2906 2485/2035/2907
f 2488/1992/2784 2787/2552/2905 3114/2554/2908 2840/2538/2887
f 2787/2552/2905 2485/2035/2907 2798/2041/2909 3114/2554/2908
f 3114/2554/2908 2798/2041/2909 2474/1966/2852 2823/2555/2874
f 2840/2538/2887 3114/2554/2908 2823/2555/2874 2482/1923/2845
f 2462/2028/2791 2789/2556/2899 3115/2557/2910 2855/2558/2911
f 2789/2556/2899 2495/2049/2824 2841/2559/2823 3115/2557/2910
f 3115/2557/2910 2841/2559/2823 2487/2055/2822 2856/2560/2912
f 2855/2558/2911 3115/2557/2910 2856/2560/2912 2496/2561/2913
f 2479/1932/2854 2854/2562/2914 3116/2563/2915 2818/2051/2866
f 2854/2562/2914 2496/2564/2913 2856/2056/2912 3116/2563/2915
f 3116/2563/2915 2856/2056/2912 2487/2055/2822 2835/2565/2889
f 2818/2051/2866 3116/2563/2915 2835/2565/2889 2473/1950/2861
f 2474/1934/2852 2798/2060/2909 3117/2566/2916 2813/2058/2853
f 2798/2060/2909 2485/2062/2907 2857/2567/2917 3117/2566/2916
f 3117/2566/2916 2857/2567/2917 2496/2564/2913 2854/2562/2914
f 2813/2058/2853 3117/2566/2916 2854/2562/2914 2479/1932/2854
f 2485/2062/2907 2797/2064/2906 3118/2568/2918 2857/2567/2917
f 2797/2064/2906 2491/2066/2795 2852/2065/2792 3118/2568/2918
f 3118/2568/2918 2852/2065/2792 2462/2028/2791 2855/2569/2911
f 2857/2567/2917 3118/2568/2918 2855/2569/2911 2496/2564/2913
f 2513/2067/2919 2869/2070/2920 3119/2570/2921 2883/2571/2922
f 2869/2070/2920 2505/2075/2923 2873/2074/2924 3119/2570/2921
f 3119/2570/2921 2873/2074/2924 2509/2073/2925 2874/2572/2926
f 2883/2571/2922 3119/2570/2921 2874/2572/2926 2515/2573/2927
f 2517/2076/2928 2870/2079/2929 3120/2078/2930 2889/2574/2931
f 2870/2079/2929 2508/2084/2932 2868/2083/2933 3120/2078/2930
f 3120/2078/2930 2868/2083/2933 2512/2082/2934 2875/2575/2935
f 2889/2574/2931 3120/2078/2930 2875/2575/2935 2519/2080/2936
f 2514/2085/2937 2871/2088/2938 3121/2576/2939 2882/2086/2940
f 2871/2088/2938 2507/2093/2941 2867/2092/2942 3121/2576/2939
f 3121/2576/2939 2867/2092/2942 2511/2091/2943 2876/2577/2944
f 2882/2086/2940 3121/2576/2939 2876/2577/2944 2516/2578/2945
f 2518/2094/2946 2872/2097/2947 3122/2579/2948 2888/2095/2949
f 2872/2097/2947 2506/2102/2950 2866/2580/2951 3122/2579/2948
f 3122/2579/2948 2866/2580/2951 2510/2581/2952 2877/2582/2953
f 2888/2095/2949 3122/2579/2948 2877/2582/2953 2520/2098/2954
f 2506/2102/2950 2879/2104/2955 3123/2583/2956 2866/2580/2951
f 2879/2104/2955 2514/2085/2937 2882/2086/2940 3123/2583/2956
f 3123/2583/2956 2882/2086/2940 2516/2578/2945 2881/2105/2957
f 2866/2580/2951 3123/2583/2956 2881/2105/2957 2510/2581/2952
f 2508/2106/2932 2878/2109/2958 3124/2584/2959 2868/2107/2933
f 2878/2109/2958 2513/2067/2919 2883/2571/2922 3124/2584/2959
f 3124/2584/2959 2883/2571/2922 2515/2573/2927 2880/2585/2960
f 2868/2107/2933 3124/2584/2959 2880/2585/2960 2512/2110/2934
f 2505/2112/2923 2885/2115/2961 3125/2586/2962 2873/2113/2924
f 2885/2115/2961 2518/2120/2946 2888/2119/2949 3125/2586/2962
f 3125/2586/2962 2888/2119/2949 2520/2118/2954 2887/2117/2963
f 2873/2113/2924 3125/2586/2962 2887/2117/2963 2509/2116/2925
f 2507/2121/2941 2884/2124/2964 3126/2587/2965 2867/2122/2942
f 2884/2124/2964 2517/2076/2928 2889/2574/2931 3126/2587/2965
f 3126/2587/2965 2889/2574/2931 2519/2080/2936 2886/2588/2966
f 2867/2122/2942 3126/2587/2965 2886/2588/2966 2511/2125/2943
f 2512/2082/2934 2890/2129/2967 3127/2589/2968 2875/2590/2935
f 2890/2129/2967 2498/2134/2969 2862/2133/2970 3127/2589/2968
f 3127/2589/2968 2862/2133/2970 2502/2132/2971 2891/2591/2972
f 2875/2590/2935 3127/2589/2968 2891/2591/2972 2519/2592/2936
f 2519/2592/2936 2891/2591/2972 3128/2593/2973 2886/2594/2966
f 2891/2591/2972 2502/2132/2971 2860/2138/2974 3128/2593/2973
f 3128/2593/2973 2860/2138/2974 2500/2137/2975 2892/2136/2976
f 2886/2594/2966 3128/2593/2973 2892/2136/2976 2511/2125/2943
f 2511/2091/2943 2892/2141/2976 3129/2595/2977 2876/2577/2944
f 2892/2141/2976 2500/2145/2975 2864/2144/2978 3129/2595/2977
f 3129/2595/2977 2864/2144/2978 2504/2143/2979 2893/2596/2980
f 2876/2577/2944 3129/2595/2977 2893/2596/2980 2516/2597/2945
f 2516/2597/2945 2893/2596/2980 3130/2598/2981 2881/2599/2957
f 2893/2596/2980 2504/2143/2979 2865/2149/2982 3130/2598/2981
f 3130/2598/2981 2865/2149/2982 2503/2148/2983 2894/2600/2984
f 2881/2599/2957 3130/2598/2981 2894/2600/2984 2510/2100/2952
f 2510/2100/2952 2894/2600/2984 3131/2601/2985 2877/2150/2953
f 2894/2600/2984 2503/2148/2983 2863/2154/2986 3131/2601/2985
f 3131/2601/2985 2863/2154/2986 2499/2153/2987 2895/2152/2988
f 2877/2150/2953 3131/2601/2985 2895/2152/2988 2520/2098/2954
f 2520/2118/2954 2895/2156/2988 3132/2602/2989 2887/2603/2963
f 2895/2156/2988 2499/2160/2987 2859/2159/2990 3132/2602/2989
f 3132/2602/2989 2859/2159/2990 2501/2158/2991 2896/2157/2992
f 2887/2603/2963 3132/2602/2989 2896/2157/2992 2509/2116/2925
f 2509/2073/2925 2896/2163/2992 3133/2162/2993 2874/2161/2926
f 2896/2163/2992 2501/2168/2991 2861/2167/2994 3133/2162/2993
f 3133/2162/2993 2861/2167/2994 2497/2166/2995 2897/2165/2996
f 2874/2161/2926 3133/2162/2993 2897/2165/2996 2515/2573/2927
f 2515/2573/2927 2897/2165/2996 3134/2604/2997 2880/2169/2960
f 2897/2165/2996 2497/2166/2995 2858/2173/2998 3134/2604/2997
f 3134/2604/2997 2858/2173/2998 2498/2172/2969 2890/2171/2967
f 2880/2169/2960 3134/2604/2997 2890/2171/2967 2512/2110/2934
f 2498/2174/2969 2858/2177/2998 3135/2176/2999 2862/2175/2970
f 2497/2193/2995 2861/2191/2994 3135/2176/2999 2858/2194/2998
f 2501/2190/2991 2859/2192/2990 3135/2176/2999 2861/2191/2994
f 2499/2188/2987 2863/2186/2986 3135/2176/2999 2859/2189/2990
f 2503/2185/2983 2865/2187/2982 3135/2176/2999 2863/2186/2986
f 2504/2183/2979 2864/2181/2978 3135/2176/2999 2865/2184/2982
f 2500/2180/2975 2860/2182/2974 3135/2176/2999 2864/2181/2978
f 2502/2178/2971 2862/2175/2970 3135/2176/2999 2860/2179/2974
f 2542/2195/3000 2915/2198/3001 3136/2605/3002 2947/2196/3003
f 2915/2198/3001 2532/2203/3004 2912/2202/3005 3136/2605/3002
f 3136/2605/3002 2912/2202/3005 2529/2201/3006 2906/2200/3007
f 2947/2196/3003 3136/2605/3002 2906/2200/3007 2540/2199/3008
f 2556/2204/3009 2914/2606/3010 3137/2607/3011 2970/2205/3012
f 2914/2606/3010 2533/2608/3013 2913/2609/3014 3137/2607/3011
f 3137/2607/3011 2913/2609/3014 2528/2610/3015 2907/2209/3016
f 2970/2205/3012 3137/2607/3011 2907/2209/3016 2554/2208/3017
f 2557/2213/3018 2919/2216/3019 3138/2611/3020 2969/2214/3021
f 2919/2216/3019 2535/2221/3022 2917/2306/3023 3138/2611/3020
f 3138/2611/3020 2917/2306/3023 2531/2612/3024 2910/2613/3025
f 2969/2214/3021 3138/2611/3020 2910/2613/3025 2555/2217/3026
f 2543/2346/3027 2918/2225/3028 3139/2614/3029 2946/2615/3030
f 2918/2225/3028 2534/2230/3031 2916/2229/3032 3139/2614/3029
f 3139/2614/3029 2916/2229/3032 2530/2228/3033 2911/2616/3034
f 2946/2615/3030 3139/2614/3029 2911/2616/3034 2541/2617/3035
f 2555/2217/3026 2910/2613/3025 3140/2618/3036 2968/2231/3037
f 2910/2613/3025 2531/2612/3024 2909/2619/3038 3140/2618/3036
f 3140/2618/3036 2909/2619/3038 2533/2608/3013 2914/2606/3010
f 2968/2231/3037 3140/2618/3036 2914/2606/3010 2556/2204/3009
f 2541/2617/3035 2911/2616/3034 3141/2620/3039 2945/2621/3040
f 2911/2616/3034 2530/2228/3033 2908/2236/3041 3141/2620/3039
f 3141/2620/3039 2908/2236/3041 2532/2203/3004 2915/2198/3001
f 2945/2621/3040 3141/2620/3039 2915/2198/3001 2542/2195/3000
f 2545/2622/3042 2921/2623/3043 3142/2624/3044 2944/2238/3045
f 2921/2623/3043 2422/2245/2617 2710/2244/2616 3142/2624/3044
f 3142/2624/3044 2710/2244/2616 2424/2243/2615 2922/2625/3046
f 2944/2238/3045 3142/2624/3044 2922/2625/3046 2546/2241/3047
f 2547/2626/3048 2923/2627/3049 3143/2248/3050 2943/2311/3051
f 2923/2627/3049 2427/2251/2623 2712/2250/2622 3143/2248/3050
f 3143/2248/3050 2712/2250/2622 2422/2245/2617 2921/2623/3043
f 2943/2311/3051 3143/2248/3050 2921/2623/3043 2545/2622/3042
f 2558/2252/3052 2942/2628/3053 3144/2629/3054 2967/2253/3055
f 2942/2628/3053 2544/2630/3056 2920/2631/3057 3144/2629/3054
f 3144/2629/3054 2920/2631/3057 2421/2258/2630 2713/2257/2629
f 2967/2253/3055 3144/2629/3054 2713/2257/2629 2452/2256/2628
f 2546/2241/3047 2922/2625/3046 3145/2632/3058 2941/2633/3059
f 2922/2625/3046 2424/2243/2615 2714/2265/2635 3145/2632/3058
f 3145/2632/3058 2714/2265/2635 2421/2258/2630 2920/2264/3057
f 2941/2633/3059 3145/2632/3058 2920/2264/3057 2544/2260/3056
f 2553/2634/3060 2940/2635/3061 3146/2636/3062 2960/2637/3063
f 2940/2635/3061 2548/2274/3064 2939/2638/3065 3146/2636/3062
f 3146/2636/3062 2939/2638/3065 2432/2272/2642 2720/2271/2641
f 2960/2637/3063 3146/2636/3062 2720/2271/2641 2446/2270/2640
f 2550/2275/3066 2925/2639/3067 3147/2640/3068 2959/2641/3069
f 2925/2639/3067 2537/2642/3070 2929/2282/3071 3147/2640/3068
f 3147/2640/3068 2929/2282/3071 2538/2643/3072 2926/2644/3073
f 2959/2641/3069 3147/2640/3068 2926/2644/3073 2551/2374/3074
f 2552/2284/3075 2927/2287/3076 3148/2645/3077 2958/2646/3078
f 2927/2287/3076 2539/2292/3079 2930/2291/3080 3148/2645/3077
f 3148/2645/3077 2930/2291/3080 2537/2290/3070 2925/2647/3067
f 2958/2646/3078 3148/2645/3077 2925/2647/3067 2550/2648/3066
f 2549/2293/3081 2924/2296/3082 3149/2295/3083 2957/2649/3084
f 2924/2296/3082 2536/2298/3085 2928/2297/3086 3149/2295/3083
f 3149/2295/3083 2928/2297/3086 2548/2274/3064 2940/2635/3061
f 2957/2649/3084 3149/2295/3083 2940/2635/3061 2553/2634/3060
f 2533/2608/3013 2937/2300/3087 3150/2650/3088 2913/2609/3014
f 2937/2300/3087 2546/2241/3047 2941/2633/3059 3150/2650/3088
f 3150/2650/3088 2941/2633/3059 2544/2260/3056 2935/2651/3089
f 2913/2609/3014 3150/2650/3088 2935/2651/3089 2528/2610/3015
f 2554/2208/3017 2907/2209/3016 3151/2303/3090 2966/2652/3091
f 2907/2209/3016 2528/2610/3015 2935/2304/3089 3151/2303/3090
f 3151/2303/3090 2935/2304/3089 2544/2630/3056 2942/2628/3053
f 2966/2652/3091 3151/2303/3090 2942/2628/3053 2558/2252/3052
f 2535/2305/3022 2938/2653/3092 3152/2654/3093 2917/2306/3023
f 2938/2653/3092 2547/2312/3048 2943/2311/3051 3152/2654/3093
f 3152/2654/3093 2943/2311/3051 2545/2655/3042 2936/2656/3094
f 2917/2306/3023 3152/2654/3093 2936/2656/3094 2531/2657/3024
f 2531/2657/3024 2936/2656/3094 3153/2658/3095 2909/2659/3038
f 2936/2656/3094 2545/2655/3042 2944/2660/3045 3153/2658/3095
f 3153/2658/3095 2944/2660/3045 2546/2315/3047 2937/2300/3087
f 2909/2659/3038 3153/2658/3095 2937/2300/3087 2533/2661/3013
f 2423/2316/2675 2932/2319/3096 3154/2662/3097 2709/2317/2676
f 2932/2319/3096 2541/2617/3035 2945/2621/3040 3154/2662/3097
f 3154/2662/3097 2945/2621/3040 2542/2195/3000 2933/2663/3098
f 2709/2317/2676 3154/2662/3097 2933/2663/3098 2425/2320/2679
f 2426/2322/2681 2934/2343/3099 3155/2664/3100 2711/2323/2682
f 2934/2343/3099 2543/2346/3027 2946/2615/3030 3155/2664/3100
f 3155/2664/3100 2946/2615/3030 2541/2617/3035 2932/2319/3096
f 2711/2323/2682 3155/2664/3100 2932/2319/3096 2423/2316/2675
f 2425/2320/2679 2933/2663/3098 3156/2665/3101 2715/2326/2685
f 2933/2663/3098 2542/2195/3000 2947/2196/3003 3156/2665/3101
f 3156/2665/3101 2947/2196/3003 2540/2199/3008 2931/2329/3102
f 2715/2326/2685 3156/2665/3101 2931/2329/3102 2420/2328/2687
f 2405/2330/2689 2742/2333/2692 3157/2666/3103 2901/2331/3104
f 2742/2333/2692 2427/2251/2623 2923/2337/3049 3157/2666/3103
f 3157/2666/3103 2923/2337/3049 2547/2626/3048 2948/2667/3105
f 2901/2331/3104 3157/2666/3103 2948/2667/3105 2527/2334/3106
f 2527/2334/3106 2948/2667/3105 3158/2668/3107 2905/2338/3108
f 2948/2667/3105 2547/2626/3048 2938/2342/3092 3158/2668/3107
f 3158/2668/3107 2938/2342/3092 2535/2669/3022 2949/2670/3109
f 2905/2338/3108 3158/2668/3107 2949/2670/3109 2523/2340/3110
f 2426/2322/2681 2682/2345/2700 3159/2671/3111 2934/2325/3099
f 2682/2345/2700 2406/2350/2704 2904/2349/3112 3159/2671/3111
f 3159/2671/3111 2904/2349/3112 2526/2348/3113 2950/2355/3114
f 2934/2325/3099 3159/2671/3111 2950/2355/3114 2543/2346/3027
f 2525/2351/3115 2951/2672/3116 3160/2673/3117 2903/2352/3118
f 2951/2672/3116 2534/2230/3031 2918/2674/3028 3160/2673/3117
f 3160/2673/3117 2918/2674/3028 2543/2356/3027 2950/2675/3114
f 2903/2352/3118 3160/2673/3117 2950/2675/3114 2526/2348/3113
f 2529/2358/3006 2952/2361/3119 3161/2676/3120 2906/2359/3007
f 2952/2361/3119 2549/2293/3081 2957/2649/3084 3161/2676/3120
f 3161/2676/3120 2957/2649/3084 2553/2634/3060 2956/2677/3121
f 2906/2359/3007 3161/2676/3120 2956/2677/3121 2540/2362/3008
f 2534/2364/3031 2955/2367/3122 3162/2678/3123 2916/2365/3032
f 2955/2367/3122 2552/2284/3075 2958/2646/3078 3162/2678/3123
f 3162/2678/3123 2958/2646/3078 2550/2648/3066 2953/2369/3124
f 2916/2365/3032 3162/2678/3123 2953/2369/3124 2530/2368/3033
f 2530/2368/3033 2953/2369/3124 3163/2679/3125 2908/2370/3041
f 2953/2369/3124 2550/2648/3066 2959/2375/3069 3163/2679/3125
f 3163/2679/3125 2959/2375/3069 2551/2374/3074 2954/2680/3126
f 2908/2370/3041 3163/2679/3125 2954/2680/3126 2532/2372/3004
f 2540/2362/3008 2956/2677/3121 3164/2681/3127 2931/2376/3102
f 2956/2677/3121 2553/2634/3060 2960/2637/3063 3164/2681/3127
f 3164/2681/3127 2960/2637/3063 2446/2270/2640 2750/2379/2718
f 2931/2376/3102 3164/2681/3127 2750/2379/2718 2420/2378/2687
f 2536/2380/3085 2961/2383/3128 3165/2682/3129 2928/2381/3086
f 2961/2383/3128 2554/2208/3017 2966/2652/3091 3165/2682/3129
f 3165/2682/3129 2966/2652/3091 2558/2252/3052 2965/2385/3130
f 2928/2381/3086 3165/2682/3129 2965/2385/3130 2548/2384/3064
f 2548/2274/3064 2965/2387/3130 3166/2683/3131 2939/2638/3065
f 2965/2387/3130 2558/2391/3052 2967/2390/3055 3166/2683/3131
f 3166/2683/3131 2967/2390/3055 2452/2389/2628 2760/2388/2723
f 2939/2638/3065 3166/2683/3131 2760/2388/2723 2432/2272/2642
f 2537/2290/3070 2962/2684/3132 3167/2393/3133 2929/2685/3071
f 2962/2684/3132 2555/2399/3026 2968/2398/3037 3167/2393/3133
f 3167/2393/3133 2968/2398/3037 2556/2397/3009 2963/2396/3134
f 2929/2685/3071 3167/2393/3133 2963/2396/3134 2538/2686/3072
f 2539/2292/3079 2964/2687/3135 3168/2688/3136 2930/2291/3080
f 2964/2687/3135 2557/2403/3018 2969/2402/3021 3168/2688/3136
f 3168/2688/3136 2969/2402/3021 2555/2399/3026 2962/2684/3132
f 2930/2291/3080 3168/2688/3136 2962/2684/3132 2537/2290/3070
f 2523/2340/3110 2949/2670/3109 3169/2689/3137 2900/2404/3138
f 2949/2670/3109 2535/2669/3022 2919/2690/3019 3169/2689/3137
f 3169/2689/3137 2919/2690/3019 2557/2213/3018 2971/2407/3139
f 2900/2404/3138 3169/2689/3137 2971/2407/3139 2522/2406/3140
f 2522/2409/3140 2971/2412/3139 3170/2411/3141 2898/2410/3142
f 2971/2412/3139 2557/2403/3018 2964/2691/3135 3170/2411/3141
f 3170/2411/3141 2964/2691/3135 2539/2692/3079 2972/2693/3143
f 2898/2410/3142 3170/2411/3141 2972/2693/3143 2524/2413/3144
f 2524/2413/3144 2972/2693/3143 3171/2694/3145 2902/2417/3146
f 2972/2693/3143 2539/2692/3079 2927/2287/3076 3171/2694/3145
f 3171/2694/3145 2927/2287/3076 2552/2284/3075 2973/2420/3147
f 2902/2417/3146 3171/2694/3145 2973/2420/3147 2521/2419/3148
f 2521/2421/3148 2973/2424/3147 3172/2695/3149 2899/2422/3150
f 2973/2424/3147 2552/2426/3075 2955/2425/3122 3172/2695/3149
f 3172/2695/3149 2955/2425/3122 2534/2230/3031 2951/2672/3116
f 2899/2422/3150 3172/2695/3149 2951/2672/3116 2525/2351/3115
f 2529/2427/3006 2912/2430/3005 3173/2429/3151 2952/2428/3119
f 2912/2430/3005 2532/2372/3004 2954/2696/3126 3173/2429/3151
f 3173/2429/3151 2954/2696/3126 2551/2374/3074 2974/2697/3152
f 2952/2428/3119 3173/2429/3151 2974/2697/3152 2549/2431/3081
f 2549/2431/3081 2974/2697/3152 3174/2698/3153 2924/2434/3082
f 2974/2697/3152 2551/2374/3074 2926/2439/3073 3174/2698/3153
f 3174/2698/3153 2926/2439/3073 2538/2686/3072 2975/2699/3154
f 2924/2434/3082 3174/2698/3153 2975/2699/3154 2536/2436/3085
f 2536/2436/3085 2975/2699/3154 3175/2700/3155 2961/2440/3128
f 2975/2699/3154 2538/2686/3072 2963/2396/3134 3175/2700/3155
f 3175/2700/3155 2963/2396/3134 2556/2397/3009 2970/2443/3012
f 2961/2440/3128 3175/2700/3155 2970/2443/3012 2554/2442/3017
f 2405/2445/2689 2901/2448/3104 3176/2701/3156 2772/2446/2748
f 2901/2448/3104 2527/2453/3106 2977/2452/3157 3176/2701/3156
f 3176/2701/3156 2977/2452/3157 2559/2702/3158 2976/2450/3159
f 2772/2446/2748 3176/2701/3156 2976/2450/3159 2454/2449/2750
f 2454/2449/2750 2976/2450/3159 3177/2455/3160 2773/2454/2754
f 2976/2450/3159 2559/2702/3158 2979/2703/3161 3177/2455/3160
f 3177/2455/3160 2979/2703/3161 2560/2458/3162 2978/2704/3163
f 2773/2454/2754 3177/2455/3160 2978/2704/3163 2456/2456/2756
f 2456/2456/2756 2978/2704/3163 3178/2705/3164 2774/2460/2760
f 2978/2704/3163 2560/2458/3162 2981/2465/3165 3178/2705/3164
f 3178/2705/3164 2981/2465/3165 2561/2706/3166 2980/2707/3167
f 2774/2460/2760 3178/2705/3164 2980/2707/3167 2458/2462/2762
f 2458/2462/2762 2980/2707/3167 3179/2708/3168 2775/2466/2766
f 2980/2707/3167 2561/2706/3166 2982/2709/3169 3179/2708/3168
f 3179/2708/3168 2982/2709/3169 2526/2470/3113 2904/2469/3112
f 2775/2466/2766 3179/2708/3168 2904/2469/3112 2406/2468/2704
f 2527/2453/3106 2905/2473/3108 3180/2710/3170 2977/2452/3157
f 2905/2473/3108 2523/2477/3110 2900/2476/3138 3180/2710/3170
f 3180/2710/3170 2900/2476/3138 2522/2475/3140 2983/2474/3171
f 2977/2452/3157 3180/2710/3170 2983/2474/3171 2559/2702/3158
f 2559/2702/3158 2983/2474/3171 3181/2478/3172 2979/2703/3161
f 2983/2474/3171 2522/2475/3140 2898/2481/3142 3181/2478/3172
f 3181/2478/3172 2898/2481/3142 2524/2480/3144 2984/2711/3173
f 2979/2703/3161 3181/2478/3172 2984/2711/3173 2560/2458/3162
f 2560/2458/3162 2984/2711/3173 3182/2712/3174 2981/2465/3165
f 2984/2711/3173 2524/2480/3144 2902/2485/3146 3182/2712/3174
f 3182/2712/3174 2902/2485/3146 2521/2484/3148 2985/2713/3175
f 2981/2465/3165 3182/2712/3174 2985/2713/3175 2561/2706/3166
f 2561/2706/3166 2985/2713/3175 3183/2486/3176 2982/2709/3169
f 2985/2713/3175 2521/2484/3148 2899/2489/3150 3183/2486/3176
f 3183/2486/3176 2899/2489/3150 2525/2488/3115 2903/2487/3118
f 2982/2709/3169 3183/2486/3176 2903/2487/3118 2526/2470/3113
f 3190/1839/3177 3461/1842/3178 3837/1841/3179 3431/1840/3180
f 3431/1840/3180 3837/1841/3179 3469/1844/3181 3219/1843/3182
f 3837/1841/3179 3488/1846/3183 3226/1845/3184 3469/1844/3181
f 3461/1842/3178 3223/1847/3185 3488/1846/3183 3837/1841/3179
f 3226/1848/3184 3488/1851/3183 3838/1850/3186 3480/1849/3187
f 3480/1849/3187 3838/1850/3186 3417/1853/3188 3197/1852/3189
f 3838/1850/3186 3477/1855/3190 3185/1854/3191 3417/1853/3188
f 3488/1851/3183 3223/1847/3185 3477/1855/3190 3838/1850/3186
f 3186/1856/3192 3487/1859/3193 3839/1858/3194 3464/1857/3195
f 3464/1857/3195 3839/1858/3194 3418/1861/3196 3215/1860/3197
f 3839/1858/3194 3476/1863/3198 3184/1862/3199 3418/1861/3196
f 3487/1859/3193 3222/1864/3200 3476/1863/3198 3839/1858/3194
f 3195/1865/3201 3465/1868/3202 3840/1867/3203 3413/1866/3204
f 3413/1866/3204 3840/1867/3203 3450/1870/3205 3209/1869/3206
f 3840/1867/3203 3421/1872/3207 3206/1871/3208 3450/1870/3205
f 3465/1868/3202 3190/1873/3177 3421/1872/3207 3840/1867/3203
f 3203/1874/3209 3472/1877/3210 3841/1876/3211 3467/1875/3212
f 3467/1875/3212 3841/1876/3211 3423/1879/3213 3221/1878/3214
f 3841/1876/3211 3424/1881/3215 3194/1880/3216 3423/1879/3213
f 3472/1877/3210 3189/1882/3217 3424/1881/3215 3841/1876/3211
f 3227/1883/3218 3486/1886/3219 3842/1885/3220 3481/1884/3221
f 3481/1884/3221 3842/1885/3220 3422/1888/3222 3220/1887/3223
f 3842/1885/3220 3479/1890/3224 3191/1889/3225 3422/1888/3222
f 3486/1886/3219 3225/1891/3226 3479/1890/3224 3842/1885/3220
f 3193/1892/3227 3463/1895/3228 3843/1894/3229 3428/1893/3230
f 3428/1893/3230 3843/1894/3229 3483/1897/3231 3224/1896/3232
f 3843/1894/3229 3474/1899/3233 3228/1898/3234 3483/1897/3231
f 3463/1895/3228 3218/1900/3235 3474/1899/3233 3843/1894/3229
f 3222/1901/3200 3485/1904/3236 3844/1903/3237 3476/1902/3198
f 3476/1902/3198 3844/1903/3237 3433/1906/3238 3184/1905/3199
f 3844/1903/3237 3480/1849/3187 3197/1852/3189 3433/1906/3238
f 3485/1904/3236 3226/1848/3184 3480/1849/3187 3844/1903/3237
f 3209/1907/3206 3444/1910/3239 3845/1909/3240 3413/1908/3204
f 3413/1908/3204 3845/1909/3240 3471/1912/3241 3195/1911/3201
f 3845/1909/3240 3467/1875/3212 3221/1878/3214 3471/1912/3241
f 3444/1910/3239 3203/1874/3209 3467/1875/3212 3845/1909/3240
f 3207/1913/3242 3439/1916/3243 3846/1915/3244 3453/1914/3245
f 3453/1914/3245 3846/1915/3244 3444/1910/3239 3209/1907/3206
f 3846/1915/3244 3443/1917/3246 3203/1874/3209 3444/1910/3239
f 3439/1916/3243 3199/1918/3247 3443/1917/3246 3846/1915/3244
f 3211/1919/3248 3440/1922/3249 3847/1921/3250 3459/1920/3251
f 3459/1920/3251 3847/1921/3250 3445/1924/3252 3213/1923/3253
f 3847/1921/3250 3438/1926/3254 3206/1925/3208 3445/1924/3252
f 3440/1922/3249 3202/1927/3255 3438/1926/3254 3847/1921/3250
f 3208/1928/3256 3441/1931/3257 3848/1930/3258 3452/1929/3259
f 3452/1929/3259 3848/1930/3258 3446/1933/3260 3210/1932/3261
f 3848/1930/3258 3437/1935/3262 3205/1934/3263 3446/1933/3260
f 3441/1931/3257 3201/1936/3264 3437/1935/3262 3848/1930/3258
f 3212/1937/3265 3442/1940/3266 3849/1939/3267 3458/1938/3268
f 3458/1938/3268 3849/1939/3267 3447/1942/3269 3214/1941/3270
f 3849/1939/3267 3436/1944/3271 3204/1943/3272 3447/1942/3269
f 3442/1940/3266 3200/1945/3273 3436/1944/3271 3849/1939/3267
f 3200/1946/3273 3449/1949/3274 3850/1948/3275 3436/1947/3271
f 3436/1947/3271 3850/1948/3275 3451/1951/3276 3204/1950/3272
f 3850/1948/3275 3452/1929/3259 3210/1932/3261 3451/1951/3276
f 3449/1949/3274 3208/1928/3256 3452/1929/3259 3850/1948/3275
f 3202/1952/3255 3448/1955/3277 3851/1954/3278 3438/1953/3254
f 3438/1953/3254 3851/1954/3278 3450/1870/3205 3206/1871/3208
f 3851/1954/3278 3453/1914/3245 3209/1907/3206 3450/1870/3205
f 3448/1955/3277 3207/1913/3242 3453/1914/3245 3851/1954/3278
f 3199/1956/3247 3455/1959/3279 3852/1958/3280 3443/1957/3246
f 3443/1957/3246 3852/1958/3280 3457/1961/3281 3203/1960/3209
f 3852/1958/3280 3458/1938/3268 3214/1941/3270 3457/1961/3281
f 3455/1959/3279 3212/1937/3265 3458/1938/3268 3852/1958/3280
f 3201/1962/3264 3454/1965/3282 3853/1964/3283 3437/1963/3262
f 3437/1963/3262 3853/1964/3283 3456/1967/3284 3205/1966/3263
f 3853/1964/3283 3459/1920/3251 3213/1923/3253 3456/1967/3284
f 3454/1965/3282 3211/1919/3248 3459/1920/3251 3853/1964/3283
f 3188/1968/3285 3434/1971/3286 3854/1970/3287 3475/1969/3288
f 3475/1969/3288 3854/1970/3287 3447/1973/3269 3204/1972/3272
f 3854/1970/3287 3435/1975/3289 3214/1974/3270 3447/1973/3269
f 3434/1971/3286 3198/1976/3290 3435/1975/3289 3854/1970/3287
f 3221/1878/3214 3423/1879/3213 3855/1978/3291 3470/1977/3292
f 3470/1977/3292 3855/1978/3291 3486/1886/3219 3227/1883/3218
f 3855/1978/3291 3429/1979/3293 3225/1891/3226 3486/1886/3219
f 3423/1879/3213 3194/1880/3216 3429/1979/3293 3855/1978/3291
f 3187/1980/3294 3484/1983/3295 3856/1982/3296 3432/1981/3297
f 3432/1981/3297 3856/1982/3296 3466/1985/3298 3196/1984/3299
f 3856/1982/3296 3481/1884/3221 3220/1887/3223 3466/1985/3298
f 3484/1983/3295 3227/1883/3218 3481/1884/3221 3856/1982/3296
f 3190/1839/3177 3431/1988/3180 3857/1987/3300 3421/1986/3207
f 3421/1986/3207 3857/1987/3300 3445/1989/3252 3206/1925/3208
f 3857/1987/3300 3473/1991/3301 3213/1990/3253 3445/1989/3252
f 3431/1988/3180 3219/1992/3182 3473/1991/3301 3857/1987/3300
f 3188/1993/3285 3475/1996/3288 3858/1995/3302 3425/1994/3303
f 3425/1994/3303 3858/1995/3302 3463/1895/3228 3193/1892/3227
f 3858/1995/3302 3468/1997/3304 3218/1900/3235 3463/1895/3228
f 3475/1996/3288 3204/1950/3272 3468/1997/3304 3858/1995/3302
f 3224/1896/3232 3483/1897/3231 3859/1999/3305 3478/1998/3306
f 3478/1998/3306 3859/1999/3305 3462/2001/3307 3192/2000/3308
f 3859/1999/3305 3482/2003/3309 3217/2002/3310 3462/2001/3307
f 3483/1897/3231 3228/1898/3234 3482/2003/3309 3859/1999/3305
f 3190/1873/3177 3465/2006/3202 3860/2005/3311 3461/2004/3178
f 3461/2004/3178 3860/2005/3311 3419/2008/3312 3223/2007/3185
f 3860/2005/3311 3415/2009/3313 3187/1980/3294 3419/2008/3312
f 3465/2006/3202 3195/1911/3201 3415/2009/3313 3860/2005/3311
f 3198/1976/3290 3430/2011/3314 3861/2010/3315 3435/1975/3289
f 3435/1975/3289 3861/2010/3315 3457/2012/3281 3214/1974/3270
f 3861/2010/3315 3472/2014/3210 3203/2013/3209 3457/2012/3281
f 3430/2011/3314 3189/2015/3217 3472/2014/3210 3861/2010/3315
f 3195/1865/3201 3471/2018/3241 3862/2017/3316 3415/2016/3313
f 3415/2016/3313 3862/2017/3316 3484/2020/3295 3187/2019/3294
f 3862/2017/3316 3470/1977/3292 3227/2021/3218 3484/2020/3295
f 3471/2018/3241 3221/2022/3214 3470/1977/3292 3862/2017/3316
f 3228/1898/3234 3416/2024/3317 3863/2023/3318 3482/2003/3309
f 3482/2003/3309 3863/2023/3318 3460/2025/3319 3217/2002/3310
f 3863/2023/3318 3464/2027/3195 3215/2026/3197 3460/2025/3319
f 3416/2024/3317 3186/2028/3192 3464/2027/3195 3863/2023/3318
f 3223/2007/3185 3419/2008/3312 3864/2030/3320 3477/2029/3190
f 3477/2029/3190 3864/2030/3320 3420/2032/3321 3185/2031/3191
f 3864/2030/3320 3432/1981/3297 3196/1984/3299 3420/2032/3321
f 3419/2008/3312 3187/1980/3294 3432/1981/3297 3864/2030/3320
f 3219/1843/3182 3469/1844/3181 3865/2034/3322 3414/2033/3323
f 3414/2033/3323 3865/2034/3322 3426/2036/3324 3216/2035/3325
f 3865/2034/3322 3485/2037/3236 3222/1901/3200 3426/2036/3324
f 3469/1844/3181 3226/1845/3184 3485/2037/3236 3865/2034/3322
f 3219/1992/3182 3414/2039/3323 3866/2038/3326 3473/1991/3301
f 3473/1991/3301 3866/2038/3326 3456/2040/3284 3213/1990/3253
f 3866/2038/3326 3427/2041/3327 3205/1966/3263 3456/2040/3284
f 3414/2039/3323 3216/2035/3325 3427/2041/3327 3866/2038/3326
f 3186/2028/3192 3416/2044/3317 3867/2043/3328 3490/2042/3329
f 3490/2042/3329 3867/2043/3328 3491/2046/3330 3229/2045/3331
f 3867/2043/3328 3474/2048/3233 3218/2047/3235 3491/2046/3330
f 3416/2044/3317 3228/2049/3234 3474/2048/3233 3867/2043/3328
f 3210/2050/3261 3489/2053/3332 3868/2052/3333 3451/2051/3276
f 3451/2051/3276 3868/2052/3333 3468/2054/3304 3204/1950/3272
f 3868/2052/3333 3491/2056/3330 3218/2055/3235 3468/2054/3304
f 3489/2053/3332 3229/2057/3331 3491/2056/3330 3868/2052/3333
f 3205/1934/3263 3427/2060/3327 3869/2059/3334 3446/2058/3260
f 3446/2058/3260 3869/2059/3334 3489/2053/3332 3210/2050/3261
f 3869/2059/3334 3492/2061/3335 3229/2057/3331 3489/2053/3332
f 3427/2060/3327 3216/2062/3325 3492/2061/3335 3869/2059/3334
f 3216/2062/3325 3426/2064/3324 3870/2063/3336 3492/2061/3335
f 3492/2061/3335 3870/2063/3336 3490/2042/3329 3229/2057/3331
f 3870/2063/3336 3487/2065/3193 3186/2028/3192 3490/2042/3329
f 3426/2064/3324 3222/2066/3200 3487/2065/3193 3870/2063/3336
f 3246/2067/3337 3504/2070/3338 3871/2069/3339 3518/2068/3340
f 3518/2068/3340 3871/2069/3339 3509/2072/3341 3248/2071/3342
f 3871/2069/3339 3508/2074/3343 3242/2073/3344 3509/2072/3341
f 3504/2070/3338 3238/2075/3345 3508/2074/3343 3871/2069/3339
f 3250/2076/3346 3505/2079/3347 3872/2078/3348 3524/2077/3349
f 3524/2077/3349 3872/2078/3348 3510/2081/3350 3252/2080/3351
f 3872/2078/3348 3503/2083/3352 3245/2082/3353 3510/2081/3350
f 3505/2079/3347 3241/2084/3354 3503/2083/3352 3872/2078/3348
f 3247/2085/3355 3506/2088/3356 3873/2087/3357 3517/2086/3358
f 3517/2086/3358 3873/2087/3357 3511/2090/3359 3249/2089/3360
f 3873/2087/3357 3502/2092/3361 3244/2091/3362 3511/2090/3359
f 3506/2088/3356 3240/2093/3363 3502/2092/3361 3873/2087/3357
f 3251/2094/3364 3507/2097/3365 3874/2096/3366 3523/2095/3367
f 3523/2095/3367 3874/2096/3366 3512/2099/3368 3253/2098/3369
f 3874/2096/3366 3501/2101/3370 3243/2100/3371 3512/2099/3368
f 3507/2097/3365 3239/2102/3372 3501/2101/3370 3874/2096/3366
f 3239/2102/3372 3514/2104/3373 3875/2103/3374 3501/2101/3370
f 3501/2101/3370 3875/2103/3374 3516/2105/3375 3243/2100/3371
f 3875/2103/3374 3517/2086/3358 3249/2089/3360 3516/2105/3375
f 3514/2104/3373 3247/2085/3355 3517/2086/3358 3875/2103/3374
f 3241/2106/3354 3513/2109/3376 3876/2108/3377 3503/2107/3352
f 3503/2107/3352 3876/2108/3377 3515/2111/3378 3245/2110/3353
f 3876/2108/3377 3518/2068/3340 3248/2071/3342 3515/2111/3378
f 3513/2109/3376 3246/2067/3337 3518/2068/3340 3876/2108/3377
f 3238/2112/3345 3520/2115/3379 3877/2114/3380 3508/2113/3343
f 3508/2113/3343 3877/2114/3380 3522/2117/3381 3242/2116/3344
f 3877/2114/3380 3523/2119/3367 3253/2118/3369 3522/2117/3381
f 3520/2115/3379 3251/2120/3364 3523/2119/3367 3877/2114/3380
f 3240/2121/3363 3519/2124/3382 3878/2123/3383 3502/2122/3361
f 3502/2122/3361 3878/2123/3383 3521/2126/3384 3244/2125/3362
f 3878/2123/3383 3524/2077/3349 3252/2080/3351 3521/2126/3384
f 3519/2124/3382 3250/2076/3346 3524/2077/3349 3878/2123/3383
f 3245/2082/3353 3525/2129/3385 3879/2128/3386 3510/2127/3350
f 3510/2127/3350 3879/2128/3386 3526/2131/3387 3252/2130/3351
f 3879/2128/3386 3497/2133/3388 3235/2132/3389 3526/2131/3387
f 3525/2129/3385 3231/2134/3390 3497/2133/3388 3879/2128/3386
f 3252/2130/3351 3526/2131/3387 3880/2135/3391 3521/2126/3384
f 3521/2126/3384 3880/2135/3391 3527/2136/3392 3244/2125/3362
f 3880/2135/3391 3495/2138/3393 3233/2137/3394 3527/2136/3392
f 3526/2131/3387 3235/2132/3389 3495/2138/3393 3880/2135/3391
f 3244/2091/3362 3527/2141/3392 3881/2140/3395 3511/2139/3359
f 3511/2139/3359 3881/2140/3395 3528/2142/3396 3249/2089/3360
f 3881/2140/3395 3499/2144/3397 3237/2143/3398 3528/2142/3396
f 3527/2141/3392 3233/2145/3394 3499/2144/3397 3881/2140/3395
f 3249/2089/3360 3528/2142/3396 3882/2146/3399 3516/2105/3375
f 3516/2105/3375 3882/2146/3399 3529/2147/3400 3243/2100/3371
f 3882/2146/3399 3500/2149/3401 3236/2148/3402 3529/2147/3400
f 3528/2142/3396 3237/2143/3398 3500/2149/3401 3882/2146/3399
f 3243/2100/3371 3529/2147/3400 3883/2151/3403 3512/2150/3368
f 3512/2150/3368 3883/2151/3403 3530/2152/3404 3253/2098/3369
f 3883/2151/3403 3498/2154/3405 3232/2153/3406 3530/2152/3404
f 3529/2147/3400 3236/2148/3402 3498/2154/3405 3883/2151/3403
f 3253/2118/3369 3530/2156/3404 3884/2155/3407 3522/2117/3381
f 3522/2117/3381 3884/2155/3407 3531/2157/3408 3242/2116/3344
f 3884/2155/3407 3494/2159/3409 3234/2158/3410 3531/2157/3408
f 3530/2156/3404 3232/2160/3406 3494/2159/3409 3884/2155/3407
f 3242/2073/3344 3531/2163/3408 3885/2162/3411 3509/2161/3341
f 3509/2161/3341 3885/2162/3411 3532/2165/3412 3248/2164/3342
f 3885/2162/3411 3496/2167/3413 3230/2166/3414 3532/2165/3412
f 3531/2163/3408 3234/2168/3410 3496/2167/3413 3885/2162/3411
f 3248/2164/3342 3532/2165/3412 3886/2170/3415 3515/2169/3378
f 3515/2169/3378 3886/2170/3415 3525/2171/3385 3245/2110/3353
f 3886/2170/3415 3493/2173/3416 3231/2172/3390 3525/2171/3385
f 3532/2165/3412 3230/2166/3414 3493/2173/3416 3886/2170/3415
f 3231/2174/3390 3493/2177/3416 3887/2176/3417 3497/2175/3388
f 3235/2178/3389 3497/2175/3388 3887/2176/3417 3495/2179/3393
f 3233/2180/3394 3495/2182/3393 3887/2176/3417 3499/2181/3397
f 3237/2183/3398 3499/2181/3397 3887/2176/3417 3500/2184/3401
f 3236/2185/3402 3500/2187/3401 3887/2176/3417 3498/2186/3405
f 3232/2188/3406 3498/2186/3405 3887/2176/3417 3494/2189/3409
f 3234/2190/3410 3494/2192/3409 3887/2176/3417 3496/2191/3413
f 3230/2193/3414 3496/2191/3413 3887/2176/3417 3493/2194/3416
f 3286/2195/3418 3551/2198/3419 3888/2197/3420 3591/2196/3421
f 3591/2196/3421 3888/2197/3420 3542/2200/3422 3284/2199/3423
f 3888/2197/3420 3548/2202/3424 3264/2201/3425 3542/2200/3422
f 3551/2198/3419 3267/2203/3426 3548/2202/3424 3888/2197/3420
f 3301/2204/3427 3550/2207/3428 3889/2206/3429 3617/2205/3430
f 3617/2205/3430 3889/2206/3429 3543/2209/3431 3299/2208/3432
f 3889/2206/3429 3549/2211/3433 3263/2210/3434 3543/2209/3431
f 3550/2207/3428 3268/2212/3435 3549/2211/3433 3889/2206/3429
f 3302/2213/3436 3555/2216/3437 3890/2215/3438 3616/2214/3439
f 3616/2214/3439 3890/2215/3438 3546/2218/3440 3300/2217/3441
f 3890/2215/3438 3553/2220/3442 3266/2219/3443 3546/2218/3440
f 3555/2216/3437 3270/2221/3444 3553/2220/3442 3890/2215/3438
f 3287/2222/3445 3554/2225/3446 3891/2224/3447 3590/2223/3448
f 3590/2223/3448 3891/2224/3447 3547/2227/3449 3285/2226/3450
f 3891/2224/3447 3552/2229/3451 3265/2228/3452 3547/2227/3449
f 3554/2225/3446 3269/2230/3453 3552/2229/3451 3891/2224/3447
f 3300/2217/3441 3546/2218/3440 3892/2232/3454 3615/2231/3455
f 3615/2231/3455 3892/2232/3454 3550/2207/3428 3301/2204/3427
f 3892/2232/3454 3545/2233/3456 3268/2212/3435 3550/2207/3428
f 3546/2218/3440 3266/2219/3443 3545/2233/3456 3892/2232/3454
f 3285/2226/3450 3547/2227/3449 3893/2235/3457 3589/2234/3458
f 3589/2234/3458 3893/2235/3457 3551/2198/3419 3286/2195/3418
f 3893/2235/3457 3544/2236/3459 3267/2203/3426 3551/2198/3419
f 3547/2227/3449 3265/2228/3452 3544/2236/3459 3893/2235/3457
f 3289/2237/3460 3557/2240/3461 3894/2239/3462 3588/2238/3463
f 3588/2238/3463 3894/2239/3462 3558/2242/3464 3290/2241/3465
f 3894/2239/3462 3561/2244/3466 3275/2243/3467 3558/2242/3464
f 3557/2240/3461 3273/2245/3468 3561/2244/3466 3894/2239/3462
f 3291/2246/3469 3559/2249/3470 3895/2248/3471 3587/2247/3472
f 3587/2247/3472 3895/2248/3471 3557/2240/3461 3289/2237/3460
f 3895/2248/3471 3563/2250/3473 3273/2245/3468 3557/2240/3461
f 3559/2249/3470 3278/2251/3474 3563/2250/3473 3895/2248/3471
f 3304/2252/3475 3586/2255/3476 3896/2254/3477 3614/2253/3478
f 3614/2253/3478 3896/2254/3477 3564/2257/3479 3303/2256/3480
f 3896/2254/3477 3556/2259/3481 3272/2258/3482 3564/2257/3479
f 3586/2255/3476 3288/2260/3483 3556/2259/3481 3896/2254/3477
f 3290/2241/3465 3558/2242/3464 3897/2262/3484 3585/2261/3485
f 3585/2261/3485 3897/2262/3484 3556/2264/3481 3288/2263/3483
f 3897/2262/3484 3565/2265/3486 3272/2258/3482 3556/2264/3481
f 3558/2242/3464 3275/2243/3467 3565/2265/3486 3897/2262/3484
f 3298/2266/3487 3584/2269/3488 3898/2268/3489 3606/2267/3490
f 3606/2267/3490 3898/2268/3489 3571/2271/3491 3297/2270/3492
f 3898/2268/3489 3583/2273/3493 3283/2272/3494 3571/2271/3491
f 3584/2269/3488 3292/2274/3495 3583/2273/3493 3898/2268/3489
f 3294/2275/3496 3568/2278/3497 3899/2277/3498 3605/2276/3499
f 3605/2276/3499 3899/2277/3498 3569/2280/3500 3295/2279/3501
f 3899/2277/3498 3573/2282/3502 3281/2281/3503 3569/2280/3500
f 3568/2278/3497 3280/2283/3504 3573/2282/3502 3899/2277/3498
f 3296/2284/3505 3570/2287/3506 3900/2286/3507 3604/2285/3508
f 3604/2285/3508 3900/2286/3507 3568/2289/3497 3294/2288/3496
f 3900/2286/3507 3574/2291/3509 3280/2290/3504 3568/2289/3497
f 3570/2287/3506 3282/2292/3510 3574/2291/3509 3900/2286/3507
f 3293/2293/3511 3567/2296/3512 3901/2295/3513 3603/2294/3514
f 3603/2294/3514 3901/2295/3513 3584/2269/3488 3298/2266/3487
f 3901/2295/3513 3572/2297/3515 3292/2274/3495 3584/2269/3488
f 3567/2296/3512 3279/2298/3516 3572/2297/3515 3901/2295/3513
f 3268/2212/3435 3581/2300/3517 3902/2299/3518 3549/2211/3433
f 3549/2211/3433 3902/2299/3518 3579/2301/3519 3263/2210/3434
f 3902/2299/3518 3585/2261/3485 3288/2263/3483 3579/2301/3519
f 3581/2300/3517 3290/2241/3465 3585/2261/3485 3902/2299/3518
f 3299/2208/3432 3543/2209/3431 3903/2303/3520 3613/2302/3521
f 3613/2302/3521 3903/2303/3520 3586/2255/3476 3304/2252/3475
f 3903/2303/3520 3579/2304/3519 3288/2260/3483 3586/2255/3476
f 3543/2209/3431 3263/2210/3434 3579/2304/3519 3903/2303/3520
f 3270/2305/3444 3582/2308/3522 3904/2307/3523 3553/2306/3442
f 3553/2306/3442 3904/2307/3523 3580/2309/3524 3266/2219/3443
f 3904/2307/3523 3587/2311/3472 3289/2310/3460 3580/2309/3524
f 3582/2308/3522 3291/2312/3469 3587/2311/3472 3904/2307/3523
f 3266/2219/3443 3580/2309/3524 3905/2313/3525 3545/2233/3456
f 3545/2233/3456 3905/2313/3525 3581/2314/3517 3268/2212/3435
f 3905/2313/3525 3588/2238/3463 3290/2315/3465 3581/2314/3517
f 3580/2309/3524 3289/2310/3460 3588/2238/3463 3905/2313/3525
f 3274/2316/3526 3576/2319/3527 3906/2318/3528 3560/2317/3529
f 3560/2317/3529 3906/2318/3528 3577/2321/3530 3276/2320/3531
f 3906/2318/3528 3589/2234/3458 3286/2195/3418 3577/2321/3530
f 3576/2319/3527 3285/2226/3450 3589/2234/3458 3906/2318/3528
f 3277/2322/3532 3578/2325/3533 3907/2324/3534 3562/2323/3535
f 3562/2323/3535 3907/2324/3534 3576/2319/3527 3274/2316/3526
f 3907/2324/3534 3590/2223/3448 3285/2226/3450 3576/2319/3527
f 3578/2325/3533 3287/2222/3445 3590/2223/3448 3907/2324/3534
f 3276/2320/3531 3577/2321/3530 3908/2327/3536 3566/2326/3537
f 3566/2326/3537 3908/2327/3536 3575/2329/3538 3271/2328/3539
f 3908/2327/3536 3591/2196/3421 3284/2199/3423 3575/2329/3538
f 3577/2321/3530 3286/2195/3418 3591/2196/3421 3908/2327/3536
f 3256/2330/3540 3593/2333/3541 3909/2332/3542 3537/2331/3543
f 3537/2331/3543 3909/2332/3542 3592/2335/3544 3262/2334/3545
f 3909/2332/3542 3559/2337/3470 3291/2336/3469 3592/2335/3544
f 3593/2333/3541 3278/2251/3474 3559/2337/3470 3909/2332/3542
f 3262/2334/3545 3592/2335/3544 3910/2339/3546 3541/2338/3547
f 3541/2338/3547 3910/2339/3546 3594/2341/3548 3258/2340/3549
f 3910/2339/3546 3582/2342/3522 3270/2221/3444 3594/2341/3548
f 3592/2335/3544 3291/2336/3469 3582/2342/3522 3910/2339/3546
f 3277/2322/3532 3533/2345/3550 3911/2344/3551 3578/2343/3533
f 3578/2343/3533 3911/2344/3551 3595/2347/3552 3287/2346/3445
f 3911/2344/3551 3540/2349/3553 3261/2348/3554 3595/2347/3552
f 3533/2345/3550 3257/2350/3555 3540/2349/3553 3911/2344/3551
f 3260/2351/3556 3596/2354/3557 3912/2353/3558 3539/2352/3559
f 3539/2352/3559 3912/2353/3558 3595/2355/3552 3261/2348/3554
f 3912/2353/3558 3554/2357/3446 3287/2356/3445 3595/2355/3552
f 3596/2354/3557 3269/2230/3453 3554/2357/3446 3912/2353/3558
f 3264/2358/3425 3597/2361/3560 3913/2360/3561 3542/2359/3422
f 3542/2359/3422 3913/2360/3561 3602/2363/3562 3284/2362/3423
f 3913/2360/3561 3603/2294/3514 3298/2266/3487 3602/2363/3562
f 3597/2361/3560 3293/2293/3511 3603/2294/3514 3913/2360/3561
f 3269/2364/3453 3600/2367/3563 3914/2366/3564 3552/2365/3451
f 3552/2365/3451 3914/2366/3564 3598/2369/3565 3265/2368/3452
f 3914/2366/3564 3604/2285/3508 3294/2288/3496 3598/2369/3565
f 3600/2367/3563 3296/2284/3505 3604/2285/3508 3914/2366/3564
f 3265/2368/3452 3598/2369/3565 3915/2371/3566 3544/2370/3459
f 3544/2370/3459 3915/2371/3566 3599/2373/3567 3267/2372/3426
f 3915/2371/3566 3605/2375/3499 3295/2374/3501 3599/2373/3567
f 3598/2369/3565 3294/2288/3496 3605/2375/3499 3915/2371/3566
f 3284/2362/3423 3602/2363/3562 3916/2377/3568 3575/2376/3538
f 3575/2376/3538 3916/2377/3568 3601/2379/3569 3271/2378/3539
f 3916/2377/3568 3606/2267/3490 3297/2270/3492 3601/2379/3569
f 3602/2363/3562 3298/2266/3487 3606/2267/3490 3916/2377/3568
f 3279/2380/3516 3607/2383/3570 3917/2382/3571 3572/2381/3515
f 3572/2381/3515 3917/2382/3571 3612/2385/3572 3292/2384/3495
f 3917/2382/3571 3613/2302/3521 3304/2252/3475 3612/2385/3572
f 3607/2383/3570 3299/2208/3432 3613/2302/3521 3917/2382/3571
f 3292/2274/3495 3612/2387/3572 3918/2386/3573 3583/2273/3493
f 3583/2273/3493 3918/2386/3573 3611/2388/3574 3283/2272/3494
f 3918/2386/3573 3614/2390/3478 3303/2389/3480 3611/2388/3574
f 3612/2387/3572 3304/2391/3475 3614/2390/3478 3918/2386/3573
f 3280/2290/3504 3608/2394/3575 3919/2393/3576 3573/2392/3502
f 3573/2392/3502 3919/2393/3576 3609/2396/3577 3281/2395/3503
f 3919/2393/3576 3615/2398/3455 3301/2397/3427 3609/2396/3577
f 3608/2394/3575 3300/2399/3441 3615/2398/3455 3919/2393/3576
f 3282/2292/3510 3610/2401/3578 3920/2400/3579 3574/2291/3509
f 3574/2291/3509 3920/2400/3579 3608/2394/3575 3280/2290/3504
f 3920/2400/3579 3616/2402/3439 3300/2399/3441 3608/2394/3575
f 3610/2401/3578 3302/2403/3436 3616/2402/3439 3920/2400/3579
f 3258/2340/3549 3594/2341/3548 3921/2405/3580 3536/2404/3581
f 3536/2404/3581 3921/2405/3580 3618/2407/3582 3255/2406/3583
f 3921/2405/3580 3555/2408/3437 3302/2213/3436 3618/2407/3582
f 3594/2341/3548 3270/2221/3444 3555/2408/3437 3921/2405/3580
f 3255/2409/3583 3618/2412/3582 3922/2411/3584 3534/2410/3585
f 3534/2410/3585 3922/2411/3584 3619/2414/3586 3259/2413/3587
f 3922/2411/3584 3610/2416/3578 3282/2415/3510 3619/2414/3586
f 3618/2412/3582 3302/2403/3436 3610/2416/3578 3922/2411/3584
f 3259/2413/3587 3619/2414/3586 3923/2418/3588 3538/2417/3589
f 3538/2417/3589 3923/2418/3588 3620/2420/3590 3254/2419/3591
f 3923/2418/3588 3570/2287/3506 3296/2284/3505 3620/2420/3590
f 3619/2414/3586 3282/2415/3510 3570/2287/3506 3923/2418/3588
f 3254/2421/3591 3620/2424/3590 3924/2423/3592 3535/2422/3593
f 3535/2422/3593 3924/2423/3592 3596/2354/3557 3260/2351/3556
f 3924/2423/3592 3600/2425/3563 3269/2230/3453 3596/2354/3557
f 3620/2424/3590 3296/2426/3505 3600/2425/3563 3924/2423/3592
f 3264/2427/3425 3548/2430/3424 3925/2429/3594 3597/2428/3560
f 3597/2428/3560 3925/2429/3594 3621/2432/3595 3293/2431/3511
f 3925/2429/3594 3599/2433/3567 3295/2279/3501 3621/2432/3595
f 3548/2430/3424 3267/2372/3426 3599/2433/3567 3925/2429/3594
f 3293/2431/3511 3621/2432/3595 3926/2435/3596 3567/2434/3512
f 3567/2434/3512 3926/2435/3596 3622/2437/3597 3279/2436/3516
f 3926/2435/3596 3569/2439/3500 3281/2438/3503 3622/2437/3597
f 3621/2432/3595 3295/2279/3501 3569/2439/3500 3926/2435/3596
f 3279/2436/3516 3622/2437/3597 3927/2441/3598 3607/2440/3570
f 3607/2440/3570 3927/2441/3598 3617/2443/3430 3299/2442/3432
f 3927/2441/3598 3609/2444/3577 3301/2397/3427 3617/2443/3430
f 3622/2437/3597 3281/2438/3503 3609/2444/3577 3927/2441/3598
f 3256/2445/3540 3537/2448/3543 3928/2447/3599 3623/2446/3600
f 3623/2446/3600 3928/2447/3599 3627/2450/3601 3305/2449/3602
f 3928/2447/3599 3628/2452/3603 3306/2451/3604 3627/2450/3601
f 3537/2448/3543 3262/2453/3545 3628/2452/3603 3928/2447/3599
f 3305/2449/3602 3627/2450/3601 3929/2455/3605 3624/2454/3606
f 3624/2454/3606 3929/2455/3605 3629/2457/3607 3307/2456/3608
f 3929/2455/3605 3630/2459/3609 3308/2458/3610 3629/2457/3607
f 3627/2450/3601 3306/2451/3604 3630/2459/3609 3929/2455/3605
f 3307/2456/3608 3629/2457/3607 3930/2461/3611 3625/2460/3612
f 3625/2460/3612 3930/2461/3611 3631/2463/3613 3309/2462/3614
f 3930/2461/3611 3632/2465/3615 3310/2464/3616 3631/2463/3613
f 3629/2457/3607 3308/2458/3610 3632/2465/3615 3930/2461/3611
f 3309/2462/3614 3631/2463/3613 3931/2467/3617 3626/2466/3618
f 3626/2466/3618 3931/2467/3617 3540/2469/3553 3257/2468/3555
f 3931/2467/3617 3633/2471/3619 3261/2470/3554 3540/2469/3553
f 3631/2463/3613 3310/2464/3616 3633/2471/3619 3931/2467/3617
f 3262/2453/3545 3541/2473/3547 3932/2472/3620 3628/2452/3603
f 3628/2452/3603 3932/2472/3620 3634/2474/3621 3306/2451/3604
f 3932/2472/3620 3536/2476/3581 3255/2475/3583 3634/2474/3621
f 3541/2473/3547 3258/2477/3549 3536/2476/3581 3932/2472/3620
f 3306/2451/3604 3634/2474/3621 3933/2478/3622 3630/2459/3609
f 3630/2459/3609 3933/2478/3622 3635/2479/3623 3308/2458/3610
f 3933/2478/3622 3534/2481/3585 3259/2480/3587 3635/2479/3623
f 3634/2474/3621 3255/2475/3583 3534/2481/3585 3933/2478/3622
f 3308/2458/3610 3635/2479/3623 3934/2482/3624 3632/2465/3615
f 3632/2465/3615 3934/2482/3624 3636/2483/3625 3310/2464/3616
f 3934/2482/3624 3538/2485/3589 3254/2484/3591 3636/2483/3625
f 3635/2479/3623 3259/2480/3587 3538/2485/3589 3934/2482/3624
f 3310/2464/3616 3636/2483/3625 3935/2486/3626 3633/2471/3619
f 3633/2471/3619 3935/2486/3626 3539/2487/3559 3261/2470/3554
f 3935/2486/3626 3535/2489/3593 3260/2488/3556 3539/2487/3559
f 3636/2483/3625 3254/2484/3591 3535/2489/3593 3935/2486/3626
f 3315/1839/3627 3650/2491/3628 3936/2490/3629 3679/1842/3630
f 3679/1842/3630 3936/2490/3629 3704/2492/3631 3343/1847/3632
f 3936/2490/3629 3687/2494/3633 3344/2493/3634 3704/2492/3631
f 3650/2491/3628 3339/2495/3635 3687/2494/3633 3936/2490/3629
f 3344/2496/3634 3696/2498/3636 3937/2497/3637 3704/1846/3631
f 3704/1846/3631 3937/2497/3637 3695/1855/3638 3343/1847/3632
f 3937/2497/3637 3641/1853/3639 3312/1854/3640 3695/1855/3638
f 3696/2498/3636 3318/1852/3641 3641/1853/3639 3937/2497/3637
f 3313/1856/3642 3682/1857/3643 3938/2499/3644 3703/1859/3645
f 3703/1859/3645 3938/2499/3644 3694/1863/3646 3342/1864/3647
f 3938/2499/3644 3642/1861/3648 3311/1862/3649 3694/1863/3646
f 3682/1857/3643 3335/1860/3650 3642/1861/3648 3938/2499/3644
f 3316/1865/3651 3637/1866/3652 3939/2501/3653 3683/2500/3654
f 3683/2500/3654 3939/2501/3653 3645/1872/3655 3315/1873/3627
f 3939/2501/3653 3668/2502/3656 3326/1871/3657 3645/1872/3655
f 3637/1866/3652 3329/2503/3658 3668/2502/3656 3939/2501/3653
f 3323/1874/3659 3685/2505/3660 3940/2504/3661 3690/1877/3662
f 3690/1877/3662 3940/2504/3661 3424/1881/3215 3189/1882/3217
f 3940/2504/3661 3647/2506/3663 3194/1880/3216 3424/1881/3215
f 3685/2505/3660 3341/1878/3664 3647/2506/3663 3940/2504/3661
f 3345/1883/3665 3697/2509/3666 3941/2508/3667 3702/2507/3668
f 3702/2507/3668 3941/2508/3667 3479/1890/3224 3225/1891/3226
f 3941/2508/3667 3646/1888/3669 3191/1889/3225 3479/1890/3224
f 3697/2509/3666 3340/1887/3670 3646/1888/3669 3941/2508/3667
f 3193/1892/3227 3428/1893/3230 3942/1894/3671 3681/2510/3672
f 3681/2510/3672 3942/1894/3671 3692/2511/3673 3338/2055/3674
f 3942/1894/3671 3699/2513/3675 3346/2512/3676 3692/2511/3673
f 3428/1893/3230 3224/1896/3232 3699/2513/3675 3942/1894/3671
f 3342/1901/3647 3694/1902/3646 3943/2514/3677 3701/1904/3678
f 3701/1904/3678 3943/2514/3677 3696/2498/3636 3344/2496/3634
f 3943/2514/3677 3652/1906/3679 3318/1852/3641 3696/2498/3636
f 3694/1902/3646 3311/1905/3649 3652/1906/3679 3943/2514/3677
f 3329/2515/3658 3637/1866/3652 3944/1909/3680 3662/2516/3681
f 3662/2516/3681 3944/1909/3680 3685/2505/3660 3323/1874/3659
f 3944/1909/3680 3689/2517/3682 3341/1878/3664 3685/2505/3660
f 3637/1866/3652 3316/2518/3651 3689/2517/3682 3944/1909/3680
f 3327/1913/3683 3671/1914/3684 3945/2519/3685 3657/1916/3686
f 3657/1916/3686 3945/2519/3685 3661/1917/3687 3319/1918/3688
f 3945/2519/3685 3662/2516/3681 3323/1874/3659 3661/1917/3687
f 3671/1914/3684 3329/2515/3658 3662/2516/3681 3945/2519/3685
f 3331/1919/3689 3677/2520/3690 3946/1921/3691 3658/1922/3692
f 3658/1922/3692 3946/1921/3691 3656/1926/3693 3322/1927/3694
f 3946/1921/3691 3663/2521/3695 3326/1925/3657 3656/1926/3693
f 3677/2520/3690 3333/2522/3696 3663/2521/3695 3946/1921/3691
f 3328/1928/3697 3670/2524/3698 3947/2523/3699 3659/1931/3700
f 3659/1931/3700 3947/2523/3699 3655/1935/3701 3321/1936/3702
f 3947/2523/3699 3664/2525/3703 3325/1934/3704 3655/1935/3701
f 3670/2524/3698 3330/2526/3705 3664/2525/3703 3947/2523/3699
f 3332/1937/3706 3676/1938/3707 3948/1939/3708 3660/1940/3709
f 3660/1940/3709 3948/1939/3708 3654/1944/3710 3320/1945/3711
f 3948/1939/3708 3665/1942/3712 3324/1943/3713 3654/1944/3710
f 3676/1938/3707 3334/1941/3714 3665/1942/3712 3948/1939/3708
f 3320/1946/3711 3654/1947/3710 3949/2527/3715 3667/1949/3716
f 3667/1949/3716 3949/2527/3715 3670/2524/3698 3328/1928/3697
f 3949/2527/3715 3669/1951/3717 3330/2526/3705 3670/2524/3698
f 3654/1947/3710 3324/1950/3713 3669/1951/3717 3949/2527/3715
f 3322/1952/3694 3656/1953/3693 3950/2528/3718 3666/1955/3719
f 3666/1955/3719 3950/2528/3718 3671/1914/3684 3327/1913/3683
f 3950/2528/3718 3668/1870/3656 3329/2515/3658 3671/1914/3684
f 3656/1953/3693 3326/1871/3657 3668/1870/3656 3950/2528/3718
f 3319/1956/3688 3661/1957/3687 3951/2529/3720 3673/1959/3721
f 3673/1959/3721 3951/2529/3720 3676/1938/3707 3332/1937/3706
f 3951/2529/3720 3675/1961/3722 3334/1941/3714 3676/1938/3707
f 3661/1957/3687 3323/1960/3659 3675/1961/3722 3951/2529/3720
f 3321/1962/3702 3655/1963/3701 3952/2530/3723 3672/1965/3724
f 3672/1965/3724 3952/2530/3723 3677/2520/3690 3331/1919/3689
f 3952/2530/3723 3674/1967/3725 3333/2522/3696 3677/2520/3690
f 3655/1963/3701 3325/1966/3704 3674/1967/3725 3952/2530/3723
f 3188/1968/3285 3693/1969/3726 3953/2531/3727 3434/1971/3286
f 3434/1971/3286 3953/2531/3727 3653/2532/3728 3198/1976/3290
f 3953/2531/3727 3665/1973/3712 3334/1974/3714 3653/2532/3728
f 3693/1969/3726 3324/1972/3713 3665/1973/3712 3953/2531/3727
f 3341/1878/3664 3688/1977/3729 3954/2533/3730 3647/2506/3663
f 3647/2506/3663 3954/2533/3730 3429/1979/3293 3194/1880/3216
f 3954/2533/3730 3702/2507/3668 3225/1891/3226 3429/1979/3293
f 3688/1977/3729 3345/1883/3665 3702/2507/3668 3954/2533/3730
f 3314/2534/3731 3651/1981/3732 3955/2535/3733 3700/1983/3734
f 3700/1983/3734 3955/2535/3733 3697/2509/3666 3345/1883/3665
f 3955/2535/3733 3684/1985/3735 3340/1887/3670 3697/2509/3666
f 3651/1981/3732 3317/1984/3736 3684/1985/3735 3955/2535/3733
f 3315/1839/3627 3645/1986/3655 3956/2537/3737 3650/2536/3628
f 3650/2536/3628 3956/2537/3737 3691/2538/3738 3339/1992/3635
f 3956/2537/3737 3663/2539/3695 3333/1923/3696 3691/2538/3738
f 3645/1986/3655 3326/1925/3657 3663/2539/3695 3956/2537/3737
f 3188/1993/3285 3425/1994/3303 3957/2540/3739 3693/1996/3726
f 3693/1996/3726 3957/2540/3739 3686/2054/3740 3324/1950/3713
f 3957/2540/3739 3681/2510/3672 3338/2055/3674 3686/2054/3740
f 3425/1994/3303 3193/1892/3227 3681/2510/3672 3957/2540/3739
f 3224/1896/3232 3478/1998/3306 3958/2541/3741 3699/2513/3675
f 3699/2513/3675 3958/2541/3741 3698/2003/3742 3346/2512/3676
f 3958/2541/3741 3680/2001/3743 3337/2002/3744 3698/2003/3742
f 3478/1998/3306 3192/2000/3308 3680/2001/3743 3958/2541/3741
f 3315/1873/3627 3679/2004/3630 3959/2005/3745 3683/2006/3654
f 3683/2006/3654 3959/2005/3745 3639/2542/3746 3316/2518/3651
f 3959/2005/3745 3643/2543/3747 3314/2534/3731 3639/2542/3746
f 3679/2004/3630 3343/2007/3632 3643/2543/3747 3959/2005/3745
f 3198/1976/3290 3653/2532/3728 3960/2010/3748 3430/2011/3314
f 3430/2011/3314 3960/2010/3748 3690/2014/3662 3189/2015/3217
f 3960/2010/3748 3675/2012/3722 3323/2013/3659 3690/2014/3662
f 3653/2532/3728 3334/1974/3714 3675/2012/3722 3960/2010/3748
f 3316/2544/3651 3639/2542/3746 3961/2546/3749 3689/2545/3682
f 3689/2545/3682 3961/2546/3749 3688/2548/3729 3341/2547/3664
f 3961/2546/3749 3700/2020/3734 3345/1883/3665 3688/2548/3729
f 3639/2542/3746 3314/1980/3731 3700/2020/3734 3961/2546/3749
f 3346/2512/3676 3698/2003/3742 3962/2550/3750 3640/2549/3751
f 3640/2549/3751 3962/2550/3750 3682/2027/3643 3313/2028/3642
f 3962/2550/3750 3678/2025/3752 3335/2026/3650 3682/2027/3643
f 3698/2003/3742 3337/2002/3744 3678/2025/3752 3962/2550/3750
f 3343/2007/3632 3695/2029/3638 3963/2030/3753 3643/2543/3747
f 3643/2543/3747 3963/2030/3753 3651/1981/3732 3314/2534/3731
f 3963/2030/3753 3644/2032/3754 3317/1984/3736 3651/1981/3732
f 3695/2029/3638 3312/2031/3640 3644/2032/3754 3963/2030/3753
f 3339/2495/3635 3638/2552/3755 3964/2551/3756 3687/2494/3633
f 3687/2494/3633 3964/2551/3756 3701/2553/3678 3344/2493/3634
f 3964/2551/3756 3648/2036/3757 3342/1901/3647 3701/2553/3678
f 3638/2552/3755 3336/2035/3758 3648/2036/3757 3964/2551/3756
f 3339/1992/3635 3691/2538/3738 3965/2554/3759 3638/2552/3755
f 3638/2552/3755 3965/2554/3759 3649/2041/3760 3336/2035/3758
f 3965/2554/3759 3674/2555/3725 3325/1966/3704 3649/2041/3760
f 3691/2538/3738 3333/1923/3696 3674/2555/3725 3965/2554/3759
f 3313/2028/3642 3706/2558/3761 3966/2557/3762 3640/2556/3751
f 3640/2556/3751 3966/2557/3762 3692/2559/3673 3346/2049/3676
f 3966/2557/3762 3707/2560/3763 3338/2055/3674 3692/2559/3673
f 3706/2558/3761 3347/2561/3764 3707/2560/3763 3966/2557/3762
f 3330/1932/3705 3669/2051/3717 3967/2563/3765 3705/2562/3766
f 3705/2562/3766 3967/2563/3765 3707/2056/3763 3347/2564/3764
f 3967/2563/3765 3686/2565/3740 3338/2055/3674 3707/2056/3763
f 3669/2051/3717 3324/1950/3713 3686/2565/3740 3967/2563/3765
f 3325/1934/3704 3664/2058/3703 3968/2566/3767 3649/2060/3760
f 3649/2060/3760 3968/2566/3767 3708/2567/3768 3336/2062/3758
f 3968/2566/3767 3705/2562/3766 3347/2564/3764 3708/2567/3768
f 3664/2058/3703 3330/1932/3705 3705/2562/3766 3968/2566/3767
f 3336/2062/3758 3708/2567/3768 3969/2568/3769 3648/2064/3757
f 3648/2064/3757 3969/2568/3769 3703/2065/3645 3342/2066/3647
f 3969/2568/3769 3706/2569/3761 3313/2028/3642 3703/2065/3645
f 3708/2567/3768 3347/2564/3764 3706/2569/3761 3969/2568/3769
f 3364/2067/3770 3734/2571/3771 3970/2570/3772 3720/2070/3773
f 3720/2070/3773 3970/2570/3772 3724/2074/3774 3356/2075/3775
f 3970/2570/3772 3725/2572/3776 3360/2073/3777 3724/2074/3774
f 3734/2571/3771 3366/2573/3778 3725/2572/3776 3970/2570/3772
f 3368/2076/3779 3740/2574/3780 3971/2078/3781 3721/2079/3782
f 3721/2079/3782 3971/2078/3781 3719/2083/3783 3359/2084/3784
f 3971/2078/3781 3726/2575/3785 3363/2082/3786 3719/2083/3783
f 3740/2574/3780 3370/2080/3787 3726/2575/3785 3971/2078/3781
f 3365/2085/3788 3733/2086/3789 3972/2576/3790 3722/2088/3791
f 3722/2088/3791 3972/2576/3790 3718/2092/3792 3358/2093/3793
f 3972/2576/3790 3727/2577/3794 3362/2091/3795 3718/2092/3792
f 3733/2086/3789 3367/2578/3796 3727/2577/3794 3972/2576/3790
f 3369/2094/3797 3739/2095/3798 3973/2579/3799 3723/2097/3800
f 3723/2097/3800 3973/2579/3799 3717/2580/3801 3357/2102/3802
f 3973/2579/3799 3728/2582/3803 3361/2581/3804 3717/2580/3801
f 3739/2095/3798 3371/2098/3805 3728/2582/3803 3973/2579/3799
f 3357/2102/3802 3717/2580/3801 3974/2583/3806 3730/2104/3807
f 3730/2104/3807 3974/2583/3806 3733/2086/3789 3365/2085/3788
f 3974/2583/3806 3732/2105/3808 3367/2578/3796 3733/2086/3789
f 3717/2580/3801 3361/2581/3804 3732/2105/3808 3974/2583/3806
f 3359/2106/3784 3719/2107/3783 3975/2584/3809 3729/2109/3810
f 3729/2109/3810 3975/2584/3809 3734/2571/3771 3364/2067/3770
f 3975/2584/3809 3731/2585/3811 3366/2573/3778 3734/2571/3771
f 3719/2107/3783 3363/2110/3786 3731/2585/3811 3975/2584/3809
f 3356/2112/3775 3724/2113/3774 3976/2586/3812 3736/2115/3813
f 3736/2115/3813 3976/2586/3812 3739/2119/3798 3369/2120/3797
f 3976/2586/3812 3738/2117/3814 3371/2118/3805 3739/2119/3798
f 3724/2113/3774 3360/2116/3777 3738/2117/3814 3976/2586/3812
f 3358/2121/3793 3718/2122/3792 3977/2587/3815 3735/2124/3816
f 3735/2124/3816 3977/2587/3815 3740/2574/3780 3368/2076/3779
f 3977/2587/3815 3737/2588/3817 3370/2080/3787 3740/2574/3780
f 3718/2122/3792 3362/2125/3795 3737/2588/3817 3977/2587/3815
f 3363/2082/3786 3726/2590/3785 3978/2589/3818 3741/2129/3819
f 3741/2129/3819 3978/2589/3818 3713/2133/3820 3349/2134/3821
f 3978/2589/3818 3742/2591/3822 3353/2132/3823 3713/2133/3820
f 3726/2590/3785 3370/2592/3787 3742/2591/3822 3978/2589/3818
f 3370/2592/3787 3737/2594/3817 3979/2593/3824 3742/2591/3822
f 3742/2591/3822 3979/2593/3824 3711/2138/3825 3353/2132/3823
f 3979/2593/3824 3743/2136/3826 3351/2137/3827 3711/2138/3825
f 3737/2594/3817 3362/2125/3795 3743/2136/3826 3979/2593/3824
f 3362/2091/3795 3727/2577/3794 3980/2595/3828 3743/2141/3826
f 3743/2141/3826 3980/2595/3828 3715/2144/3829 3351/2145/3827
f 3980/2595/3828 3744/2596/3830 3355/2143/3831 3715/2144/3829
f 3727/2577/3794 3367/2597/3796 3744/2596/3830 3980/2595/3828
f 3367/2597/3796 3732/2599/3808 3981/2598/3832 3744/2596/3830
f 3744/2596/3830 3981/2598/3832 3716/2149/3833 3355/2143/3831
f 3981/2598/3832 3745/2600/3834 3354/2148/3835 3716/2149/3833
f 3732/2599/3808 3361/2100/3804 3745/2600/3834 3981/2598/3832
f 3361/2100/3804 3728/2150/3803 3982/2601/3836 3745/2600/3834
f 3745/2600/3834 3982/2601/3836 3714/2154/3837 3354/2148/3835
f 3982/2601/3836 3746/2152/3838 3350/2153/3839 3714/2154/3837
f 3728/2150/3803 3371/2098/3805 3746/2152/3838 3982/2601/3836
f 3371/2118/3805 3738/2603/3814 3983/2602/3840 3746/2156/3838
f 3746/2156/3838 3983/2602/3840 3710/2159/3841 3350/2160/3839
f 3983/2602/3840 3747/2157/3842 3352/2158/3843 3710/2159/3841
f 3738/2603/3814 3360/2116/3777 3747/2157/3842 3983/2602/3840
f 3360/2073/3777 3725/2161/3776 3984/2162/3844 3747/2163/3842
f 3747/2163/3842 3984/2162/3844 3712/2167/3845 3352/2168/3843
f 3984/2162/3844 3748/2165/3846 3348/2166/3847 3712/2167/3845
f 3725/2161/3776 3366/2573/3778 3748/2165/3846 3984/2162/3844
f 3366/2573/3778 3731/2169/3811 3985/2604/3848 3748/2165/3846
f 3748/2165/3846 3985/2604/3848 3709/2173/3849 3348/2166/3847
f 3985/2604/3848 3741/2171/3819 3349/2172/3821 3709/2173/3849
f 3731/2169/3811 3363/2110/3786 3741/2171/3819 3985/2604/3848
f 3349/2174/3821 3713/2175/3820 3986/2176/3850 3709/2177/3849
f 3348/2193/3847 3709/2194/3849 3986/2176/3850 3712/2191/3845
f 3352/2190/3843 3712/2191/3845 3986/2176/3850 3710/2192/3841
f 3350/2188/3839 3710/2189/3841 3986/2176/3850 3714/2186/3837
f 3354/2185/3835 3714/2186/3837 3986/2176/3850 3716/2187/3833
f 3355/2183/3831 3716/2184/3833 3986/2176/3850 3715/2181/3829
f 3351/2180/3827 3715/2181/3829 3986/2176/3850 3711/2182/3825
f 3353/2178/3823 3711/2179/3825 3986/2176/3850 3713/2175/3820
f 3393/2195/3851 3798/2196/3852 3987/2605/3853 3766/2198/3854
f 3766/2198/3854 3987/2605/3853 3763/2202/3855 3383/2203/3856
f 3987/2605/3853 3757/2200/3857 3380/2201/3858 3763/2202/3855
f 3798/2196/3852 3391/2199/3859 3757/2200/3857 3987/2605/3853
f 3407/2204/3860 3821/2205/3861 3988/2607/3862 3765/2606/3863
f 3765/2606/3863 3988/2607/3862 3764/2609/3864 3384/2608/3865
f 3988/2607/3862 3758/2209/3866 3379/2610/3867 3764/2609/3864
f 3821/2205/3861 3405/2208/3868 3758/2209/3866 3988/2607/3862
f 3408/2213/3869 3820/2214/3870 3989/2611/3871 3770/2216/3872
f 3770/2216/3872 3989/2611/3871 3768/2306/3873 3386/2221/3874
f 3989/2611/3871 3761/2613/3875 3382/2612/3876 3768/2306/3873
f 3820/2214/3870 3406/2217/3877 3761/2613/3875 3989/2611/3871
f 3394/2346/3878 3797/2615/3879 3990/2614/3880 3769/2225/3881
f 3769/2225/3881 3990/2614/3880 3767/2229/3882 3385/2230/3883
f 3990/2614/3880 3762/2616/3884 3381/2228/3885 3767/2229/3882
f 3797/2615/3879 3392/2617/3886 3762/2616/3884 3990/2614/3880
f 3406/2217/3877 3819/2231/3887 3991/2618/3888 3761/2613/3875
f 3761/2613/3875 3991/2618/3888 3760/2619/3889 3382/2612/3876
f 3991/2618/3888 3765/2606/3863 3384/2608/3865 3760/2619/3889
f 3819/2231/3887 3407/2204/3860 3765/2606/3863 3991/2618/3888
f 3392/2617/3886 3796/2621/3890 3992/2620/3891 3762/2616/3884
f 3762/2616/3884 3992/2620/3891 3759/2236/3892 3381/2228/3885
f 3992/2620/3891 3766/2198/3854 3383/2203/3856 3759/2236/3892
f 3796/2621/3890 3393/2195/3851 3766/2198/3854 3992/2620/3891
f 3396/2622/3893 3795/2238/3894 3993/2624/3895 3772/2623/3896
f 3772/2623/3896 3993/2624/3895 3561/2244/3466 3273/2245/3468
f 3993/2624/3895 3773/2625/3897 3275/2243/3467 3561/2244/3466
f 3795/2238/3894 3397/2241/3898 3773/2625/3897 3993/2624/3895
f 3398/2626/3899 3794/2311/3900 3994/2248/3901 3774/2627/3902
f 3774/2627/3902 3994/2248/3901 3563/2250/3473 3278/2251/3474
f 3994/2248/3901 3772/2623/3896 3273/2245/3468 3563/2250/3473
f 3794/2311/3900 3396/2622/3893 3772/2623/3896 3994/2248/3901
f 3409/2252/3903 3818/2253/3904 3995/2629/3905 3793/2628/3906
f 3793/2628/3906 3995/2629/3905 3771/2631/3907 3395/2630/3908
f 3995/2629/3905 3564/2257/3479 3272/2258/3482 3771/2631/3907
f 3818/2253/3904 3303/2256/3480 3564/2257/3479 3995/2629/3905
f 3397/2241/3898 3792/2633/3909 3996/2632/3910 3773/2625/3897
f 3773/2625/3897 3996/2632/3910 3565/2265/3486 3275/2243/3467
f 3996/2632/3910 3771/2264/3907 3272/2258/3482 3565/2265/3486
f 3792/2633/3909 3395/2260/3908 3771/2264/3907 3996/2632/3910
f 3404/2634/3911 3811/2637/3912 3997/2636/3913 3791/2635/3914
f 3791/2635/3914 3997/2636/3913 3790/2638/3915 3399/2274/3916
f 3997/2636/3913 3571/2271/3491 3283/2272/3494 3790/2638/3915
f 3811/2637/3912 3297/2270/3492 3571/2271/3491 3997/2636/3913
f 3401/2275/3917 3810/2641/3918 3998/2640/3919 3776/2639/3920
f 3776/2639/3920 3998/2640/3919 3780/2282/3921 3388/2642/3922
f 3998/2640/3919 3777/2644/3923 3389/2643/3924 3780/2282/3921
f 3810/2641/3918 3402/2374/3925 3777/2644/3923 3998/2640/3919
f 3403/2284/3926 3809/2646/3927 3999/2645/3928 3778/2287/3929
f 3778/2287/3929 3999/2645/3928 3781/2291/3930 3390/2292/3931
f 3999/2645/3928 3776/2647/3920 3388/2290/3922 3781/2291/3930
f 3809/2646/3927 3401/2648/3917 3776/2647/3920 3999/2645/3928
f 3400/2293/3932 3808/2649/3933 4000/2295/3934 3775/2296/3935
f 3775/2296/3935 4000/2295/3934 3779/2297/3936 3387/2298/3937
f 4000/2295/3934 3791/2635/3914 3399/2274/3916 3779/2297/3936
f 3808/2649/3933 3404/2634/3911 3791/2635/3914 4000/2295/3934
f 3384/2608/3865 3764/2609/3864 4001/2650/3938 3788/2300/3939
f 3788/2300/3939 4001/2650/3938 3792/2633/3909 3397/2241/3898
f 4001/2650/3938 3786/2651/3940 3395/2260/3908 3792/2633/3909
f 3764/2609/3864 3379/2610/3867 3786/2651/3940 4001/2650/3938
f 3405/2208/3868 3817/2652/3941 4002/2303/3942 3758/2209/3866
f 3758/2209/3866 4002/2303/3942 3786/2304/3940 3379/2610/3867
f 4002/2303/3942 3793/2628/3906 3395/2630/3908 3786/2304/3940
f 3817/2652/3941 3409/2252/3903 3793/2628/3906 4002/2303/3942
f 3386/2305/3874 3768/2306/3873 4003/2654/3943 3789/2653/3944
f 3789/2653/3944 4003/2654/3943 3794/2311/3900 3398/2312/3899
f 4003/2654/3943 3787/2656/3945 3396/2655/3893 3794/2311/3900
f 3768/2306/3873 3382/2657/3876 3787/2656/3945 4003/2654/3943
f 3382/2657/3876 3760/2659/3889 4004/2658/3946 3787/2656/3945
f 3787/2656/3945 4004/2658/3946 3795/2660/3894 3396/2655/3893
f 4004/2658/3946 3788/2300/3939 3397/2315/3898 3795/2660/3894
f 3760/2659/3889 3384/2661/3865 3788/2300/3939 4004/2658/3946
f 3274/2316/3526 3560/2317/3529 4005/2662/3947 3783/2319/3948
f 3783/2319/3948 4005/2662/3947 3796/2621/3890 3392/2617/3886
f 4005/2662/3947 3784/2663/3949 3393/2195/3851 3796/2621/3890
f 3560/2317/3529 3276/2320/3531 3784/2663/3949 4005/2662/3947
f 3277/2322/3532 3562/2323/3535 4006/2664/3950 3785/2343/3951
f 3785/2343/3951 4006/2664/3950 3797/2615/3879 3394/2346/3878
f 4006/2664/3950 3783/2319/3948 3392/2617/3886 3797/2615/3879
f 3562/2323/3535 3274/2316/3526 3783/2319/3948 4006/2664/3950
f 3276/2320/3531 3566/2326/3537 4007/2665/3952 3784/2663/3949
f 3784/2663/3949 4007/2665/3952 3798/2196/3852 3393/2195/3851
f 4007/2665/3952 3782/2329/3953 3391/2199/3859 3798/2196/3852
f 3566/2326/3537 3271/2328/3539 3782/2329/3953 4007/2665/3952
f 3256/2330/3540 3752/2331/3954 4008/2666/3955 3593/2333/3541
f 3593/2333/3541 4008/2666/3955 3774/2337/3902 3278/2251/3474
f 4008/2666/3955 3799/2667/3956 3398/2626/3899 3774/2337/3902
f 3752/2331/3954 3378/2334/3957 3799/2667/3956 4008/2666/3955
f 3378/2334/3957 3756/2338/3958 4009/2668/3959 3799/2667/3956
f 3799/2667/3956 4009/2668/3959 3789/2342/3944 3398/2626/3899
f 4009/2668/3959 3800/2670/3960 3386/2669/3874 3789/2342/3944
f 3756/2338/3958 3374/2340/3961 3800/2670/3960 4009/2668/3959
f 3277/2322/3532 3785/2325/3951 4010/2671/3962 3533/2345/3550
f 3533/2345/3550 4010/2671/3962 3755/2349/3963 3257/2350/3555
f 4010/2671/3962 3801/2355/3964 3377/2348/3965 3755/2349/3963
f 3785/2325/3951 3394/2346/3878 3801/2355/3964 4010/2671/3962
f 3376/2351/3966 3754/2352/3967 4011/2673/3968 3802/2672/3969
f 3802/2672/3969 4011/2673/3968 3769/2674/3881 3385/2230/3883
f 4011/2673/3968 3801/2675/3964 3394/2356/3878 3769/2674/3881
f 3754/2352/3967 3377/2348/3965 3801/2675/3964 4011/2673/3968
f 3380/2358/3858 3757/2359/3857 4012/2676/3970 3803/2361/3971
f 3803/2361/3971 4012/2676/3970 3808/2649/3933 3400/2293/3932
f 4012/2676/3970 3807/2677/3972 3404/2634/3911 3808/2649/3933
f 3757/2359/3857 3391/2362/3859 3807/2677/3972 4012/2676/3970
f 3385/2364/3883 3767/2365/3882 4013/2678/3973 3806/2367/3974
f 3806/2367/3974 4013/2678/3973 3809/2646/3927 3403/2284/3926
f 4013/2678/3973 3804/2369/3975 3401/2648/3917 3809/2646/3927
f 3767/2365/3882 3381/2368/3885 3804/2369/3975 4013/2678/3973
f 3381/2368/3885 3759/2370/3892 4014/2679/3976 3804/2369/3975
f 3804/2369/3975 4014/2679/3976 3810/2375/3918 3401/2648/3917
f 4014/2679/3976 3805/2680/3977 3402/2374/3925 3810/2375/3918
f 3759/2370/3892 3383/2372/3856 3805/2680/3977 4014/2679/3976
f 3391/2362/3859 3782/2376/3953 4015/2681/3978 3807/2677/3972
f 3807/2677/3972 4015/2681/3978 3811/2637/3912 3404/2634/3911
f 4015/2681/3978 3601/2379/3569 3297/2270/3492 3811/2637/3912
f 3782/2376/3953 3271/2378/3539 3601/2379/3569 4015/2681/3978
f 3387/2380/3937 3779/2381/3936 4016/2682/3979 3812/2383/3980
f 3812/2383/3980 4016/2682/3979 3817/2652/3941 3405/2208/3868
f 4016/2682/3979 3816/2385/3981 3409/2252/3903 3817/2652/3941
f 3779/2381/3936 3399/2384/3916 3816/2385/3981 4016/2682/3979
f 3399/2274/3916 3790/2638/3915 4017/2683/3982 3816/2387/3981
f 3816/2387/3981 4017/2683/3982 3818/2390/3904 3409/2391/3903
f 4017/2683/3982 3611/2388/3574 3303/2389/3480 3818/2390/3904
f 3790/2638/3915 3283/2272/3494 3611/2388/3574 4017/2683/3982
f 3388/2290/3922 3780/2685/3921 4018/2393/3983 3813/2684/3984
f 3813/2684/3984 4018/2393/3983 3819/2398/3887 3406/2399/3877
f 4018/2393/3983 3814/2396/3985 3407/2397/3860 3819/2398/3887
f 3780/2685/3921 3389/2686/3924 3814/2396/3985 4018/2393/3983
f 3390/2292/3931 3781/2291/3930 4019/2688/3986 3815/2687/3987
f 3815/2687/3987 4019/2688/3986 3820/2402/3870 3408/2403/3869
f 4019/2688/3986 3813/2684/3984 3406/2399/3877 3820/2402/3870
f 3781/2291/3930 3388/2290/3922 3813/2684/3984 4019/2688/3986
f 3374/2340/3961 3751/2404/3988 4020/2689/3989 3800/2670/3960
f 3800/2670/3960 4020/2689/3989 3770/2690/3872 3386/2669/3874
f 4020/2689/3989 3822/2407/3990 3408/2213/3869 3770/2690/3872
f 3751/2404/3988 3373/2406/3991 3822/2407/3990 4020/2689/3989
f 3373/2409/3991 3749/2410/3992 4021/2411/3993 3822/2412/3990
f 3822/2412/3990 4021/2411/3993 3815/2691/3987 3408/2403/3869
f 4021/2411/3993 3823/2693/3994 3390/2692/3931 3815/2691/3987
f 3749/2410/3992 3375/2413/3995 3823/2693/3994 4021/2411/3993
f 3375/2413/3995 3753/2417/3996 4022/2694/3997 3823/2693/3994
f 3823/2693/3994 4022/2694/3997 3778/2287/3929 3390/2692/3931
f 4022/2694/3997 3824/2420/3998 3403/2284/3926 3778/2287/3929
f 3753/2417/3996 3372/2419/3999 3824/2420/3998 4022/2694/3997
f 3372/2421/3999 3750/2422/4000 4023/2695/4001 3824/2424/3998
f 3824/2424/3998 4023/2695/4001 3806/2425/3974 3403/2426/3926
f 4023/2695/4001 3802/2672/3969 3385/2230/3883 3806/2425/3974
f 3750/2422/4000 3376/2351/3966 3802/2672/3969 4023/2695/4001
f 3380/2427/3858 3803/2428/3971 4024/2429/4002 3763/2430/3855
f 3763/2430/3855 4024/2429/4002 3805/2696/3977 3383/2372/3856
f 4024/2429/4002 3825/2697/4003 3402/2374/3925 3805/2696/3977
f 3803/2428/3971 3400/2431/3932 3825/2697/4003 4024/2429/4002
f 3400/2431/3932 3775/2434/3935 4025/2698/4004 3825/2697/4003
f 3825/2697/4003 4025/2698/4004 3777/2439/3923 3402/2374/3925
f 4025/2698/4004 3826/2699/4005 3389/2686/3924 3777/2439/3923
f 3775/2434/3935 3387/2436/3937 3826/2699/4005 4025/2698/4004
f 3387/2436/3937 3812/2440/3980 4026/2700/4006 3826/2699/4005
f 3826/2699/4005 4026/2700/4006 3814/2396/3985 3389/2686/3924
f 4026/2700/4006 3821/2443/3861 3407/2397/3860 3814/2396/3985
f 3812/2440/3980 3405/2442/3868 3821/2443/3861 4026/2700/4006
f 3256/2445/3540 3623/2446/3600 4027/2701/4007 3752/2448/3954
f 3752/2448/3954 4027/2701/4007 3828/2452/4008 3378/2453/3957
f 4027/2701/4007 3827/2450/4009 3410/2702/4010 3828/2452/4008
f 3623/2446/3600 3305/2449/3602 3827/2450/4009 4027/2701/4007
f 3305/2449/3602 3624/2454/3606 4028/2455/4011 3827/2450/4009
f 3827/2450/4009 4028/2455/4011 3830/2703/4012 3410/2702/4010
f 4028/2455/4011 3829/2704/4013 3411/2458/4014 3830/2703/4012
f 3624/2454/3606 3307/2456/3608 3829/2704/4013 4028/2455/4011
f 3307/2456/3608 3625/2460/3612 4029/2705/4015 3829/2704/4013
f 3829/2704/4013 4029/2705/4015 3832/2465/4016 3411/2458/4014
f 4029/2705/4015 3831/2707/4017 3412/2706/4018 3832/2465/4016
f 3625/2460/3612 3309/2462/3614 3831/2707/4017 4029/2705/4015
f 3309/2462/3614 3626/2466/3618 4030/2708/4019 3831/2707/4017
f 3831/2707/4017 4030/2708/4019 3833/2709/4020 3412/2706/4018
f 4030/2708/4019 3755/2469/3963 3377/2470/3965 3833/2709/4020
f 3626/2466/3618 3257/2468/3555 3755/2469/3963 4030/2708/4019
f 3378/2453/3957 3828/2452/4008 4031/2710/4021 3756/2473/3958
f 3756/2473/3958 4031/2710/4021 3751/2476/3988 3374/2477/3961
f 4031/2710/4021 3834/2474/4022 3373/2475/3991 3751/2476/3988
f 3828/2452/4008 3410/2702/4010 3834/2474/4022 4031/2710/4021
f 3410/2702/4010 3830/2703/4012 4032/2478/4023 3834/2474/4022
f 3834/2474/4022 4032/2478/4023 3749/2481/3992 3373/2475/3991
f 4032/2478/4023 3835/2711/4024 3375/2480/3995 3749/2481/3992
f 3830/2703/4012 3411/2458/4014 3835/2711/4024 4032/2478/4023
f 3411/2458/4014 3832/2465/4016 4033/2712/4025 3835/2711/4024
f 3835/2711/4024 4033/2712/4025 3753/2485/3996 3375/2480/3995
f 4033/2712/4025 3836/2713/4026 3372/2484/3999 3753/2485/3996
f 3832/2465/4016 3412/2706/4018 3836/2713/4026 4033/2712/4025
f 3412/2706/4018 3833/2709/4020 4034/2486/4027 3836/2713/4026
f 3836/2713/4026 4034/2486/4027 3750/2489/4000 3372/2484/3999
f 4034/2486/4027 3754/2487/3967 3376/2488/3966 3750/2489/4000
f 3833/2709/4020 3377/2470/3965 3754/2487/3967 4034/2486/4027
f 2566/1853/2338 2346/1852/2337 3197/1852/3189 3417/1853/3188
f 2334/1854/2339 2566/1853/2338 3417/1853/3188 3185/1854/3191
f 2567/1861/2346 2364/1860/2345 3215/1860/3197 3418/1861/3196
f 2333/1862/2347 2567/1861/2346 3418/1861/3196 3184/1862/3199
f 2569/2032/2470 2334/2031/2339 3185/2031/3191 3420/2032/3321
f 2345/1984/2447 2569/2032/2470 3420/2032/3321 3196/1984/3299
f 2571/1888/2372 2369/1887/2371 3220/1887/3223 3422/1888/3222
f 2340/1889/2373 2571/1888/2372 3422/1888/3222 3191/1889/3225
f 2582/1906/2387 2333/1905/2347 3184/1905/3199 3433/1906/3238
f 2346/1852/2337 2582/1906/2387 3433/1906/3238 3197/1852/3189
f 2356/1913/2391 2588/1916/2394 3439/1916/3243 3207/1913/3242
f 2588/1916/2394 2348/1918/2396 3199/1918/3247 3439/1916/3243
f 2360/1919/2397 2589/1922/2400 3440/1922/3249 3211/1919/3248
f 2589/1922/2400 2351/1927/2404 3202/1927/3255 3440/1922/3249
f 2357/1928/2405 2590/1931/2408 3441/1931/3257 3208/1928/3256
f 2590/1931/2408 2350/1936/2413 3201/1936/3264 3441/1931/3257
f 2361/1937/2414 2591/1940/2417 3442/1940/3266 3212/1937/3265
f 2591/1940/2417 2349/1945/2422 3200/1945/3273 3442/1940/3266
f 2351/1952/2404 2597/1955/2427 3448/1955/3277 3202/1952/3255
f 2597/1955/2427 2356/1913/2391 3207/1913/3242 3448/1955/3277
f 2349/1946/2422 2598/1949/2424 3449/1949/3274 3200/1946/3273
f 2598/1949/2424 2357/1928/2405 3208/1928/3256 3449/1949/3274
f 2350/1962/2413 2603/1965/2432 3454/1965/3282 3201/1962/3264
f 2603/1965/2432 2360/1919/2397 3211/1919/3248 3454/1965/3282
f 2348/1956/2396 2604/1959/2429 3455/1959/3279 3199/1956/3247
f 2604/1959/2429 2361/1937/2414 3212/1937/3265 3455/1959/3279
f 2609/2025/2468 2366/2002/2458 3217/2002/3310 3460/2025/3319
f 2364/2026/2345 2609/2025/2468 3460/2025/3319 3215/2026/3197
f 2611/2001/2457 2341/2000/2456 3192/2000/3308 3462/2001/3307
f 2366/2002/2458 2611/2001/2457 3462/2001/3307 3217/2002/3310
f 2615/1985/2448 2345/1984/2447 3196/1984/3299 3466/1985/3298
f 2369/1887/2371 2615/1985/2448 3466/1985/3298 3220/1887/3223
f 2395/2067/2486 2653/2070/2489 3504/2070/3338 3246/2067/3337
f 2653/2070/2489 2387/2075/2494 3238/2075/3345 3504/2070/3338
f 2399/2076/2495 2654/2079/2498 3505/2079/3347 3250/2076/3346
f 2654/2079/2498 2390/2084/2503 3241/2084/3354 3505/2079/3347
f 2396/2085/2504 2655/2088/2507 3506/2088/3356 3247/2085/3355
f 2655/2088/2507 2389/2093/2512 3240/2093/3363 3506/2088/3356
f 2400/2094/2513 2656/2097/2516 3507/2097/3365 3251/2094/3364
f 2656/2097/2516 2388/2102/2521 3239/2102/3372 3507/2097/3365
f 2390/2106/2503 2662/2109/2526 3513/2109/3376 3241/2106/3354
f 2662/2109/2526 2395/2067/2486 3246/2067/3337 3513/2109/3376
f 2388/2102/2521 2663/2104/2523 3514/2104/3373 3239/2102/3372
f 2663/2104/2523 2396/2085/2504 3247/2085/3355 3514/2104/3373
f 2389/2121/2512 2668/2124/2532 3519/2124/3382 3240/2121/3363
f 2668/2124/2532 2399/2076/2495 3250/2076/3346 3519/2124/3382
f 2387/2112/2494 2669/2115/2529 3520/2115/3379 3238/2112/3345
f 2669/2115/2529 2400/2120/2513 3251/2120/3364 3520/2115/3379
f 2467/1852/2790 2790/1853/2789 3641/1853/3639 3318/1852/3641
f 2790/1853/2789 2461/1854/2788 3312/1854/3640 3641/1853/3639
f 2484/1860/2799 2791/1861/2798 3642/1861/3648 3335/1860/3650
f 2791/1861/2798 2460/1862/2797 3311/1862/3649 3642/1861/3648
f 2461/2031/2788 2793/2032/2903 3644/2032/3754 3312/2031/3640
f 2793/2032/2903 2466/1984/2885 3317/1984/3736 3644/2032/3754
f 2489/1887/2819 2795/1888/2818 3646/1888/3669 3340/1887/3670
f 2795/1888/2818 2340/1889/2373 3191/1889/3225 3646/1888/3669
f 2460/1905/2797 2801/1906/2828 3652/1906/3679 3311/1905/3649
f 2801/1906/2828 2467/1852/2790 3318/1852/3641 3652/1906/3679
f 2806/1916/2833 2476/1913/2832 3327/1913/3683 3657/1916/3686
f 2468/1918/2836 2806/1916/2833 3657/1916/3686 3319/1918/3688
f 2807/1922/2839 2480/1919/2838 3331/1919/3689 3658/1922/3692
f 2471/1927/2842 2807/1922/2839 3658/1922/3692 3322/1927/3694
f 2808/1931/2847 2477/1928/2846 3328/1928/3697 3659/1931/3700
f 2470/1936/2850 2808/1931/2847 3659/1931/3700 3321/1936/3702
f 2809/1940/2856 2481/1937/2855 3332/1937/3706 3660/1940/3709
f 2469/1945/2859 2809/1940/2856 3660/1940/3709 3320/1945/3711
f 2815/1955/2867 2471/1952/2842 3322/1952/3694 3666/1955/3719
f 2476/1913/2832 2815/1955/2867 3666/1955/3719 3327/1913/3683
f 2816/1949/2864 2469/1946/2859 3320/1946/3711 3667/1949/3716
f 2477/1928/2846 2816/1949/2864 3667/1949/3716 3328/1928/3697
f 2821/1965/2872 2470/1962/2850 3321/1962/3702 3672/1965/3724
f 2480/1919/2838 2821/1965/2872 3672/1965/3724 3331/1919/3689
f 2822/1959/2869 2468/1956/2836 3319/1956/3688 3673/1959/3721
f 2481/1937/2855 2822/1959/2869 3673/1959/3721 3332/1937/3706
f 2486/2002/2892 2827/2025/2901 3678/2025/3752 3337/2002/3744
f 2827/2025/2901 2484/2026/2799 3335/2026/3650 3678/2025/3752
f 2341/2000/2456 2829/2001/2893 3680/2001/3743 3192/2000/3308
f 2829/2001/2893 2486/2002/2892 3337/2002/3744 3680/2001/3743
f 2466/1984/2885 2833/1985/2884 3684/1985/3735 3317/1984/3736
f 2833/1985/2884 2489/1887/2819 3340/1887/3670 3684/1985/3735
f 2869/2070/2920 2513/2067/2919 3364/2067/3770 3720/2070/3773
f 2505/2075/2923 2869/2070/2920 3720/2070/3773 3356/2075/3775
f 2870/2079/2929 2517/2076/2928 3368/2076/3779 3721/2079/3782
f 2508/2084/2932 2870/2079/2929 3721/2079/3782 3359/2084/3784
f 2871/2088/2938 2514/2085/2937 3365/2085/3788 3722/2088/3791
f 2507/2093/2941 2871/2088/2938 3722/2088/3791 3358/2093/3793
f 2872/2097/2947 2518/2094/2946 3369/2094/3797 3723/2097/3800
f 2506/2102/2950 2872/2097/2947 3723/2097/3800 3357/2102/3802
f 2878/2109/2958 2508/2106/2932 3359/2106/3784 3729/2109/3810
f 2513/2067/2919 2878/2109/2958 3729/2109/3810 3364/2067/3770
f 2879/2104/2955 2506/2102/2950 3357/2102/3802 3730/2104/3807
f 2514/2085/2937 2879/2104/2955 3730/2104/3807 3365/2085/3788
f 2884/2124/2964 2507/2121/2941 3358/2121/3793 3735/2124/3816
f 2517/2076/2928 2884/2124/2964 3735/2124/3816 3368/2076/3779
f 2885/2115/2961 2505/2112/2923 3356/2112/3775 3736/2115/3813
f 2518/2120/2946 2885/2115/2961 3736/2115/3813 3369/2120/3797
o HAT
g the_peakchar_hat
v 0.304548 4.389586 -0.258499
v 0.347487 4.498676 -0.346605
v 0.447989 4.349795 -0.164604
v 0.550705 4.442302 -0.213580
v 0.447989 4.372428 0.009931
v 0.550705 4.474367 0.033692
v 0.304548 4.434852 0.090571
v 0.347487 4.562805 0.147939
v 0.161108 4.474643 -0.003324
v 0.144268 4.619179 0.014914
v 0.161108 4.452010 -0.177859
v 0.144268 4.587114 -0.232358
v 0.440302 4.758638 -0.350743
v 0.619619 4.708895 -0.233364
v 0.619619 4.737188 -0.015175
v 0.440302 4.815225 0.085635
v 0.260984 4.864968 -0.031744
v 0.260984 4.836675 -0.249933
v 0.662911 4.419925 -0.274969
v 0.355765 4.505128 -0.476024
v 0.662911 4.468387 0.098759
v 0.355765 4.602053 0.271432
v 0.048619 4.687257 0.070377
v 0.048619 4.638794 -0.303351
v 0.739762 4.632053 -0.302477
v 0.432616 4.717257 -0.503531
v 0.739762 4.680515 0.071251
v 0.432616 4.814181 0.243925
v 0.125471 4.899384 0.042870
v 0.125471 4.850922 -0.330858
v 0.750023 4.504801 -0.316094
v 0.750023 4.560946 0.116875
v 0.038359 4.814508 0.083994
v 0.038359 4.758364 -0.348974
v 0.394191 4.603510 -0.549018
v 0.394191 4.715799 0.316919
v 0.316619 4.417248 -0.306454
v 0.495920 4.367509 -0.189085
v 0.495920 4.395800 0.029084
v 0.316619 4.473829 0.129884
v 0.137319 4.523568 0.012516
v 0.137319 4.495277 -0.205653
v 0.339927 4.481584 -0.314796
v 0.519228 4.431845 -0.197428
v 0.519228 4.460135 0.020741
v 0.339927 4.538165 0.121542
v 0.160627 4.587903 0.004173
v 0.160627 4.559613 -0.213996
v 0.334712 4.379607 -0.240671
v 0.376452 4.367414 -0.212797
v 0.418898 4.356253 -0.185564
v 0.513237 4.449089 -0.265924
v 0.464338 4.461452 -0.307206
v 0.407817 4.478333 -0.334931
v 0.343464 4.491286 -0.316517
v 0.345652 4.496914 -0.320483
v 0.346868 4.499150 -0.329558
v 0.490418 4.354677 -0.186965
v 0.481682 4.347040 -0.182785
v 0.466291 4.345975 -0.174629
v 0.449492 4.352593 -0.128311
v 0.449002 4.358736 -0.077029
v 0.449492 4.365877 -0.025876
v 0.573568 4.458506 -0.024752
v 0.581188 4.447474 -0.088536
v 0.573568 4.441872 -0.153024
v 0.490418 4.382851 0.030307
v 0.481682 4.374401 0.028213
v 0.466291 4.371291 0.020598
v 0.418898 4.384018 0.028550
v 0.376452 4.401756 0.052036
v 0.334712 4.420654 0.075878
v 0.407817 4.540157 0.141840
v 0.464338 4.516763 0.119338
v 0.513237 4.494280 0.082574
v 0.311854 4.460560 0.130694
v 0.308274 4.449865 0.125700
v 0.305845 4.441114 0.110798
v 0.273524 4.442456 0.073051
v 0.231351 4.453454 0.045332
v 0.189338 4.465809 0.017944
v 0.181737 4.612392 0.067258
v 0.230636 4.600029 0.108540
v 0.287156 4.583148 0.136265
v 0.133290 4.510094 0.013807
v 0.134867 4.497969 0.012189
v 0.145400 4.485623 0.005772
v 0.158744 4.469469 -0.039309
v 0.158801 4.462133 -0.090437
v 0.158744 4.456186 -0.141744
v 0.121406 4.602975 -0.173914
v 0.113786 4.614007 -0.110130
v 0.121406 4.619609 -0.045642
v 0.133290 4.481920 -0.203465
v 0.134867 4.470608 -0.198808
v 0.145400 4.460307 -0.189454
v 0.189338 4.438044 -0.196170
v 0.231351 4.419113 -0.219501
v 0.273524 4.401408 -0.243498
v 0.287156 4.521324 -0.340506
v 0.230636 4.544718 -0.318004
v 0.181737 4.567201 -0.281240
v 0.581473 4.719631 -0.257146
v 0.528531 4.734614 -0.289512
v 0.477471 4.748481 -0.325225
v 0.618643 4.731594 -0.061041
v 0.616761 4.724060 -0.124401
v 0.618643 4.715184 -0.187588
v 0.477471 4.798895 0.063551
v 0.528531 4.776377 0.032556
v 0.581473 4.753634 0.005083
v 0.299130 4.854232 -0.007962
v 0.352072 4.839249 0.024404
v 0.403132 4.825382 0.060117
v 0.261960 4.842269 -0.204067
v 0.263842 4.849803 -0.140707
v 0.261960 4.858679 -0.077520
v 0.403132 4.774968 -0.328659
v 0.352072 4.797486 -0.297664
v 0.299130 4.820229 -0.270191
v 0.651589 4.694598 -0.251361
v 0.687161 4.676432 -0.271531
v 0.717223 4.656058 -0.288898
v 0.347950 4.567523 0.174304
v 0.348967 4.574600 0.206870
v 0.351313 4.585591 0.240844
v 0.437059 4.822187 0.209504
v 0.439341 4.823382 0.169332
v 0.440182 4.819957 0.124725
v 0.228774 4.878602 -0.013661
v 0.191521 4.892128 0.007111
v 0.156895 4.899906 0.026111
v 0.070616 4.619168 -0.284444
v 0.096880 4.604754 -0.264876
v 0.122927 4.594441 -0.246797
v 0.122927 4.629946 0.027006
v 0.096880 4.644529 0.041857
v 0.070616 4.663457 0.057102
v 0.606281 4.430182 -0.354083
v 0.532374 4.448867 -0.416477
v 0.446949 4.474381 -0.458380
v 0.697465 4.444414 0.010427
v 0.708983 4.427741 -0.085977
v 0.697465 4.419274 -0.183445
v 0.446949 4.567823 0.262214
v 0.532374 4.532465 0.228204
v 0.606281 4.498484 0.172640
v 0.105249 4.676999 0.149491
v 0.179156 4.658314 0.211885
v 0.264581 4.632800 0.253788
v 0.014065 4.662767 -0.215019
v 0.002547 4.679440 -0.118615
v 0.014065 4.687907 -0.021147
v 0.264581 4.539358 -0.466806
v 0.179156 4.574717 -0.432796
v 0.105249 4.608697 -0.377232
v 0.683132 4.642310 -0.381591
v 0.609225 4.660995 -0.443984
v 0.523800 4.686510 -0.485888
v 0.774316 4.656542 -0.017080
v 0.785834 4.639869 -0.113484
v 0.774316 4.631402 -0.210952
v 0.523800 4.779951 0.234707
v 0.609225 4.744593 0.200697
v 0.683132 4.710612 0.145133
v 0.182101 4.889127 0.121984
v 0.256008 4.870442 0.184378
v 0.341433 4.844928 0.226281
v 0.090917 4.874895 -0.242526
v 0.079399 4.891569 -0.146123
v 0.090917 4.900035 -0.048655
v 0.341433 4.751486 -0.494313
v 0.256008 4.786845 -0.460303
v 0.182101 4.820826 -0.404739
v 0.758348 4.537631 -0.318444
v 0.759840 4.571131 -0.317100
v 0.753858 4.603280 -0.311848
v 0.735533 4.530313 0.118940
v 0.715650 4.503365 0.116746
v 0.691176 4.482067 0.110088
v 0.052849 4.844655 0.078178
v 0.072731 4.870152 0.069184
v 0.097205 4.889047 0.057313
v 0.030034 4.726021 -0.342873
v 0.028542 4.693971 -0.333029
v 0.034523 4.664226 -0.319751
v 0.405598 4.635485 -0.549350
v 0.416286 4.666434 -0.541987
v 0.425532 4.694359 -0.526768
v 0.382783 4.683825 0.317251
v 0.372096 4.652875 0.309888
v 0.362850 4.624950 0.294668
v 0.437059 4.733777 -0.472291
v 0.439341 4.745178 -0.433752
v 0.440181 4.753243 -0.389747
v 0.347950 4.496514 -0.373302
v 0.348967 4.495050 -0.406595
v 0.351313 4.497012 -0.442249
v 0.632010 4.419146 -0.258507
v 0.601053 4.425120 -0.241582
v 0.572973 4.434092 -0.226004
v 0.572973 4.469596 0.047799
v 0.601053 4.464895 0.065151
v 0.632010 4.463435 0.083039
v 0.228774 4.845245 -0.270896
v 0.191521 4.853026 -0.294431
v 0.156895 4.855701 -0.314786
v 0.651589 4.727955 0.005874
v 0.687161 4.715533 0.030011
v 0.717223 4.700264 0.051999
v 0.691176 4.430263 -0.289413
v 0.715650 4.449157 -0.301283
v 0.735533 4.474655 -0.310278
v 0.753858 4.655084 0.087652
v 0.759840 4.625338 0.100929
v 0.758348 4.593288 0.110774
v 0.034523 4.716030 0.079749
v 0.028542 4.748178 0.085000
v 0.030034 4.781679 0.086344
v 0.097205 4.837242 -0.342187
v 0.072731 4.815945 -0.348845
v 0.052849 4.788997 -0.351039
v 0.362850 4.521342 -0.504332
v 0.372096 4.544461 -0.526170
v 0.382783 4.572509 -0.541184
v 0.425532 4.797967 0.272233
v 0.416286 4.774848 0.294071
v 0.405598 4.746800 0.309085
v 0.288553 4.751420 0.296478
v 0.189587 4.780979 0.247933
v 0.103965 4.802625 0.175649
v 0.103965 4.723497 -0.434566
v 0.189587 4.684130 -0.498938
v 0.288553 4.643167 -0.538339
v 0.684417 4.595813 0.202467
v 0.598794 4.635180 0.266839
v 0.499829 4.676143 0.306240
v 0.499829 4.567890 -0.528578
v 0.598794 4.538331 -0.480032
v 0.684416 4.516685 -0.407748
v -0.001673 4.815261 -0.022038
v -0.015016 4.805453 -0.134956
v -0.001673 4.786137 -0.246641
v 0.790054 4.504048 -0.210061
v 0.803398 4.513856 -0.097144
v 0.790054 4.533173 0.014541
v 0.305845 4.390483 -0.279655
v 0.308274 4.395144 -0.296295
v 0.311854 4.404211 -0.303852
v 0.514154 4.417839 -0.195612
v 0.508089 4.401099 -0.193441
v 0.501767 4.383649 -0.191178
v 0.514154 4.446129 0.022558
v 0.508089 4.429390 0.024728
v 0.501767 4.411940 0.026991
v 0.334853 4.524158 0.123358
v 0.328789 4.507419 0.125529
v 0.322467 4.489969 0.127792
v 0.155552 4.573897 0.005990
v 0.149488 4.557158 0.008160
v 0.143166 4.539708 0.010423
v 0.155552 4.545607 -0.212180
v 0.149488 4.528867 -0.210009
v 0.143166 4.511417 -0.207746
v 0.170377 4.477708 -0.248782
v 0.213522 4.457871 -0.281219
v 0.263390 4.437231 -0.301073
v 0.117147 4.523948 -0.040913
v 0.110424 4.519006 -0.097811
v 0.117147 4.509272 -0.154088
v 0.263390 4.491778 0.119585
v 0.213522 4.506673 0.095123
v 0.170377 4.517581 0.058700
v 0.462862 4.413369 0.072213
v 0.419717 4.433206 0.104649
v 0.369849 4.453847 0.124503
v 0.516092 4.367130 -0.135656
v 0.522815 4.372072 -0.078758
v 0.516092 4.381805 -0.022481
v 0.369849 4.399299 -0.296154
v 0.419717 4.384405 -0.271692
v 0.462862 4.373497 -0.235269
v 0.322467 4.433388 -0.308547
v 0.328789 4.450838 -0.310809
v 0.334853 4.467577 -0.312980
v 0.536259 4.446612 -0.205585
v 0.527943 4.446346 -0.201158
v 0.523138 4.441443 -0.198904
v 0.536259 4.476495 0.024862
v 0.527943 4.475108 0.020649
v 0.523138 4.469793 0.019720
v 0.346868 4.558916 0.131335
v 0.345652 4.554439 0.123131
v 0.343464 4.547985 0.120731
v 0.157477 4.611454 0.007362
v 0.163362 4.605007 0.003805
v 0.163789 4.597827 0.003118
v 0.157477 4.581571 -0.223085
v 0.163362 4.576244 -0.218002
v 0.163789 4.569478 -0.215506
v 0.193685 4.542044 -0.257125
v 0.236829 4.522207 -0.289561
v 0.286697 4.501566 -0.309415
v 0.140455 4.588283 -0.049256
v 0.133732 4.583341 -0.106154
v 0.140455 4.573607 -0.162431
v 0.286697 4.556114 0.111242
v 0.236829 4.571008 0.086780
v 0.193685 4.581916 0.050357
v 0.486170 4.477705 0.063870
v 0.443025 4.497541 0.096307
v 0.393157 4.518183 0.116161
v 0.539399 4.431465 -0.143999
v 0.546123 4.436408 -0.087101
v 0.539399 4.446141 -0.030824
v 0.393157 4.463635 -0.304497
v 0.443025 4.448740 -0.280035
v 0.486170 4.437833 -0.243612
v 0.396804 4.473300 -0.306195
v 0.399770 4.478666 -0.310012
v 0.403094 4.480191 -0.318679
v 0.446776 4.458374 -0.281683
v 0.450469 4.463523 -0.285142
v 0.455768 4.464459 -0.292841
v 0.490011 4.447443 -0.245184
v 0.494333 4.452434 -0.248112
v 0.501340 4.452938 -0.254368
v 0.543351 4.441063 -0.145363
v 0.548450 4.445960 -0.146838
v 0.557566 4.446212 -0.149149
v 0.550089 4.446015 -0.088346
v 0.555286 4.450984 -0.088991
v 0.564668 4.451432 -0.089049
v 0.543351 4.455769 -0.031952
v 0.548450 4.460880 -0.031776
v 0.557566 4.461713 -0.029605
v 0.490011 4.487399 0.062939
v 0.494333 4.492970 0.064498
v 0.501340 4.495053 0.070418
v 0.446776 4.507277 0.095443
v 0.450469 4.513138 0.097475
v 0.455768 4.516006 0.104680
v 0.396804 4.527961 0.115338
v 0.399770 4.534123 0.117660
v 0.403094 4.537809 0.125651
v 0.290123 4.565971 0.110410
v 0.291535 4.572687 0.112659
v 0.290643 4.577875 0.120456
v 0.240151 4.580896 0.085897
v 0.240835 4.587830 0.087789
v 0.237969 4.593607 0.094617
v 0.196917 4.591827 0.049398
v 0.196972 4.598919 0.050759
v 0.192396 4.605129 0.056144
v 0.414754 4.542446 0.167551
v 0.477338 4.516541 0.142634
v 0.531484 4.491646 0.101926
v 0.423805 4.546506 0.199304
v 0.493916 4.517486 0.171391
v 0.554574 4.489596 0.125788
v 0.434645 4.554308 0.232419
v 0.512714 4.521995 0.201338
v 0.580257 4.490940 0.150558
v 0.143576 4.598207 -0.050423
v 0.142854 4.605393 -0.050515
v 0.136171 4.611855 -0.049074
v 0.136838 4.593255 -0.107439
v 0.136018 4.600368 -0.108362
v 0.129069 4.606634 -0.109174
v 0.143576 4.583501 -0.163834
v 0.142854 4.590472 -0.165577
v 0.136171 4.596353 -0.168618
v 0.196917 4.551872 -0.258725
v 0.196972 4.558382 -0.261850
v 0.192396 4.563013 -0.268641
v 0.240151 4.531993 -0.291229
v 0.240835 4.538215 -0.294828
v 0.237968 4.542060 -0.302903
v 0.290123 4.511310 -0.311124
v 0.291535 4.517230 -0.315012
v 0.290643 4.520257 -0.323874
v 0.302373 4.406214 -0.083185
v 0.303190 4.392856 -0.203895
v 0.347544 4.381058 -0.162852
v 0.402154 4.365403 -0.139114
v 0.392229 4.375713 -0.079230
v 0.402154 4.381018 -0.018697
v 0.347544 4.402210 0.000263
v 0.303190 4.424086 0.036939
v 0.258173 4.434052 -0.003866
v 0.204226 4.451539 -0.027842
v 0.213488 4.439397 -0.087488
v 0.204226 4.435924 -0.148259
v 0.258173 4.412900 -0.166982
v 0.440302 4.786932 -0.132554
v 0.557344 4.735996 -0.198354
v 0.492517 4.755969 -0.225443
v 0.440302 4.768464 -0.274969
v 0.388086 4.793178 -0.230268
v 0.323259 4.819400 -0.209169
v 0.335871 4.824140 -0.137379
v 0.323259 4.837867 -0.066754
v 0.388086 4.817894 -0.039665
v 0.440302 4.805399 0.009861
v 0.492517 4.780685 -0.034840
v 0.557344 4.754463 -0.055939
v 0.544733 4.749723 -0.127729
v 0.531484 4.441606 -0.283965
v 0.477338 4.455295 -0.329676
v 0.414754 4.473988 -0.360375
v 0.554574 4.433539 -0.306514
v 0.493916 4.448874 -0.357723
v 0.423805 4.469815 -0.392114
v 0.580257 4.428520 -0.330808
v 0.512714 4.445595 -0.387829
v 0.434645 4.468913 -0.426124
v 0.499192 4.733879 -0.374216
v 0.557693 4.716919 -0.341559
v 0.611560 4.702707 -0.300661
v 0.512061 4.720789 -0.418660
v 0.580796 4.700401 -0.383854
v 0.641159 4.684978 -0.334154
v 0.520127 4.705784 -0.456090
v 0.598024 4.682536 -0.417743
v 0.665529 4.665449 -0.360911
v 0.164416 4.622431 0.084967
v 0.218562 4.608742 0.130678
v 0.281146 4.590049 0.161378
v 0.143359 4.636111 0.106789
v 0.204017 4.620776 0.157997
v 0.274129 4.599835 0.192389
v 0.122369 4.654083 0.129403
v 0.189912 4.637007 0.186424
v 0.267981 4.613690 0.224719
v 0.381171 4.839322 0.109194
v 0.322670 4.856281 0.076537
v 0.268803 4.870493 0.035639
v 0.366621 4.847770 0.154240
v 0.297886 4.868158 0.119433
v 0.237523 4.883583 0.069734
v 0.353992 4.850181 0.193303
v 0.276095 4.873429 0.154956
v 0.208589 4.890516 0.098124
v 0.097612 4.612004 -0.182082
v 0.089173 4.624219 -0.111455
v 0.097612 4.630422 -0.040047
v 0.068521 4.624430 -0.192379
v 0.059068 4.638114 -0.113256
v 0.068521 4.645063 -0.033261
v 0.039037 4.641077 -0.203719
v 0.028511 4.656314 -0.115617
v 0.039037 4.664052 -0.026542
v 0.798032 4.565756 0.009327
v 0.811260 4.546607 -0.101390
v 0.798032 4.536884 -0.213330
v 0.798490 4.598524 0.002127
v 0.811373 4.579874 -0.105704
v 0.798490 4.570404 -0.214726
v 0.790795 4.629458 -0.006771
v 0.803107 4.611635 -0.109823
v 0.790795 4.602585 -0.214012
v 0.013165 4.816529 -0.249592
v -0.000063 4.835678 -0.138875
v 0.013165 4.845401 -0.026936
v 0.034081 4.842759 -0.250043
v 0.021198 4.861410 -0.142212
v 0.034081 4.870879 -0.033190
v 0.060269 4.862868 -0.247764
v 0.047956 4.880692 -0.144712
v 0.060268 4.889742 -0.040523
v 0.693310 4.549411 -0.409304
v 0.608429 4.570870 -0.480962
v 0.510321 4.600173 -0.529087
v 0.696497 4.582604 -0.405592
v 0.613829 4.603504 -0.475381
v 0.518278 4.632043 -0.522252
v 0.693323 4.614244 -0.396418
v 0.614319 4.634218 -0.463114
v 0.523004 4.661492 -0.507907
v 0.510321 4.707488 0.298498
v 0.608429 4.666880 0.259438
v 0.693310 4.627853 0.195624
v 0.518278 4.736561 0.283760
v 0.613829 4.697011 0.245719
v 0.696497 4.659002 0.183568
v 0.523004 4.761377 0.262379
v 0.614320 4.723580 0.226024
v 0.693323 4.687256 0.166628
v 0.300876 4.674797 -0.538764
v 0.202767 4.715405 -0.499704
v 0.117887 4.754431 -0.435890
v 0.314293 4.704722 -0.531676
v 0.218742 4.744272 -0.493635
v 0.136074 4.782281 -0.431484
v 0.328060 4.730949 -0.516914
v 0.236744 4.768746 -0.480559
v 0.157740 4.805070 -0.421163
v 0.117887 4.832874 0.169039
v 0.202768 4.811415 0.240696
v 0.300876 4.782112 0.288821
v 0.136074 4.858679 0.157676
v 0.218742 4.837779 0.227465
v 0.314293 4.809240 0.274336
v 0.157740 4.878082 0.141883
v 0.236744 4.858109 0.208579
v 0.328060 4.830834 0.253372
v 0.209792 4.877552 -0.074792
v 0.205159 4.870337 -0.143369
v 0.209792 4.859822 -0.211519
v 0.164803 4.892282 -0.066353
v 0.156431 4.885079 -0.145281
v 0.164803 4.871912 -0.223436
v 0.125522 4.900453 -0.057326
v 0.115131 4.892684 -0.146267
v 0.125522 4.877511 -0.234248
v 0.598288 4.452033 -0.016915
v 0.606726 4.439817 -0.087543
v 0.598288 4.433615 -0.158950
v 0.629412 4.445220 -0.007347
v 0.638866 4.431535 -0.086469
v 0.629412 4.424586 -0.166464
v 0.663589 4.441526 0.002314
v 0.674115 4.426289 -0.085788
v 0.663589 4.418551 -0.174863
v 0.670571 4.695648 -0.190230
v 0.675204 4.702863 -0.121653
v 0.670571 4.713378 -0.053503
v 0.713879 4.676279 -0.198068
v 0.722251 4.683480 -0.119139
v 0.713879 4.696648 -0.040985
v 0.748597 4.655512 -0.205461
v 0.758988 4.663280 -0.116520
v 0.748597 4.678454 -0.028539
v 0.268803 4.824831 -0.316497
v 0.322670 4.800657 -0.352418
v 0.381171 4.775929 -0.379669
v 0.237523 4.828791 -0.352803
v 0.297886 4.801201 -0.396925
v 0.366621 4.772609 -0.425380
v 0.208589 4.828254 -0.382022
v 0.276095 4.797237 -0.432617
v 0.353992 4.764977 -0.463766
v 0.611560 4.748370 0.051475
v 0.557693 4.772543 0.087396
v 0.499192 4.797271 0.114646
v 0.641159 4.739769 0.088382
v 0.580796 4.767359 0.132504
v 0.512061 4.795950 0.160959
v 0.665529 4.727710 0.119235
v 0.598024 4.758728 0.169830
v 0.520127 4.790988 0.200979
v 0.281146 4.521592 -0.366548
v 0.218562 4.547496 -0.341632
v 0.164416 4.572392 -0.300924
v 0.274128 4.523144 -0.399030
v 0.204017 4.552164 -0.371117
v 0.143359 4.580053 -0.325513
v 0.267981 4.528295 -0.433824
v 0.189912 4.560608 -0.402743
v 0.122369 4.591663 -0.351963
v 0.095059 4.705065 0.164319
v 0.174062 4.685092 0.231015
v 0.265378 4.657818 0.275808
v 0.091885 4.736705 0.173492
v 0.174552 4.715806 0.243282
v 0.270103 4.687266 0.290153
v 0.095072 4.769898 0.177205
v 0.179952 4.748440 0.248862
v 0.278061 4.719137 0.296988
v 0.265378 4.557932 -0.494478
v 0.174062 4.595729 -0.458123
v 0.095059 4.632053 -0.398727
v 0.270103 4.582748 -0.515860
v 0.174552 4.622298 -0.477818
v 0.091885 4.660307 -0.415668
v 0.278061 4.611822 -0.530597
v 0.179952 4.652430 -0.491538
v 0.095072 4.691456 -0.427724
v 0.460322 4.588360 0.284815
v 0.551638 4.550563 0.248459
v 0.630641 4.514239 0.189063
v 0.474089 4.614587 0.299577
v 0.569640 4.575037 0.261536
v 0.652308 4.537029 0.199385
v 0.487506 4.644512 0.306664
v 0.585614 4.603904 0.267605
v 0.670495 4.564878 0.203790
v 0.630641 4.441227 -0.373982
v 0.551638 4.461201 -0.440678
v 0.460322 4.488475 -0.485472
v 0.652308 4.460631 -0.389775
v 0.569640 4.481530 -0.459565
v 0.474089 4.510069 -0.506435
v 0.670495 4.486435 -0.401138
v 0.585614 4.507894 -0.472796
v 0.487506 4.537197 -0.520921
v -0.002413 4.689851 -0.225328
v -0.014726 4.707675 -0.122277
v -0.002413 4.716725 -0.018087
v -0.010108 4.720786 -0.234226
v -0.022991 4.739436 -0.126395
v -0.010108 4.748906 -0.017374
v -0.009651 4.753553 -0.241426
v -0.022879 4.772703 -0.130709
v -0.009651 4.782426 -0.018769
v 0.728113 4.456441 0.015664
v 0.740425 4.438618 -0.087387
v 0.728113 4.429568 -0.191576
v 0.754300 4.476550 0.017943
v 0.767184 4.457900 -0.089888
v 0.754300 4.448430 -0.198909
v 0.775217 4.502781 0.017493
v 0.788445 4.483631 -0.093224
v 0.775217 4.473908 -0.205164
v 0.175283 4.444499 -0.224966
v 0.166960 4.453552 -0.239899
v 0.166228 4.464415 -0.246340
v 0.215608 4.425950 -0.252797
v 0.209014 4.434195 -0.270908
v 0.209236 4.444638 -0.278598
v 0.260365 4.407472 -0.272798
v 0.257181 4.414289 -0.290620
v 0.258891 4.424088 -0.298434
v 0.129922 4.484820 -0.040745
v 0.115899 4.498065 -0.039283
v 0.113269 4.510438 -0.039377
v 0.125595 4.479325 -0.092666
v 0.109818 4.493015 -0.094441
v 0.106626 4.505483 -0.096058
v 0.129922 4.471396 -0.144271
v 0.115899 4.483830 -0.149062
v 0.113269 4.495818 -0.152128
v 0.260365 4.455792 0.099835
v 0.257181 4.466930 0.115329
v 0.258891 4.478398 0.120385
v 0.215608 4.468558 0.075783
v 0.209014 4.481149 0.091192
v 0.209236 4.493208 0.095964
v 0.175283 4.479394 0.044142
v 0.166960 4.491958 0.056271
v 0.166228 4.504103 0.059728
v 0.436169 4.386442 0.056195
v 0.449525 4.391281 0.069326
v 0.457472 4.400334 0.073184
v 0.395635 4.404415 0.084100
v 0.407407 4.410462 0.100358
v 0.414456 4.420089 0.105445
v 0.351087 4.423469 0.104027
v 0.359304 4.430544 0.120047
v 0.364809 4.440660 0.125278
v 0.481530 4.346120 -0.128026
v 0.500586 4.346768 -0.131289
v 0.510431 4.354311 -0.133778
v 0.485649 4.351039 -0.076031
v 0.506604 4.351642 -0.076109
v 0.517067 4.359244 -0.077095
v 0.481530 4.359544 -0.024500
v 0.500586 4.361003 -0.021510
v 0.510431 4.368931 -0.021027
v 0.351087 4.375148 -0.268607
v 0.359304 4.377903 -0.285901
v 0.364809 4.386351 -0.293540
v 0.395635 4.361807 -0.244479
v 0.407407 4.363508 -0.261742
v 0.414456 4.371519 -0.269116
v 0.436169 4.351546 -0.212913
v 0.449525 4.352876 -0.226844
v 0.457472 4.360645 -0.232884
v 0.176224 4.493848 -0.250875
v 0.182546 4.511298 -0.253138
v 0.188611 4.528038 -0.255309
v 0.219369 4.474011 -0.283312
v 0.225691 4.491461 -0.285574
v 0.231755 4.508201 -0.287745
v 0.269237 4.453370 -0.303165
v 0.275559 4.470820 -0.305428
v 0.281623 4.487560 -0.307599
v 0.122994 4.540087 -0.043006
v 0.129317 4.557538 -0.045269
v 0.135381 4.574277 -0.047439
v 0.116271 4.535145 -0.099904
v 0.122593 4.552595 -0.102167
v 0.128657 4.569335 -0.104338
v 0.122995 4.525412 -0.156181
v 0.129317 4.542862 -0.158444
v 0.135381 4.559601 -0.160615
v 0.269237 4.507918 0.117492
v 0.275559 4.525368 0.115229
v 0.281623 4.542108 0.113058
v 0.219369 4.522812 0.093030
v 0.225691 4.540263 0.090767
v 0.231755 4.557002 0.088597
v 0.176224 4.533720 0.056607
v 0.182546 4.551170 0.054344
v 0.188611 4.567909 0.052173
v 0.468709 4.429509 0.070120
v 0.475031 4.446959 0.067857
v 0.481095 4.463698 0.065687
v 0.425564 4.449346 0.102557
v 0.431887 4.466796 0.100294
v 0.437951 4.483535 0.098123
v 0.375696 4.469986 0.122410
v 0.382019 4.487437 0.120148
v 0.388083 4.504176 0.117977
v 0.521939 4.383269 -0.137749
v 0.528261 4.400720 -0.140012
v 0.534325 4.417459 -0.142183
v 0.528662 4.388211 -0.080851
v 0.534984 4.405662 -0.083114
v 0.541049 4.422401 -0.085284
v 0.521939 4.397945 -0.024574
v 0.528261 4.415395 -0.026837
v 0.534325 4.432135 -0.029007
v 0.375696 4.415439 -0.298247
v 0.382018 4.432889 -0.300510
v 0.388083 4.449628 -0.302680
v 0.425564 4.400544 -0.273785
v 0.431886 4.417994 -0.276048
v 0.437951 4.434734 -0.278219
v 0.468709 4.389637 -0.237362
v 0.475031 4.407087 -0.239625
v 0.481095 4.423826 -0.241795
vn 0.1565 -0.4424 -0.8831
vn -0.0852 -0.8376 -0.5396
vn 0.0628 -0.8809 -0.4692
vn 0.3699 -0.5057 -0.7794
vn -0.2695 -0.9572 -0.1056
vn -0.2169 -0.9728 -0.0810
vn 0.1886 -0.9135 -0.3604
vn 0.5535 -0.5526 -0.6232
vn -0.1724 -0.9841 -0.0420
vn -0.0074 -0.1490 -0.9888
vn -0.0859 -0.3614 -0.9285
vn 0.2426 -0.2335 -0.9416
vn -0.2525 -0.7825 -0.5692
vn -0.3286 -0.9374 -0.1155
vn -0.3371 -0.9404 0.0446
vn -0.3179 -0.9469 0.0479
vn -0.3007 -0.9521 0.0560
vn -0.2862 -0.9557 0.0686
vn -0.2746 -0.9578 0.0855
vn -0.1371 -0.9905 0.0099
vn 0.2895 -0.9329 -0.2143
vn 0.7024 -0.5800 -0.4124
vn 0.6531 -0.3473 -0.6729
vn 0.8074 -0.3751 -0.4554
vn 0.4630 -0.2994 -0.8342
vn 0.7955 -0.5815 -0.1702
vn 0.3554 -0.9335 -0.0483
vn 0.3771 -0.9185 0.1191
vn 0.8252 -0.5601 0.0726
vn -0.1133 -0.9912 0.0685
vn -0.1053 -0.9862 0.1279
vn 0.3554 -0.8903 0.2848
vn 0.7955 -0.5189 0.3129
vn -0.1133 -0.9759 0.1866
vn 0.9031 -0.3772 -0.2050
vn -0.2669 -0.9580 0.1046
vn -0.2644 -0.9564 0.1240
vn -0.2669 -0.9530 0.1432
vn -0.2746 -0.9479 0.1616
vn -0.1371 -0.9603 0.2430
vn 0.2895 -0.8473 0.4452
vn 0.7024 -0.4557 0.5467
vn 0.9031 -0.3125 0.2944
vn 0.8074 -0.2465 0.5360
vn 0.9335 -0.3556 0.0461
vn 0.5535 -0.3753 0.7435
vn 0.1886 -0.7914 0.5815
vn 0.0628 -0.7321 0.6783
vn 0.3699 -0.2902 0.8826
vn -0.1724 -0.9409 0.2917
vn -0.2169 -0.9200 0.3264
vn -0.0852 -0.6722 0.7354
vn 0.1565 -0.2026 0.9667
vn -0.2695 -0.8986 0.3463
vn 0.6531 -0.1642 0.7392
vn -0.2862 -0.9416 0.1774
vn -0.3007 -0.9348 0.1887
vn -0.3179 -0.9278 0.1952
vn -0.3371 -0.9207 0.1968
vn -0.3286 -0.8769 0.3508
vn -0.2525 -0.6114 0.7499
vn -0.0859 -0.1126 0.9899
vn 0.2426 0.0144 0.9700
vn -0.0074 0.1081 0.9941
vn 0.4630 -0.0767 0.8830
vn -0.3276 -0.0301 0.9443
vn -0.4187 -0.5534 0.7200
vn -0.5660 -0.5081 0.6493
vn -0.5407 0.0343 0.8405
vn -0.3876 -0.8565 0.3408
vn -0.4401 -0.8405 0.3161
vn -0.6925 -0.4774 0.5408
vn -0.7247 0.0801 0.6844
vn -0.4847 -0.8296 0.2772
vn -0.2574 0.1926 0.9469
vn -0.3564 -0.9141 0.1934
vn -0.3735 -0.9089 0.1854
vn -0.3880 -0.9053 0.1727
vn -0.3997 -0.9033 0.1558
vn -0.5202 -0.8238 0.2253
vn -0.7945 -0.4611 0.3951
vn -0.8742 0.1061 0.4739
vn -0.6679 0.3065 0.6782
vn -0.8222 0.3341 0.4607
vn -0.4778 0.2586 0.8395
vn -0.3191 -0.9283 0.1908
vn -0.3031 -0.9349 0.1845
vn -0.2653 -0.9314 0.2491
vn -0.2977 -0.9181 0.2618
vn -0.2894 -0.9412 0.1741
vn -0.2375 -0.9443 0.2279
vn -0.1847 -0.9085 0.3747
vn -0.2496 -0.8818 0.4002
vn -0.1290 -0.9343 0.3324
vn -0.3372 -0.9215 0.1925
vn -0.2782 -0.9472 0.1593
vn -0.2148 -0.9564 0.1980
vn -0.0836 -0.9585 0.2725
vn 0.1317 -0.9159 0.3793
vn 0.0520 -0.8732 0.4845
vn -0.0460 -0.8279 0.5590
vn -0.1601 -0.7809 0.6038
vn -0.3232 -0.8543 0.4072
vn -0.2895 -0.7326 0.6160
vn -0.3345 -0.9043 0.2653
vn -0.9667 0.1090 0.2315
vn -0.8593 -0.4575 0.2287
vn -0.8803 -0.4705 0.0610
vn -0.9960 0.0887 -0.0115
vn -0.5438 -0.8225 0.1667
vn -0.5517 -0.8271 0.1073
vn -0.8593 -0.5007 -0.1044
vn -0.9667 0.0464 -0.2516
vn -0.5438 -0.8378 0.0486
vn -0.9179 0.3364 0.2103
vn -0.4073 -0.9030 0.1367
vn -0.4098 -0.9046 0.1173
vn -0.4073 -0.9080 0.0982
vn -0.3997 -0.9132 0.0797
vn -0.5202 -0.8540 -0.0078
vn -0.7945 -0.5466 -0.2644
vn -0.8742 -0.0183 -0.4853
vn -0.9179 0.2716 -0.2891
vn -0.8222 0.2056 -0.5307
vn -0.9483 0.3148 -0.0408
vn -0.7247 -0.0972 -0.6822
vn -0.6925 -0.5996 -0.4011
vn -0.5660 -0.6569 -0.4982
vn -0.5407 -0.1812 -0.8215
vn -0.4847 -0.8729 -0.0565
vn -0.4401 -0.8933 -0.0913
vn -0.4187 -0.7187 -0.5550
vn -0.3276 -0.2699 -0.9054
vn -0.3876 -0.9151 -0.1111
vn -0.6679 0.1233 -0.7339
vn -0.3880 -0.9194 0.0639
vn -0.3735 -0.9261 0.0526
vn -0.3564 -0.9332 0.0461
vn -0.2574 -0.0553 -0.9647
vn -0.4778 0.0359 -0.8777
vn -0.3377 -0.9384 0.0736
vn -0.3220 -0.9422 0.0926
vn -0.3381 -0.9333 0.1210
vn -0.3539 -0.9308 0.0911
vn -0.2989 -0.9491 0.0990
vn -0.3061 -0.9441 0.1224
vn -0.2989 -0.9430 0.1463
vn -0.3220 -0.9347 0.1508
vn -0.3377 -0.9261 0.1682
vn -0.3539 -0.9233 0.1493
vn -0.3766 -0.9153 0.1427
vn -0.3698 -0.9214 0.1195
vn -0.3766 -0.9214 0.0954
vn -0.3352 -0.9421 -0.0103
vn -0.3099 -0.9506 0.0181
vn -0.3624 -0.9319 0.0156
vn -0.2908 -0.9560 0.0391
vn -0.3823 -0.9234 0.0348
vn -0.2281 -0.9718 0.0598
vn -0.2380 -0.9664 0.0971
vn -0.2642 -0.9633 0.0479
vn -0.2450 -0.9615 0.1247
vn -0.2281 -0.9549 0.1900
vn -0.2642 -0.9436 0.1993
vn -0.2380 -0.9592 0.1526
vn -0.2908 -0.9343 0.2061
vn -0.3352 -0.9083 0.2502
vn -0.3624 -0.9051 0.2226
vn -0.3099 -0.9238 0.2250
vn -0.3823 -0.9017 0.2018
vn -0.4422 -0.8786 0.1802
vn -0.4343 -0.8893 0.1435
vn -0.4080 -0.8924 0.1927
vn -0.4280 -0.8963 0.1162
vn -0.4422 -0.8955 0.0499
vn -0.4080 -0.9120 0.0413
vn -0.4343 -0.8965 0.0880
vn 0.3381 0.9333 -0.1210
vn 0.3421 0.9316 -0.1233
vn 0.3400 0.9323 -0.1237
vn 0.3413 0.9321 -0.1212
vn 0.3395 0.9325 -0.1235
vn 0.3409 0.9323 -0.1209
vn 0.3381 0.9327 -0.1259
vn 0.3368 0.9334 -0.1242
vn 0.3394 0.9324 -0.1240
vn 0.3367 0.9335 -0.1236
vn 0.3341 0.9344 -0.1236
vn 0.3349 0.9344 -0.1215
vn 0.3362 0.9336 -0.1238
vn 0.3353 0.9343 -0.1212
vn 0.3341 0.9350 -0.1188
vn 0.3362 0.9343 -0.1184
vn 0.3349 0.9345 -0.1208
vn 0.3367 0.9341 -0.1185
vn 0.3381 0.9339 -0.1162
vn 0.3394 0.9332 -0.1179
vn 0.3368 0.9341 -0.1180
vn 0.3395 0.9331 -0.1184
vn 0.3421 0.9322 -0.1184
vn 0.3413 0.9322 -0.1205
vn 0.3400 0.9330 -0.1182
vn -0.2894 -0.9545 0.0717
vn -0.3031 -0.9511 0.0600
vn -0.2653 -0.9642 -0.0033
vn -0.2375 -0.9712 0.0205
vn -0.3191 -0.9463 0.0523
vn -0.2977 -0.9545 -0.0189
vn -0.1847 -0.9741 -0.1306
vn -0.1290 -0.9882 -0.0831
vn -0.2496 -0.9547 -0.1620
vn -0.2782 -0.9565 0.0875
vn -0.3372 -0.9401 0.0489
vn -0.3345 -0.9421 -0.0259
vn -0.3232 -0.9299 -0.1758
vn -0.2895 -0.8655 -0.4088
vn -0.1601 -0.9091 -0.3846
vn -0.0460 -0.9431 -0.3294
vn 0.0520 -0.9679 -0.2458
vn -0.0836 -0.9963 -0.0190
vn 0.1317 -0.9823 -0.1331
vn -0.2148 -0.9752 0.0525
vn 0.3469 0.9258 -0.1499
vn 0.3517 0.9248 -0.1454
vn 0.3881 0.8967 -0.2128
vn 0.3653 0.9029 -0.2264
vn 0.3576 0.9229 -0.1429
vn 0.4096 0.8907 -0.1974
vn 0.4543 0.8208 -0.3462
vn 0.3946 0.8381 -0.3766
vn 0.5068 0.8070 -0.3032
vn 0.3379 0.9285 -0.1540
vn 0.3651 0.9210 -0.1362
vn 0.4297 0.8863 -0.1729
vn 0.5507 0.7985 -0.2433
vn 0.7086 0.6188 -0.3391
vn 0.6292 0.6331 -0.4509
vn 0.5317 0.6577 -0.5336
vn 0.4187 0.6915 -0.5887
vn 0.3249 0.8611 -0.3911
vn 0.2901 0.7349 -0.6130
vn 0.3359 0.9123 -0.2343
vn -0.3851 -0.9072 0.1697
vn -0.3713 -0.9106 0.1814
vn -0.4036 -0.8822 0.2427
vn -0.4314 -0.8752 0.2190
vn -0.3554 -0.9154 0.1891
vn -0.3712 -0.8919 0.2584
vn -0.4616 -0.8099 0.3619
vn -0.5174 -0.7959 0.3144
vn -0.3968 -0.8294 0.3934
vn -0.3962 -0.9052 0.1539
vn -0.4188 -0.6887 0.5918
vn -0.5328 -0.6544 0.5365
vn -0.6309 -0.6299 0.4530
vn -0.5627 -0.7878 0.2504
vn -0.7106 -0.6158 0.3404
vn -0.4541 -0.8711 0.1870
vn 0.3290 0.9398 -0.0920
vn 0.3242 0.9410 -0.0966
vn 0.2840 0.9584 -0.0278
vn 0.3066 0.9517 -0.0141
vn 0.3183 0.9428 -0.0990
vn 0.2623 0.9640 -0.0431
vn 0.1959 0.9740 0.1135
vn 0.2554 0.9560 0.1440
vn 0.1432 0.9872 0.0705
vn 0.3379 0.9371 -0.0879
vn 0.3108 0.9446 -0.1057
vn 0.2421 0.9679 -0.0675
vn 0.0990 0.9950 0.0107
vn -0.1283 0.9830 0.1314
vn -0.0489 0.9687 0.2432
vn 0.0486 0.9442 0.3258
vn 0.1616 0.9104 0.3809
vn 0.3249 0.9324 0.1585
vn 0.2901 0.8669 0.4053
vn 0.3359 0.9419 -0.0061
vn -0.4032 -0.9097 0.0996
vn -0.4055 -0.9065 0.1176
vn -0.4727 -0.8739 0.1133
vn -0.4682 -0.8803 0.0769
vn -0.4032 -0.9050 0.1357
vn -0.4682 -0.8708 0.1502
vn -0.6000 -0.7933 0.1029
vn -0.5910 -0.8061 0.0299
vn -0.5910 -0.7871 0.1767
vn -0.3962 -0.9145 0.0821
vn -0.7603 -0.6144 0.2109
vn -0.7761 -0.6253 0.0811
vn -0.7603 -0.6479 -0.0472
vn -0.5627 -0.8256 -0.0411
vn -0.7106 -0.6822 -0.1721
vn -0.4541 -0.8900 0.0414
vn 0.9632 -0.0768 0.2576
vn 0.9927 -0.1193 0.0155
vn 0.9928 0.1188 -0.0154
vn 0.9656 0.1579 0.2065
vn 0.9632 -0.1400 -0.2295
vn 0.9656 0.1000 -0.2400
vn 0.9244 0.3782 -0.0490
vn 0.9018 0.4106 0.1349
vn 0.9018 0.3626 -0.2351
vn 0.8150 -0.2261 0.5335
vn 0.9107 -0.2921 0.2920
vn 0.8699 -0.0122 0.4931
vn 0.9411 -0.3353 0.0435
vn 0.9107 -0.3569 -0.2078
vn 0.8150 -0.3547 -0.4582
vn 0.8699 -0.1375 -0.4736
vn 0.8800 0.1026 -0.4637
vn 0.8307 0.3648 -0.4206
vn 0.7578 0.6177 -0.2103
vn 0.7733 0.6288 -0.0815
vn 0.7578 0.6509 0.0458
vn 0.8307 0.4600 0.3136
vn 0.7086 0.6848 0.1701
vn 0.8800 0.2174 0.4222
vn -0.8125 0.4927 -0.3116
vn -0.8423 0.5346 -0.0693
vn -0.6895 0.7182 -0.0931
vn -0.6621 0.6800 -0.3152
vn -0.8125 0.5558 0.1756
vn -0.6621 0.7379 0.1313
vn -0.4704 0.8751 -0.1135
vn -0.4475 0.8434 -0.2975
vn -0.4475 0.8914 0.0725
vn -0.8150 0.2261 -0.5335
vn -0.9107 0.2921 -0.2920
vn -0.7190 0.4286 -0.5471
vn -0.9411 0.3353 -0.0435
vn -0.9107 0.3569 0.2078
vn -0.8150 0.3547 0.4582
vn -0.7190 0.5540 0.4196
vn -0.5761 0.7363 0.3549
vn -0.3761 0.8900 0.2579
vn -0.1774 0.9841 0.0026
vn -0.1929 0.9731 -0.1262
vn -0.1774 0.9509 -0.2535
vn -0.3761 0.7948 -0.4763
vn -0.1283 0.9170 -0.3778
vn -0.5761 0.6214 -0.5310
vn 0.7194 -0.1109 -0.6856
vn 0.5340 -0.0644 -0.8430
vn 0.5722 0.1691 -0.8025
vn 0.7422 0.1267 -0.6581
vn 0.3191 0.0002 -0.9477
vn 0.3752 0.2285 -0.8983
vn 0.5757 0.4199 -0.7016
vn 0.7165 0.3848 -0.5818
vn 0.4124 0.4692 -0.7809
vn 0.6607 -0.3270 -0.6757
vn 0.4706 -0.2790 -0.8371
vn 0.2500 -0.2131 -0.9445
vn -0.0000 -0.1286 -0.9917
vn 0.0754 0.0829 -0.9937
vn 0.1519 0.3045 -0.9403
vn 0.2273 0.5322 -0.8156
vn 0.3191 0.2419 0.9163
vn 0.5340 0.1528 0.8316
vn 0.5722 0.3682 0.7328
vn 0.3752 0.4501 0.8103
vn 0.7194 0.0677 0.6912
vn 0.7422 0.2904 0.6040
vn 0.5757 0.5849 0.5713
vn 0.4124 0.6528 0.6354
vn 0.7165 0.5205 0.4644
vn -0.0000 0.1286 0.9917
vn 0.2500 0.0349 0.9676
vn 0.0754 0.3336 0.9397
vn 0.4706 -0.0563 0.8806
vn 0.6607 -0.1438 0.7367
vn 0.6292 0.7272 0.2745
vn 0.5317 0.7720 0.3482
vn 0.4187 0.8187 0.3928
vn 0.2273 0.7226 0.6529
vn 0.1519 0.5343 0.8315
vn -0.1684 0.1739 -0.9703
vn -0.3835 0.2625 -0.8854
vn -0.2690 0.4688 -0.8413
vn -0.0717 0.3878 -0.9190
vn -0.5688 0.3481 -0.7452
vn -0.4386 0.5475 -0.7127
vn -0.1217 0.6684 -0.7338
vn 0.0419 0.6012 -0.7980
vn -0.2622 0.7335 -0.6271
vn -0.2500 -0.0349 -0.9676
vn -0.4706 0.0563 -0.8806
vn -0.6607 0.1438 -0.7367
vn -0.0489 0.8747 -0.4822
vn 0.0486 0.8298 -0.5559
vn 0.1616 0.7831 -0.6005
vn -0.5688 0.5267 0.6317
vn -0.3835 0.4797 0.7892
vn -0.2690 0.6679 0.6939
vn -0.4386 0.7111 0.5495
vn -0.1684 0.4156 0.8938
vn -0.0717 0.6093 0.7897
vn -0.1217 0.8334 0.5391
vn -0.2622 0.8692 0.4192
vn 0.0419 0.7848 0.6183
vn -0.6607 0.3270 0.6757
vn -0.4706 0.2790 0.8371
vn -0.2500 0.2131 0.9445
vn 0.3093 0.9439 -0.1158
vn 0.3105 0.9427 -0.1222
vn 0.2320 0.9646 -0.1251
vn 0.2330 0.9675 -0.0981
vn 0.3093 0.9422 -0.1288
vn 0.2330 0.9605 -0.1520
vn 0.0667 0.9895 -0.1283
vn 0.0736 0.9955 -0.0597
vn 0.0736 0.9778 -0.1962
vn 0.3108 0.9403 -0.1387
vn 0.2421 0.9531 -0.1816
vn 0.0990 0.9594 -0.2641
vn -0.2712 -0.9520 0.1418
vn -0.2690 -0.9551 0.1239
vn -0.1962 -0.9724 0.1261
vn -0.2007 -0.9661 0.1625
vn -0.2712 -0.9567 0.1057
vn -0.2007 -0.9756 0.0893
vn -0.0463 -0.9906 0.1285
vn -0.0553 -0.9779 0.2014
vn -0.0553 -0.9970 0.0547
vn 0.1814 -0.9834 -0.0037
vn 0.1974 -0.9722 0.1261
vn 0.1814 -0.9499 0.2544
vn 0.3666 0.9218 -0.1261
vn 0.3654 0.9231 -0.1197
vn 0.4401 0.8905 -0.1155
vn 0.4390 0.8871 -0.1424
vn 0.3666 0.9235 -0.1132
vn 0.4390 0.8941 -0.0885
vn 0.5835 0.8053 -0.1044
vn 0.5764 0.7987 -0.1730
vn 0.5764 0.8164 -0.0364
vn 0.3651 0.9252 -0.1032
vn 0.4297 0.9011 -0.0588
vn 0.5507 0.8341 0.0316
vn 0.3183 0.9369 -0.1448
vn 0.3242 0.9345 -0.1467
vn 0.2840 0.9338 -0.2176
vn 0.2623 0.9431 -0.2042
vn 0.3290 0.9322 -0.1508
vn 0.3066 0.9239 -0.2291
vn 0.1959 0.9129 -0.3582
vn 0.1432 0.9365 -0.3200
vn 0.2554 0.8877 -0.3831
vn 0.3576 0.9288 -0.0972
vn 0.3517 0.9313 -0.0953
vn 0.3881 0.9214 -0.0230
vn 0.4096 0.9115 -0.0363
vn 0.3469 0.9334 -0.0912
vn 0.3653 0.9308 -0.0114
vn 0.4543 0.8820 0.1254
vn 0.5068 0.8576 0.0873
vn 0.3946 0.9065 0.1504
vn -0.3554 -0.9334 0.0506
vn -0.3713 -0.9268 0.0569
vn -0.4036 -0.9149 -0.0096
vn -0.3712 -0.9283 -0.0223
vn -0.3851 -0.9204 0.0673
vn -0.4314 -0.9021 0.0115
vn -0.4616 -0.8754 -0.1434
vn -0.3968 -0.9023 -0.1688
vn -0.5174 -0.8498 -0.1010
vn -0.6309 -0.7246 -0.2773
vn -0.5328 -0.7696 -0.3519
vn -0.4188 -0.8169 -0.3966
vn -0.7165 -0.3848 0.5818
vn -0.5757 -0.4199 0.7016
vn -0.5722 -0.1691 0.8025
vn -0.7422 -0.1267 0.6581
vn -0.4124 -0.4692 0.7809
vn -0.3752 -0.2285 0.8983
vn -0.5340 0.0644 0.8430
vn -0.7194 0.1109 0.6856
vn -0.3191 -0.0002 0.9477
vn -0.8307 -0.3648 0.4206
vn -0.2273 -0.5322 0.8156
vn -0.1519 -0.3045 0.9403
vn -0.0754 -0.0829 0.9937
vn -0.8699 0.1375 0.4736
vn -0.8800 -0.1026 0.4637
vn -0.4124 -0.6528 -0.6354
vn -0.5757 -0.5849 -0.5713
vn -0.5722 -0.3682 -0.7328
vn -0.3752 -0.4501 -0.8103
vn -0.7165 -0.5205 -0.4645
vn -0.7422 -0.2904 -0.6040
vn -0.5340 -0.1528 -0.8316
vn -0.3191 -0.2419 -0.9163
vn -0.7194 -0.0677 -0.6912
vn -0.2273 -0.7226 -0.6529
vn -0.8307 -0.4600 -0.3136
vn -0.8800 -0.2174 -0.4222
vn -0.8699 0.0122 -0.4931
vn -0.0754 -0.3336 -0.9397
vn -0.1519 -0.5343 -0.8315
vn -0.0419 -0.6012 0.7980
vn 0.1217 -0.6684 0.7338
vn 0.2690 -0.4688 0.8413
vn 0.0717 -0.3878 0.9190
vn 0.2622 -0.7335 0.6271
vn 0.4386 -0.5475 0.7127
vn 0.3835 -0.2625 0.8854
vn 0.1684 -0.1739 0.9703
vn 0.5688 -0.3481 0.7452
vn 0.3761 -0.7948 0.4763
vn 0.5761 -0.6214 0.5310
vn 0.7190 -0.4286 0.5471
vn 0.2622 -0.8692 -0.4192
vn 0.1217 -0.8334 -0.5391
vn 0.2690 -0.6679 -0.6939
vn 0.4386 -0.7111 -0.5495
vn -0.0419 -0.7848 -0.6183
vn 0.0717 -0.6093 -0.7897
vn 0.3835 -0.4797 -0.7892
vn 0.5688 -0.5267 -0.6317
vn 0.1684 -0.4156 -0.8938
vn 0.3761 -0.8900 -0.2579
vn 0.7190 -0.5540 -0.4196
vn 0.5761 -0.7363 -0.3549
vn -0.9018 -0.4106 -0.1349
vn -0.9244 -0.3782 0.0490
vn -0.9928 -0.1188 0.0154
vn -0.9656 -0.1579 -0.2065
vn -0.9018 -0.3626 0.2351
vn -0.9656 -0.1000 0.2400
vn -0.9927 0.1193 -0.0155
vn -0.9632 0.0768 -0.2577
vn -0.9632 0.1400 0.2295
vn 0.4475 -0.8434 0.2975
vn 0.4704 -0.8751 0.1135
vn 0.6895 -0.7182 0.0931
vn 0.6621 -0.6800 0.3152
vn 0.4475 -0.8914 -0.0725
vn 0.6621 -0.7379 -0.1313
vn 0.8423 -0.5346 0.0693
vn 0.8125 -0.4927 0.3116
vn 0.8125 -0.5558 -0.1756
vn -0.5063 -0.8573 -0.0932
vn -0.6867 -0.6091 -0.3969
vn -0.5622 -0.6755 -0.4771
vn -0.4508 -0.8850 -0.1167
vn -0.7311 -0.1499 -0.6656
vn -0.5530 -0.2400 -0.7979
vn -0.4230 -0.7238 -0.5451
vn -0.3989 -0.9041 -0.1536
vn -0.3436 -0.3185 -0.8834
vn -0.5643 -0.8245 -0.0424
vn -0.7973 -0.5408 -0.2680
vn -0.8788 -0.0628 -0.4730
vn -0.8257 0.1951 -0.5292
vn -0.6716 0.1117 -0.7324
vn -0.4822 0.0232 -0.8757
vn -0.2618 -0.0667 -0.9628
vn -0.0112 -0.1594 -0.9872
vn -0.1009 -0.4014 -0.9103
vn -0.2508 -0.7786 -0.5752
vn -0.3230 -0.9295 -0.1780
vn -0.5806 -0.7963 0.1697
vn -0.8552 -0.4676 0.2238
vn -0.8664 -0.4951 0.0642
vn -0.5755 -0.8110 0.1052
vn -0.9711 0.0536 0.2327
vn -0.9997 0.0249 -0.0032
vn -0.8552 -0.5092 -0.0971
vn -0.5806 -0.8132 0.0390
vn -0.9711 -0.0076 -0.2387
vn -0.5643 -0.7864 0.2513
vn -0.7973 -0.4546 0.3970
vn -0.8788 0.0599 0.4734
vn -0.8257 0.3237 0.4619
vn -0.9219 0.3247 0.2114
vn -0.9525 0.3020 -0.0392
vn -0.9219 0.2601 -0.2872
vn -0.3989 -0.8350 0.3791
vn -0.4230 -0.5609 0.7117
vn -0.5622 -0.5315 0.6336
vn -0.4508 -0.8259 0.3386
vn -0.3436 -0.0826 0.9355
vn -0.5530 -0.0285 0.8327
vn -0.6867 -0.4877 0.5391
vn -0.5063 -0.8052 0.3087
vn -0.7311 0.0248 0.6818
vn -0.3230 -0.8534 0.4092
vn -0.2508 -0.6062 0.7548
vn -0.1009 -0.1559 0.9826
vn -0.0112 0.0977 0.9952
vn -0.2618 0.1811 0.9480
vn -0.4822 0.2458 0.8409
vn -0.6716 0.2948 0.6797
vn -0.1429 -0.9347 0.3255
vn 0.1777 -0.7957 0.5790
vn 0.0463 -0.7483 0.6617
vn -0.2013 -0.9148 0.3501
vn 0.5238 -0.4223 0.7398
vn 0.3404 -0.3468 0.8740
vn -0.0860 -0.6809 0.7273
vn -0.2503 -0.8879 0.3859
vn 0.1364 -0.2536 0.9576
vn -0.0817 -0.9584 0.2736
vn 0.2957 -0.8440 0.4475
vn 0.6769 -0.4944 0.5453
vn 0.8034 -0.2568 0.5372
vn 0.6485 -0.1756 0.7407
vn 0.4583 -0.0893 0.8843
vn 0.2387 0.0028 0.9711
vn -0.0686 -0.9957 0.0626
vn 0.3462 -0.9372 -0.0416
vn 0.3506 -0.9288 0.1204
vn -0.0766 -0.9888 0.1282
vn 0.7638 -0.6257 -0.1585
vn 0.7871 -0.6117 0.0793
vn 0.3462 -0.8956 0.2793
vn -0.0686 -0.9787 0.1934
vn 0.7638 -0.5646 0.3129
vn -0.0817 -0.9965 -0.0201
vn 0.2957 -0.9302 -0.2175
vn 0.6769 -0.6171 -0.4012
vn 0.8034 -0.3853 -0.4539
vn 0.8987 -0.3886 -0.2031
vn 0.9285 -0.3682 0.0477
vn 0.8987 -0.3240 0.2955
vn -0.2503 -0.9570 -0.1467
vn -0.0860 -0.8439 -0.5295
vn 0.0463 -0.8924 -0.4489
vn -0.2013 -0.9739 -0.1052
vn 0.1364 -0.4895 -0.8613
vn 0.3404 -0.5583 -0.7566
vn 0.1777 -0.9171 -0.3569
vn -0.1429 -0.9868 -0.0764
vn 0.5238 -0.5970 -0.6077
vn 0.2387 -0.2450 -0.9397
vn 0.4583 -0.3119 -0.8323
vn 0.6485 -0.3587 -0.6714
vn -0.6607 0.1438 -0.7368
vn -0.2501 -0.0349 -0.9676
vn -0.9108 0.3569 0.2077
vn -0.9108 0.2921 -0.2919
vn -0.2501 0.2131 0.9445
vn 0.6607 -0.1438 0.7368
vn 0.2501 0.0349 0.9676
vn 0.9108 -0.3569 -0.2077
vn 0.9108 -0.2921 0.2919
vn 0.2501 -0.2131 -0.9445
vt 0.772525 0.653150
vt 0.772522 0.653236
vt 0.771150 0.653236
vt 0.771173 0.653150
vt 0.772525 0.653322
vt 0.771173 0.653322
vt 0.769651 0.653236
vt 0.769726 0.653150
vt 0.769725 0.653322
vt 0.773840 0.653064
vt 0.773840 0.653150
vt 0.772531 0.653064
vt 0.773840 0.653236
vt 0.773840 0.653322
vt 0.773840 0.653408
vt 0.772531 0.653408
vt 0.771223 0.653408
vt 0.769915 0.653408
vt 0.768606 0.653408
vt 0.768007 0.653322
vt 0.767879 0.653236
vt 0.768007 0.653150
vt 0.769915 0.653064
vt 0.768606 0.653064
vt 0.771223 0.653064
vt 0.765800 0.653150
vt 0.765726 0.653236
vt 0.763300 0.653236
vt 0.763323 0.653150
vt 0.765800 0.653322
vt 0.763323 0.653322
vt 0.760747 0.653236
vt 0.760749 0.653150
vt 0.760749 0.653322
vt 0.765989 0.653064
vt 0.765989 0.653408
vt 0.763372 0.653408
vt 0.760756 0.653408
vt 0.758139 0.653408
vt 0.758139 0.653322
vt 0.758139 0.653236
vt 0.758139 0.653150
vt 0.760756 0.653064
vt 0.758139 0.653064
vt 0.763373 0.653064
vt 0.772525 0.652650
vt 0.772522 0.652737
vt 0.771150 0.652737
vt 0.771173 0.652650
vt 0.772525 0.652823
vt 0.771173 0.652823
vt 0.769651 0.652737
vt 0.769726 0.652650
vt 0.769725 0.652823
vt 0.773840 0.652564
vt 0.773840 0.652650
vt 0.772531 0.652564
vt 0.773840 0.652737
vt 0.773840 0.652823
vt 0.773840 0.652909
vt 0.772531 0.652909
vt 0.771223 0.652909
vt 0.769915 0.652909
vt 0.768606 0.652909
vt 0.768007 0.652823
vt 0.767879 0.652737
vt 0.768007 0.652650
vt 0.769915 0.652564
vt 0.768606 0.652564
vt 0.771223 0.652564
vt 0.765800 0.652650
vt 0.765726 0.652737
vt 0.763300 0.652737
vt 0.763323 0.652651
vt 0.765800 0.652823
vt 0.763323 0.652823
vt 0.760747 0.652737
vt 0.760749 0.652650
vt 0.760749 0.652823
vt 0.765989 0.652564
vt 0.765989 0.652909
vt 0.763372 0.652909
vt 0.760756 0.652909
vt 0.758139 0.652909
vt 0.758139 0.652823
vt 0.758139 0.652737
vt 0.758139 0.652650
vt 0.760756 0.652564
vt 0.758139 0.652564
vt 0.763373 0.652564
vt 0.951393 0.614466
vt 0.941470 0.607691
vt 0.945000 0.601578
vt 0.956229 0.609537
vt 0.930642 0.602485
vt 0.932492 0.595832
vt 0.948985 0.594674
vt 0.962561 0.603679
vt 0.934399 0.587420
vt 0.956994 0.624171
vt 0.947605 0.618750
vt 0.959005 0.623010
vt 0.938215 0.613329
vt 0.928826 0.607908
vt 0.919436 0.602487
vt 0.919436 0.600165
vt 0.919436 0.593566
vt 0.919436 0.584015
vt 0.919436 0.567777
vt 0.936341 0.577537
vt 0.953245 0.587296
vt 0.970150 0.597056
vt 0.972992 0.614935
vt 0.987054 0.606816
vt 0.964720 0.619711
vt 0.772525 0.653649
vt 0.772522 0.653735
vt 0.771150 0.653735
vt 0.771173 0.653649
vt 0.772525 0.653822
vt 0.771173 0.653822
vt 0.769651 0.653735
vt 0.769726 0.653649
vt 0.769725 0.653822
vt 0.773840 0.653563
vt 0.773840 0.653649
vt 0.772531 0.653563
vt 0.773840 0.653735
vt 0.773840 0.653822
vt 0.773840 0.653908
vt 0.772531 0.653908
vt 0.771223 0.653908
vt 0.769915 0.653908
vt 0.768606 0.653908
vt 0.768007 0.653822
vt 0.767879 0.653735
vt 0.768007 0.653649
vt 0.769915 0.653563
vt 0.768606 0.653563
vt 0.771223 0.653563
vt 0.765800 0.653649
vt 0.765726 0.653735
vt 0.763300 0.653735
vt 0.763323 0.653649
vt 0.765800 0.653822
vt 0.763323 0.653822
vt 0.760747 0.653735
vt 0.760749 0.653649
vt 0.760749 0.653822
vt 0.765989 0.653563
vt 0.765989 0.653908
vt 0.763372 0.653908
vt 0.760756 0.653908
vt 0.758139 0.653908
vt 0.758139 0.653822
vt 0.758139 0.653735
vt 0.758139 0.653649
vt 0.760756 0.653563
vt 0.758139 0.653563
vt 0.763373 0.653563
vt 0.756034 0.642348
vt 0.756694 0.638576
vt 0.762566 0.638576
vt 0.759630 0.643661
vt 0.756034 0.634805
vt 0.759630 0.633491
vt 0.756694 0.638576
vt 0.762566 0.631034
vt 0.765502 0.633491
vt 0.759630 0.633491
vt 0.769098 0.634805
vt 0.768438 0.638576
vt 0.765502 0.633491
vt 0.769098 0.642348
vt 0.765502 0.643661
vt 0.762566 0.646119
vt 0.759630 0.643661
vt 0.765502 0.643661
vt 0.752286 0.644511
vt 0.752286 0.641544
vt 0.754856 0.645995
vt 0.752286 0.638576
vt 0.757426 0.647479
vt 0.752286 0.632641
vt 0.754856 0.631157
vt 0.752286 0.635609
vt 0.757426 0.629674
vt 0.752286 0.638576
vt 0.762566 0.626706
vt 0.765136 0.628190
vt 0.759996 0.628190
vt 0.767706 0.629674
vt 0.772846 0.632641
vt 0.772846 0.635609
vt 0.770276 0.631157
vt 0.772846 0.638576
vt 0.772846 0.644511
vt 0.770276 0.645995
vt 0.772846 0.641544
vt 0.767706 0.647479
vt 0.772846 0.638576
vt 0.762566 0.650446
vt 0.759996 0.648963
vt 0.765136 0.648963
vt 0.928198 0.893018
vt 0.925996 0.904814
vt 0.907767 0.904814
vt 0.916882 0.889027
vt 0.928198 0.916610
vt 0.916882 0.920601
vt 0.925996 0.904814
vt 0.907767 0.928405
vt 0.898653 0.920601
vt 0.916882 0.920601
vt 0.887336 0.916610
vt 0.889538 0.904814
vt 0.898653 0.920601
vt 0.887336 0.893018
vt 0.898653 0.889027
vt 0.889538 0.904814
vt 0.907767 0.881223
vt 0.898653 0.889027
vt 0.939068 0.886742
vt 0.938898 0.894333
vt 0.932410 0.883095
vt 0.938570 0.904814
vt 0.923168 0.878138
vt 0.939068 0.922886
vt 0.932410 0.926533
vt 0.938898 0.915295
vt 0.923168 0.931490
vt 0.938570 0.904814
vt 0.907767 0.940957
vt 0.901279 0.937015
vt 0.914255 0.937015
vt 0.892366 0.931490
vt 0.923168 0.931490
vt 0.876466 0.922886
vt 0.876636 0.915295
vt 0.883125 0.926533
vt 0.876965 0.904814
vt 0.876466 0.886742
vt 0.883125 0.883095
vt 0.876636 0.894332
vt 0.892366 0.878138
vt 0.876965 0.904814
vt 0.907767 0.868670
vt 0.914255 0.872613
vt 0.901279 0.872613
vt 0.923168 0.878138
vt 0.892366 0.878138
vt 0.876298 0.633875
vt 0.875401 0.645855
vt 0.868582 0.645856
vt 0.869783 0.632151
vt 0.876298 0.657836
vt 0.869783 0.659561
vt 0.861374 0.645856
vt 0.862129 0.629662
vt 0.862129 0.662049
vt 0.881878 0.624171
vt 0.881878 0.635013
vt 0.879875 0.623010
vt 0.881878 0.645855
vt 0.881878 0.656698
vt 0.881878 0.667540
vt 0.879875 0.668701
vt 0.874220 0.672000
vt 0.866097 0.676759
vt 0.851818 0.684895
vt 0.854661 0.664670
vt 0.854917 0.645855
vt 0.854661 0.627041
vt 0.866097 0.614952
vt 0.851818 0.606816
vt 0.874220 0.619711
vt 0.948094 0.916198
vt 0.948866 0.904814
vt 0.957741 0.904814
vt 0.956578 0.918300
vt 0.948094 0.893430
vt 0.956578 0.891328
vt 0.965719 0.904814
vt 0.964969 0.920980
vt 0.964969 0.888648
vt 0.938898 0.915295
vt 0.944822 0.926212
vt 0.938898 0.894333
vt 0.944822 0.883416
vt 0.952239 0.879099
vt 0.961013 0.873964
vt 0.975385 0.865775
vt 0.972542 0.885999
vt 0.972286 0.904814
vt 0.972542 0.923629
vt 0.961013 0.935664
vt 0.975385 0.943853
vt 0.952239 0.930529
vt 0.962598 0.657835
vt 0.963505 0.645855
vt 0.970563 0.645856
vt 0.969281 0.659553
vt 0.962598 0.633875
vt 0.969285 0.632151
vt 0.978535 0.645856
vt 0.977515 0.662099
vt 0.977524 0.629596
vt 0.956994 0.667540
vt 0.956994 0.656698
vt 0.959001 0.668693
vt 0.956994 0.645855
vt 0.956994 0.635013
vt 0.987054 0.626336
vt 0.987054 0.645856
vt 0.987054 0.665375
vt 0.972869 0.676597
vt 0.987054 0.684895
vt 0.964686 0.671941
vt 0.867415 0.893430
vt 0.866634 0.904814
vt 0.857520 0.904814
vt 0.858760 0.891328
vt 0.867416 0.916197
vt 0.858764 0.918292
vt 0.848778 0.904814
vt 0.849784 0.888582
vt 0.849793 0.921030
vt 0.870704 0.883416
vt 0.876965 0.904814
vt 0.876636 0.915295
vt 0.870709 0.926205
vt 0.863262 0.930470
vt 0.854427 0.935501
vt 0.840149 0.943853
vt 0.840149 0.924334
vt 0.840149 0.904814
vt 0.840149 0.885294
vt 0.854305 0.873947
vt 0.840149 0.865775
vt 0.863227 0.879099
vt 0.930629 0.689204
vt 0.941453 0.683991
vt 0.944863 0.689896
vt 0.932394 0.695708
vt 0.951380 0.677223
vt 0.956131 0.682003
vt 0.948467 0.696139
vt 0.934066 0.703582
vt 0.962114 0.687388
vt 0.919436 0.689224
vt 0.928826 0.683803
vt 0.919432 0.691539
vt 0.938215 0.678382
vt 0.947605 0.672961
vt 0.968117 0.692545
vt 0.951696 0.701731
vt 0.935530 0.711360
vt 0.919342 0.707500
vt 0.919436 0.723934
vt 0.919402 0.698086
vt 0.926506 0.790911
vt 0.948231 0.790911
vt 0.948231 0.795538
vt 0.927214 0.795538
vt 0.969956 0.790911
vt 0.969248 0.795538
vt 0.948231 0.800164
vt 0.927963 0.800164
vt 0.968500 0.800164
vt 0.903201 0.786285
vt 0.926132 0.786285
vt 0.904699 0.790911
vt 0.948231 0.786285
vt 0.970330 0.786285
vt 0.993261 0.786285
vt 0.991764 0.790911
vt 0.990266 0.795538
vt 0.988768 0.800164
vt 0.987270 0.804791
vt 0.967751 0.804791
vt 0.948231 0.804791
vt 0.928711 0.804791
vt 0.907694 0.800164
vt 0.909192 0.804791
vt 0.906196 0.795538
vt 0.888929 0.980976
vt 0.870084 0.970083
vt 0.871501 0.967629
vt 0.889660 0.978212
vt 0.851229 0.959209
vt 0.853256 0.957195
vt 0.873179 0.964722
vt 0.890538 0.975061
vt 0.855546 0.954858
vt 0.907767 0.994875
vt 0.888269 0.983617
vt 0.907767 0.991879
vt 0.868770 0.972359
vt 0.849271 0.961102
vt 0.829773 0.949844
vt 0.832367 0.948347
vt 0.834961 0.946849
vt 0.837555 0.945351
vt 0.859086 0.951504
vt 0.875508 0.960689
vt 0.891674 0.970318
vt 0.907767 0.985888
vt 0.907767 0.982893
vt 0.907767 0.988884
vt 0.983144 0.883048
vt 0.983134 0.904814
vt 0.980300 0.904814
vt 0.980386 0.883797
vt 0.983144 0.926580
vt 0.980386 0.925831
vt 0.976943 0.904814
vt 0.977217 0.884611
vt 0.977217 0.925017
vt 0.985762 0.859784
vt 0.985762 0.882299
vt 0.983168 0.861282
vt 0.985762 0.904814
vt 0.985762 0.927329
vt 0.985762 0.949844
vt 0.983168 0.948347
vt 0.980574 0.946849
vt 0.977980 0.945351
vt 0.972542 0.923628
vt 0.972286 0.904814
vt 0.972542 0.886000
vt 0.977980 0.864277
vt 0.980574 0.862779
vt 0.938552 0.371925
vt 0.937940 0.404603
vt 0.928361 0.403630
vt 0.929054 0.371480
vt 0.937190 0.437583
vt 0.927540 0.435870
vt 0.918882 0.402398
vt 0.919717 0.370880
vt 0.917952 0.433926
vt 0.948621 0.339429
vt 0.948177 0.372114
vt 0.939022 0.339404
vt 0.947678 0.405022
vt 0.947052 0.438447
vt 0.946008 0.473575
vt 0.936335 0.470870
vt 0.926662 0.468165
vt 0.916989 0.465461
vt 0.907316 0.462756
vt 0.908384 0.431906
vt 0.909453 0.401056
vt 0.910521 0.370207
vt 0.920209 0.339362
vt 0.911589 0.339357
vt 0.929512 0.339381
vt 0.854049 0.745524
vt 0.854049 0.767248
vt 0.849422 0.767248
vt 0.849422 0.746231
vt 0.854049 0.788973
vt 0.849422 0.788266
vt 0.844796 0.767248
vt 0.844796 0.746980
vt 0.844796 0.787517
vt 0.858675 0.722218
vt 0.858675 0.745149
vt 0.854049 0.723716
vt 0.858676 0.767248
vt 0.858675 0.789347
vt 0.858675 0.812278
vt 0.854049 0.810781
vt 0.849422 0.809283
vt 0.844796 0.807785
vt 0.840169 0.806288
vt 0.840169 0.786768
vt 0.840169 0.767248
vt 0.840169 0.747728
vt 0.844796 0.726711
vt 0.840169 0.728209
vt 0.849422 0.725213
vt 0.939923 0.241206
vt 0.939637 0.274196
vt 0.929595 0.275110
vt 0.929450 0.242850
vt 0.939361 0.306881
vt 0.929658 0.307276
vt 0.919526 0.276284
vt 0.918925 0.244725
vt 0.920037 0.307830
vt 0.951234 0.205283
vt 0.950191 0.240411
vt 0.940255 0.207908
vt 0.949565 0.273837
vt 0.949066 0.306744
vt 0.910521 0.308464
vt 0.909453 0.277570
vt 0.908384 0.246677
vt 0.918296 0.213159
vt 0.907316 0.215784
vt 0.929275 0.210533
vt 0.877745 0.934046
vt 0.887218 0.940406
vt 0.882780 0.948092
vt 0.871683 0.940342
vt 0.897462 0.945430
vt 0.895041 0.953828
vt 0.878791 0.955002
vt 0.865166 0.946269
vt 0.893166 0.962436
vt 0.883125 0.926533
vt 0.892366 0.931489
vt 0.901279 0.937015
vt 0.907771 0.947603
vt 0.907801 0.956185
vt 0.907861 0.966352
vt 0.891674 0.970318
vt 0.875508 0.960689
vt 0.908230 0.602485
vt 0.897402 0.607691
vt 0.893872 0.601578
vt 0.906380 0.595832
vt 0.887480 0.614466
vt 0.882651 0.609537
vt 0.889887 0.594674
vt 0.904473 0.587420
vt 0.876329 0.603679
vt 0.910047 0.607908
vt 0.900657 0.613329
vt 0.891268 0.618750
vt 0.868722 0.597056
vt 0.885627 0.587296
vt 0.902532 0.577537
vt 0.937801 0.875560
vt 0.928334 0.869192
vt 0.932891 0.861299
vt 0.943941 0.869115
vt 0.918084 0.864176
vt 0.920592 0.855630
vt 0.937262 0.853728
vt 0.950798 0.862715
vt 0.922701 0.846483
vt 0.932410 0.883095
vt 0.923168 0.878138
vt 0.914255 0.872613
vt 0.907767 0.862017
vt 0.907767 0.853384
vt 0.907767 0.843081
vt 0.907767 0.826735
vt 0.924672 0.836495
vt 0.941576 0.846255
vt 0.958481 0.856015
vt 0.918085 0.945451
vt 0.928334 0.940436
vt 0.932891 0.948329
vt 0.920596 0.953991
vt 0.937801 0.934068
vt 0.943941 0.940513
vt 0.937262 0.955900
vt 0.922710 0.963129
vt 0.950798 0.946913
vt 0.923168 0.931490
vt 0.932410 0.926533
vt 0.958481 0.953613
vt 0.941576 0.963373
vt 0.924672 0.973133
vt 0.897450 0.864176
vt 0.887201 0.869192
vt 0.882644 0.861299
vt 0.894943 0.855630
vt 0.877732 0.875560
vt 0.871585 0.869115
vt 0.878273 0.853728
vt 0.892833 0.846483
vt 0.864718 0.862715
vt 0.892366 0.878138
vt 0.883125 0.883094
vt 0.857053 0.856015
vt 0.873958 0.846255
vt 0.890863 0.836495
vt 0.887480 0.677245
vt 0.897402 0.684020
vt 0.893872 0.690133
vt 0.882651 0.682174
vt 0.908230 0.689225
vt 0.906376 0.695871
vt 0.889887 0.697037
vt 0.876329 0.688032
vt 0.904464 0.704275
vt 0.891268 0.672961
vt 0.900657 0.678382
vt 0.910047 0.683803
vt 0.902532 0.714175
vt 0.885627 0.704415
vt 0.868722 0.694655
vt 0.979291 0.244932
vt 0.978361 0.276460
vt 0.968882 0.275228
vt 0.969702 0.242988
vt 0.977526 0.307978
vt 0.968188 0.307378
vt 0.959303 0.274255
vt 0.960052 0.241275
vt 0.958690 0.306933
vt 0.989927 0.216103
vt 0.988858 0.246952
vt 0.980254 0.213398
vt 0.987790 0.277802
vt 0.986722 0.308652
vt 0.985653 0.339501
vt 0.977033 0.339496
vt 0.967731 0.339477
vt 0.958220 0.339454
vt 0.960907 0.207988
vt 0.970581 0.210693
vt 0.872555 0.746980
vt 0.872555 0.767248
vt 0.867929 0.767248
vt 0.867929 0.746231
vt 0.872555 0.787517
vt 0.867929 0.788266
vt 0.863302 0.767248
vt 0.863302 0.745524
vt 0.863302 0.788973
vt 0.877182 0.728209
vt 0.877182 0.747728
vt 0.872555 0.726711
vt 0.877182 0.767248
vt 0.877182 0.786768
vt 0.877182 0.806288
vt 0.872555 0.807785
vt 0.867929 0.809283
vt 0.863302 0.810781
vt 0.863302 0.723716
vt 0.867929 0.725213
vt 0.977206 0.371028
vt 0.977716 0.402574
vt 0.967648 0.403748
vt 0.967585 0.371583
vt 0.978317 0.434133
vt 0.967792 0.436008
vt 0.957606 0.404663
vt 0.957881 0.371978
vt 0.957319 0.437652
vt 0.986722 0.370395
vt 0.987790 0.401288
vt 0.988858 0.432181
vt 0.989927 0.463074
vt 0.978947 0.465700
vt 0.967968 0.468325
vt 0.956988 0.470950
vt 0.849986 0.625653
vt 0.850260 0.645855
vt 0.846903 0.645855
vt 0.846817 0.624838
vt 0.849986 0.666058
vt 0.846817 0.666873
vt 0.844069 0.645855
vt 0.844059 0.624089
vt 0.844059 0.667622
vt 0.849224 0.605318
vt 0.849224 0.686393
vt 0.846630 0.687890
vt 0.844035 0.689388
vt 0.841441 0.690886
vt 0.841441 0.668371
vt 0.841441 0.645855
vt 0.841441 0.623340
vt 0.844035 0.602323
vt 0.841441 0.600825
vt 0.846630 0.603821
vt 0.936665 0.716102
vt 0.954024 0.705763
vt 0.955703 0.708671
vt 0.937544 0.719254
vt 0.971657 0.695899
vt 0.973947 0.698236
vt 0.957119 0.711125
vt 0.938274 0.722017
vt 0.975975 0.700251
vt 0.919436 0.726930
vt 0.989648 0.686393
vt 0.992243 0.687890
vt 0.994837 0.689388
vt 0.997431 0.690886
vt 0.977932 0.702143
vt 0.958433 0.713401
vt 0.938935 0.724658
vt 0.919436 0.732921
vt 0.919436 0.735916
vt 0.919436 0.729925
vt 0.927963 0.772405
vt 0.948231 0.772405
vt 0.948231 0.777032
vt 0.927214 0.777032
vt 0.968500 0.772405
vt 0.969249 0.777032
vt 0.948231 0.781658
vt 0.926506 0.781658
vt 0.969956 0.781658
vt 0.909192 0.767779
vt 0.928711 0.767779
vt 0.907694 0.772405
vt 0.948231 0.767779
vt 0.967751 0.767779
vt 0.987270 0.767779
vt 0.988768 0.772405
vt 0.990266 0.777032
vt 0.991764 0.781658
vt 0.904699 0.781658
vt 0.906196 0.777032
vt 0.745792 0.640431
vt 0.745343 0.640334
vt 0.745343 0.637187
vt 0.745792 0.637217
vt 0.744895 0.640431
vt 0.744895 0.637217
vt 0.745343 0.633876
vt 0.745792 0.633879
vt 0.744895 0.633879
vt 0.746241 0.644070
vt 0.745792 0.643292
vt 0.746241 0.640676
vt 0.745343 0.643127
vt 0.744895 0.643292
vt 0.744446 0.644070
vt 0.744446 0.640676
vt 0.744446 0.637282
vt 0.744446 0.633887
vt 0.744446 0.630493
vt 0.744895 0.630493
vt 0.745343 0.630493
vt 0.745792 0.630493
vt 0.746241 0.633887
vt 0.746241 0.630493
vt 0.746241 0.637282
vt 0.745792 0.649153
vt 0.745343 0.649150
vt 0.745343 0.647370
vt 0.745792 0.647400
vt 0.744895 0.649153
vt 0.744895 0.647400
vt 0.745343 0.645425
vt 0.745792 0.645522
vt 0.744895 0.645522
vt 0.746241 0.650859
vt 0.745792 0.650859
vt 0.746241 0.649162
vt 0.745343 0.650859
vt 0.744895 0.650859
vt 0.744446 0.650859
vt 0.744446 0.649162
vt 0.744446 0.647464
vt 0.744446 0.645767
vt 0.746241 0.645767
vt 0.746241 0.647464
vt 0.737737 0.640431
vt 0.737288 0.640334
vt 0.737288 0.637187
vt 0.737737 0.637217
vt 0.736839 0.640431
vt 0.736839 0.637217
vt 0.737288 0.633876
vt 0.737737 0.633879
vt 0.736839 0.633879
vt 0.738185 0.644070
vt 0.737737 0.643292
vt 0.738185 0.640676
vt 0.737288 0.643127
vt 0.736839 0.643292
vt 0.736390 0.644070
vt 0.736390 0.640676
vt 0.736390 0.637282
vt 0.736390 0.633887
vt 0.736390 0.630493
vt 0.736839 0.630493
vt 0.737288 0.630493
vt 0.737737 0.630493
vt 0.738185 0.633887
vt 0.738185 0.630493
vt 0.738185 0.637282
vt 0.737737 0.649153
vt 0.737288 0.649150
vt 0.737288 0.647370
vt 0.737737 0.647400
vt 0.736839 0.649153
vt 0.736839 0.647400
vt 0.737288 0.645425
vt 0.737737 0.645522
vt 0.736839 0.645522
vt 0.738185 0.650859
vt 0.737737 0.650859
vt 0.738185 0.649162
vt 0.737288 0.650859
vt 0.736839 0.650859
vt 0.736390 0.650859
vt 0.736390 0.649162
vt 0.736390 0.647464
vt 0.736390 0.645767
vt 0.738185 0.645767
vt 0.738185 0.647464
vt 0.729681 0.640431
vt 0.729232 0.640334
vt 0.729232 0.637187
vt 0.729681 0.637217
vt 0.728783 0.640431
vt 0.728783 0.637217
vt 0.729232 0.633876
vt 0.729681 0.633879
vt 0.728783 0.633879
vt 0.730130 0.644070
vt 0.729681 0.643292
vt 0.730130 0.640676
vt 0.729232 0.643127
vt 0.728783 0.643292
vt 0.728335 0.644070
vt 0.728335 0.640676
vt 0.728335 0.637282
vt 0.728335 0.633887
vt 0.728335 0.630493
vt 0.728783 0.630493
vt 0.729232 0.630493
vt 0.729681 0.630493
vt 0.730130 0.633887
vt 0.730130 0.630493
vt 0.730130 0.637282
vt 0.729681 0.649153
vt 0.729232 0.649150
vt 0.729232 0.647370
vt 0.729681 0.647400
vt 0.728783 0.649153
vt 0.728783 0.647400
vt 0.729232 0.645425
vt 0.729681 0.645522
vt 0.728783 0.645522
vt 0.730130 0.650859
vt 0.729681 0.650859
vt 0.730130 0.649162
vt 0.729232 0.650859
vt 0.728783 0.650859
vt 0.728335 0.650859
vt 0.728335 0.649162
vt 0.728335 0.647464
vt 0.728335 0.645767
vt 0.730130 0.645767
vt 0.730130 0.647464
vt 0.792586 0.667158
vt 0.791133 0.667061
vt 0.791133 0.663915
vt 0.792586 0.663944
vt 0.789680 0.667158
vt 0.789680 0.663944
vt 0.791133 0.660603
vt 0.792586 0.660606
vt 0.789679 0.660606
vt 0.794039 0.670797
vt 0.792586 0.670019
vt 0.794039 0.667403
vt 0.791133 0.669855
vt 0.789680 0.670020
vt 0.788226 0.670797
vt 0.788226 0.667403
vt 0.788226 0.664009
vt 0.788226 0.660614
vt 0.788226 0.657220
vt 0.789679 0.657220
vt 0.791133 0.657220
vt 0.792586 0.657220
vt 0.794039 0.660614
vt 0.794039 0.657220
vt 0.794039 0.664009
vt 0.792586 0.675881
vt 0.791133 0.675877
vt 0.791133 0.674097
vt 0.792586 0.674127
vt 0.789679 0.675881
vt 0.789680 0.674127
vt 0.791133 0.672153
vt 0.792586 0.672249
vt 0.789680 0.672249
vt 0.794039 0.677586
vt 0.792586 0.677586
vt 0.794039 0.675889
vt 0.791133 0.677586
vt 0.789679 0.677586
vt 0.788226 0.677586
vt 0.788226 0.675889
vt 0.788226 0.674192
vt 0.788226 0.672494
vt 0.794039 0.672494
vt 0.794039 0.674192
vt 0.784531 0.667158
vt 0.783077 0.667061
vt 0.783077 0.663915
vt 0.784531 0.663944
vt 0.781624 0.667158
vt 0.781624 0.663944
vt 0.783077 0.660603
vt 0.784531 0.660606
vt 0.781624 0.660606
vt 0.785984 0.670797
vt 0.784531 0.670019
vt 0.785984 0.667403
vt 0.783077 0.669855
vt 0.781624 0.670020
vt 0.780171 0.670797
vt 0.780171 0.667403
vt 0.780171 0.664009
vt 0.780171 0.660614
vt 0.780171 0.657220
vt 0.781624 0.657220
vt 0.783077 0.657220
vt 0.784531 0.657220
vt 0.785984 0.660614
vt 0.785984 0.657220
vt 0.785984 0.664009
vt 0.784531 0.675881
vt 0.783077 0.675877
vt 0.783077 0.674097
vt 0.784531 0.674127
vt 0.781624 0.675881
vt 0.781624 0.674127
vt 0.783077 0.672153
vt 0.784531 0.672249
vt 0.781624 0.672249
vt 0.785984 0.677586
vt 0.784531 0.677586
vt 0.785984 0.675889
vt 0.783077 0.677586
vt 0.781624 0.677586
vt 0.780171 0.677586
vt 0.780171 0.675889
vt 0.780171 0.674192
vt 0.780171 0.672494
vt 0.785984 0.672494
vt 0.785984 0.674192
vt 0.760984 0.637990
vt 0.760025 0.637926
vt 0.760025 0.635848
vt 0.760984 0.635867
vt 0.759065 0.637990
vt 0.759065 0.635867
vt 0.760025 0.633661
vt 0.760984 0.633663
vt 0.759065 0.633663
vt 0.761944 0.640393
vt 0.760984 0.639879
vt 0.761944 0.638152
vt 0.760025 0.639771
vt 0.759065 0.639880
vt 0.758105 0.640393
vt 0.758105 0.638152
vt 0.758105 0.635910
vt 0.758105 0.633669
vt 0.758105 0.631427
vt 0.759065 0.631427
vt 0.760025 0.631427
vt 0.760984 0.631427
vt 0.761944 0.633669
vt 0.761944 0.631427
vt 0.761944 0.635910
vt 0.760984 0.643750
vt 0.760025 0.643748
vt 0.760025 0.642572
vt 0.760984 0.642592
vt 0.759065 0.643750
vt 0.759065 0.642592
vt 0.760025 0.641288
vt 0.760984 0.641352
vt 0.759065 0.641352
vt 0.761944 0.644876
vt 0.760984 0.644876
vt 0.761944 0.643755
vt 0.760025 0.644876
vt 0.759065 0.644876
vt 0.758105 0.644876
vt 0.758105 0.643755
vt 0.758105 0.642635
vt 0.758105 0.641514
vt 0.761944 0.641514
vt 0.761944 0.642635
s 1
usemtl CLOTHES_MALE
f 4353/2714/4028 4354/2715/4029 4357/2716/4030 4356/2717/4031
f 4354/2715/4029 4355/2718/4032 4358/2719/4033 4357/2716/4030
f 4356/2717/4031 4357/2716/4030 4360/2720/4034 4359/2721/4035
f 4357/2716/4030 4358/2719/4033 4361/2722/4036 4360/2720/4034
f 4077/2723/4037 4089/2724/4038 4353/2714/4028 4350/2725/4039
f 4089/2724/4038 4090/2726/4040 4354/2715/4029 4353/2714/4028
f 4090/2726/4040 4091/2727/4041 4355/2718/4032 4354/2715/4029
f 4091/2727/4041 4036/2728/4042 4088/2729/4043 4355/2718/4032
f 4355/2718/4032 4088/2729/4043 4087/2730/4044 4358/2719/4033
f 4358/2719/4033 4087/2730/4044 4086/2731/4045 4361/2722/4036
f 4361/2722/4036 4086/2731/4045 4038/2732/4046 4320/2733/4047
f 4360/2720/4034 4361/2722/4036 4320/2733/4047 4321/2734/4048
f 4359/2721/4035 4360/2720/4034 4321/2734/4048 4322/2735/4049
f 4352/2736/4050 4359/2721/4035 4322/2735/4049 4078/2737/4051
f 4351/2738/4052 4356/2717/4031 4359/2721/4035 4352/2736/4050
f 4350/2725/4039 4353/2714/4028 4356/2717/4031 4351/2738/4052
f 4362/2739/4053 4363/2740/4054 4366/2741/4055 4365/2742/4056
f 4363/2740/4054 4364/2743/4057 4367/2744/4058 4366/2741/4055
f 4365/2742/4056 4366/2741/4055 4369/2745/4059 4368/2746/4060
f 4366/2741/4055 4367/2744/4058 4370/2747/4061 4369/2745/4059
f 4078/2737/4051 4322/2735/4049 4362/2739/4053 4347/2748/4062
f 4322/2735/4049 4321/2734/4048 4363/2740/4054 4362/2739/4053
f 4321/2734/4048 4320/2733/4047 4364/2743/4057 4363/2740/4054
f 4320/2733/4047 4038/2732/4046 4100/2749/4063 4364/2743/4057
f 4364/2743/4057 4100/2749/4063 4099/2750/4064 4367/2744/4058
f 4367/2744/4058 4099/2750/4064 4098/2751/4065 4370/2747/4061
f 4370/2747/4061 4098/2751/4065 4040/2752/4066 4323/2753/4067
f 4369/2745/4059 4370/2747/4061 4323/2753/4067 4324/2754/4068
f 4368/2746/4060 4369/2745/4059 4324/2754/4068 4325/2755/4069
f 4349/2756/4070 4368/2746/4060 4325/2755/4069 4079/2757/4071
f 4348/2758/4072 4365/2742/4056 4368/2746/4060 4349/2756/4070
f 4347/2748/4062 4362/2739/4053 4365/2742/4056 4348/2758/4072
f 4371/2759/4073 4372/2760/4074 4375/2761/4075 4374/2762/4076
f 4372/2760/4074 4373/2763/4077 4376/2764/4078 4375/2761/4075
f 4374/2762/4076 4375/2761/4075 4378/2765/4079 4377/2766/4080
f 4375/2761/4075 4376/2764/4078 4379/2767/4081 4378/2765/4079
f 4079/2768/4071 4325/2769/4069 4371/2759/4073 4344/2770/4082
f 4325/2769/4069 4324/2771/4068 4372/2760/4074 4371/2759/4073
f 4324/2771/4068 4323/2772/4067 4373/2763/4077 4372/2760/4074
f 4323/2772/4067 4040/2773/4066 4109/2774/4083 4373/2763/4077
f 4373/2763/4077 4109/2774/4083 4108/2775/4084 4376/2764/4078
f 4376/2764/4078 4108/2775/4084 4107/2776/4085 4379/2767/4081
f 4379/2767/4081 4107/2776/4085 4042/2777/4086 4326/2778/4087
f 4378/2765/4079 4379/2767/4081 4326/2778/4087 4327/2779/4088
f 4377/2766/4080 4378/2765/4079 4327/2779/4088 4328/2780/4089
f 4346/2781/4090 4377/2766/4080 4328/2780/4089 4080/2782/4091
f 4345/2783/4092 4374/2762/4076 4377/2766/4080 4346/2781/4090
f 4344/2770/4082 4371/2759/4073 4374/2762/4076 4345/2783/4092
f 4380/2784/4093 4381/2785/4094 4384/2786/4095 4383/2787/4096
f 4381/2785/4094 4382/2788/4097 4385/2789/4098 4384/2786/4095
f 4383/2787/4096 4384/2786/4095 4387/2790/4099 4386/2791/4100
f 4384/2786/4095 4385/2789/4098 4388/2792/4101 4387/2790/4099
f 4080/2782/4091 4328/2780/4089 4380/2784/4093 4341/2793/4102
f 4328/2780/4089 4327/2779/4088 4381/2785/4094 4380/2784/4093
f 4327/2779/4088 4326/2778/4087 4382/2788/4097 4381/2785/4094
f 4326/2778/4087 4042/2777/4086 4118/2794/4103 4382/2788/4097
f 4382/2788/4097 4118/2794/4103 4117/2795/4104 4385/2789/4098
f 4385/2789/4098 4117/2795/4104 4116/2796/4105 4388/2792/4101
f 4388/2792/4101 4116/2796/4105 4044/2797/4106 4329/2798/4107
f 4387/2790/4099 4388/2792/4101 4329/2798/4107 4330/2799/4108
f 4386/2791/4100 4387/2790/4099 4330/2799/4108 4331/2800/4109
f 4343/2801/4110 4386/2791/4100 4331/2800/4109 4081/2802/4111
f 4342/2803/4112 4383/2787/4096 4386/2791/4100 4343/2801/4110
f 4341/2793/4102 4380/2784/4093 4383/2787/4096 4342/2803/4112
f 4389/2804/4113 4390/2805/4114 4393/2806/4115 4392/2807/4116
f 4390/2805/4114 4391/2808/4117 4394/2809/4118 4393/2806/4115
f 4392/2807/4116 4393/2806/4115 4396/2810/4119 4395/2811/4120
f 4393/2806/4115 4394/2809/4118 4397/2812/4121 4396/2810/4119
f 4042/2813/4086 4107/2814/4085 4389/2804/4113 4158/2815/4122
f 4107/2814/4085 4108/2816/4084 4390/2805/4114 4389/2804/4113
f 4108/2816/4084 4109/2817/4083 4391/2808/4117 4390/2805/4114
f 4109/2817/4083 4040/2818/4066 4236/2819/4123 4391/2808/4117
f 4391/2808/4117 4236/2819/4123 4237/2820/4124 4394/2809/4118
f 4394/2809/4118 4237/2820/4124 4238/2821/4125 4397/2812/4121
f 4397/2812/4121 4238/2821/4125 4055/2822/4126 4181/2823/4127
f 4396/2810/4119 4397/2812/4121 4181/2823/4127 4180/2824/4128
f 4395/2811/4120 4396/2810/4119 4180/2824/4128 4179/2825/4129
f 4160/2826/4130 4395/2811/4120 4179/2825/4129 4056/2827/4131
f 4159/2828/4132 4392/2807/4116 4395/2811/4120 4160/2826/4130
f 4158/2815/4122 4389/2804/4113 4392/2807/4116 4159/2828/4132
f 4398/2829/4133 4399/2830/4134 4402/2831/4135 4401/2832/4136
f 4399/2830/4134 4400/2833/4137 4403/2834/4138 4402/2831/4135
f 4401/2832/4136 4402/2831/4135 4405/2835/4139 4404/2836/4140
f 4402/2831/4135 4403/2834/4138 4406/2837/4141 4405/2835/4139
f 4081/2838/4111 4331/2839/4109 4398/2829/4133 4338/2840/4142
f 4331/2839/4109 4330/2841/4108 4399/2830/4134 4398/2829/4133
f 4330/2841/4108 4329/2842/4107 4400/2833/4137 4399/2830/4134
f 4329/2842/4107 4044/2843/4106 4127/2844/4143 4400/2833/4137
f 4400/2833/4137 4127/2844/4143 4126/2845/4144 4403/2834/4138
f 4403/2834/4138 4126/2845/4144 4125/2846/4145 4406/2837/4141
f 4406/2837/4141 4125/2846/4145 4046/2847/4146 4332/2848/4147
f 4405/2835/4139 4406/2837/4141 4332/2848/4147 4333/2849/4148
f 4404/2836/4140 4405/2835/4139 4333/2849/4148 4334/2850/4149
f 4340/2851/4150 4404/2836/4140 4334/2850/4149 4082/2852/4151
f 4339/2853/4152 4401/2832/4136 4404/2836/4140 4340/2851/4150
f 4338/2840/4142 4398/2829/4133 4401/2832/4136 4339/2853/4152
f 4407/2854/4153 4408/2855/4154 4411/2856/4155 4410/2857/4156
f 4408/2855/4154 4409/2858/4157 4412/2859/4158 4411/2856/4155
f 4410/2857/4156 4411/2856/4155 4414/2860/4159 4413/2861/4160
f 4411/2856/4155 4412/2859/4158 4415/2862/4161 4414/2860/4159
f 4082/2852/4151 4334/2850/4149 4407/2854/4153 4335/2863/4162
f 4334/2850/4149 4333/2849/4148 4408/2855/4154 4407/2854/4153
f 4333/2849/4148 4332/2848/4147 4409/2858/4157 4408/2855/4154
f 4332/2848/4147 4046/2847/4146 4136/2864/4163 4409/2858/4157
f 4409/2858/4157 4136/2864/4163 4135/2865/4164 4412/2859/4158
f 4412/2859/4158 4135/2865/4164 4134/2866/4165 4415/2862/4161
f 4415/2862/4161 4134/2866/4165 4036/2867/4042 4091/2868/4041
f 4414/2860/4159 4415/2862/4161 4091/2868/4041 4090/2869/4040
f 4413/2861/4160 4414/2860/4159 4090/2869/4040 4089/2870/4038
f 4337/2871/4166 4413/2861/4160 4089/2870/4038 4077/2872/4037
f 4336/2873/4167 4410/2857/4156 4413/2861/4160 4337/2871/4166
f 4335/2863/4162 4407/2854/4153 4410/2857/4156 4336/2873/4167
f 4417/2874/4168 4418/2875/4169 4416/2876/4170 4428/2877/4171
f 4419/2878/4172 4420/2879/4173 4416/2876/4170 4418/2880/4169
f 4421/2881/4174 4422/2882/4175 4416/2876/4170 4420/2883/4173
f 4423/2884/4176 4424/2885/4177 4416/2876/4170 4422/2886/4175
f 4425/2887/4178 4426/2888/4179 4416/2876/4170 4424/2885/4177
f 4427/2889/4180 4428/2890/4171 4416/2876/4170 4426/2891/4179
f 4035/2892/4181 4083/2893/4182 4417/2874/4168 4133/2894/4183
f 4083/2893/4182 4084/2895/4184 4418/2875/4169 4417/2874/4168
f 4133/2894/4183 4417/2874/4168 4428/2877/4171 4132/2896/4185
f 4037/2897/4186 4095/2898/4187 4419/2878/4172 4085/2899/4188
f 4095/2898/4187 4096/2900/4189 4420/2879/4173 4419/2878/4172
f 4085/2899/4188 4419/2878/4172 4418/2880/4169 4084/2901/4184
f 4039/2902/4190 4104/2903/4191 4421/2881/4174 4097/2904/4192
f 4104/2903/4191 4105/2905/4193 4422/2882/4175 4421/2881/4174
f 4097/2904/4192 4421/2881/4174 4420/2883/4173 4096/2900/4189
f 4041/2906/4194 4113/2907/4195 4423/2884/4176 4106/2908/4196
f 4113/2907/4195 4114/2909/4197 4424/2885/4177 4423/2884/4176
f 4106/2908/4196 4423/2884/4176 4422/2886/4175 4105/2905/4193
f 4043/2910/4198 4122/2911/4199 4425/2887/4178 4115/2912/4200
f 4122/2911/4199 4123/2913/4201 4426/2888/4179 4425/2887/4178
f 4115/2912/4200 4425/2887/4178 4424/2885/4177 4114/2914/4197
f 4045/2915/4202 4131/2916/4203 4427/2889/4180 4124/2917/4204
f 4131/2916/4203 4132/2896/4185 4428/2890/4171 4427/2889/4180
f 4124/2917/4204 4427/2889/4180 4426/2891/4179 4123/2913/4201
f 4430/2918/4205 4431/2919/4205 4429/2920/4205 4441/2921/4205
f 4432/2922/4205 4433/2923/4205 4429/2920/4205 4431/2924/4205
f 4434/2925/4205 4435/2926/4205 4429/2920/4205 4433/2927/4205
f 4436/2928/4205 4437/2929/4205 4429/2920/4205 4435/2930/4205
f 4438/2931/4205 4439/2932/4205 4429/2920/4205 4437/2933/4205
f 4440/2934/4205 4441/2921/4205 4429/2920/4205 4439/2935/4205
f 4048/2936/4206 4137/2937/4207 4430/2918/4205 4142/2938/4208
f 4137/2937/4207 4138/2939/4209 4431/2919/4205 4430/2918/4205
f 4142/2938/4208 4430/2918/4205 4441/2921/4205 4141/2940/4210
f 4047/2941/4211 4152/2942/4212 4432/2922/4205 4139/2943/4213
f 4152/2942/4212 4153/2944/4214 4433/2923/4205 4432/2922/4205
f 4139/2943/4213 4432/2922/4205 4431/2924/4205 4138/2945/4209
f 4052/2946/4215 4149/2947/4216 4434/2925/4205 4154/2948/4217
f 4149/2947/4216 4150/2949/4218 4435/2926/4205 4434/2925/4205
f 4154/2948/4217 4434/2925/4205 4433/2927/4205 4153/2950/4214
f 4051/2951/4219 4146/2952/4220 4436/2928/4205 4151/2953/4221
f 4146/2952/4220 4147/2954/4222 4437/2929/4205 4436/2928/4205
f 4151/2953/4221 4436/2928/4205 4435/2930/4205 4150/2949/4218
f 4050/2955/4223 4143/2956/4224 4438/2931/4205 4148/2957/4225
f 4143/2956/4224 4144/2958/4226 4439/2932/4205 4438/2931/4205
f 4148/2957/4225 4438/2931/4205 4437/2933/4205 4147/2959/4222
f 4049/2960/4227 4140/2961/4228 4440/2934/4205 4145/2962/4229
f 4140/2961/4228 4141/2963/4210 4441/2921/4205 4440/2934/4205
f 4145/2962/4229 4440/2934/4205 4439/2935/4205 4144/2964/4226
f 4442/2965/4230 4443/2966/4231 4446/2967/4232 4445/2968/4233
f 4443/2966/4231 4444/2969/4234 4447/2970/4235 4446/2967/4232
f 4445/2968/4233 4446/2967/4232 4449/2971/4236 4448/2972/4237
f 4446/2967/4232 4447/2970/4235 4450/2973/4238 4449/2971/4236
f 4038/2974/4046 4086/2975/4045 4442/2965/4230 4235/2976/4239
f 4086/2975/4045 4087/2977/4044 4443/2966/4231 4442/2965/4230
f 4087/2977/4044 4088/2978/4043 4444/2969/4234 4443/2966/4231
f 4088/2978/4043 4036/2979/4042 4230/2980/4240 4444/2969/4234
f 4444/2969/4234 4230/2980/4240 4231/2981/4241 4447/2970/4235
f 4447/2970/4235 4231/2981/4241 4232/2982/4242 4450/2973/4238
f 4450/2973/4238 4232/2982/4242 4054/2983/4243 4175/2984/4244
f 4449/2971/4236 4450/2973/4238 4175/2984/4244 4174/2985/4245
f 4448/2972/4237 4449/2971/4236 4174/2985/4245 4173/2986/4246
f 4233/2987/4247 4448/2972/4237 4173/2986/4246 4053/2988/4248
f 4234/2989/4249 4445/2968/4233 4448/2972/4237 4233/2987/4247
f 4235/2976/4239 4442/2965/4230 4445/2968/4233 4234/2989/4249
f 4451/2990/4250 4452/2991/4251 4455/2992/4252 4454/2993/4253
f 4452/2991/4251 4453/2994/4254 4456/2995/4255 4455/2992/4252
f 4454/2993/4253 4455/2992/4252 4458/2996/4256 4457/2997/4257
f 4455/2992/4252 4456/2995/4255 4459/2998/4258 4458/2996/4256
f 4047/2941/4211 4139/2999/4213 4451/2990/4250 4229/3000/4259
f 4139/2999/4213 4138/2945/4209 4452/2991/4251 4451/2990/4250
f 4138/2945/4209 4137/3001/4207 4453/2994/4254 4452/2991/4251
f 4137/3001/4207 4048/2936/4206 4155/3002/4260 4453/2994/4254
f 4453/2994/4254 4155/3002/4260 4156/3003/4261 4456/2995/4255
f 4456/2995/4255 4156/3003/4261 4157/3004/4262 4459/2998/4258
f 4459/2998/4258 4157/3004/4262 4059/3005/4263 4191/3006/4264
f 4458/2996/4256 4459/2998/4258 4191/3006/4264 4192/3007/4265
f 4457/2997/4257 4458/2996/4256 4192/3007/4265 4193/3008/4266
f 4227/3009/4267 4457/2997/4257 4193/3008/4266 4060/3010/4268
f 4228/3011/4269 4454/2993/4253 4457/2997/4257 4227/3009/4267
f 4229/3000/4259 4451/2990/4250 4454/2993/4253 4228/3011/4269
f 4460/3012/4270 4461/3013/4271 4464/3014/4272 4463/3015/4273
f 4461/3013/4271 4462/3016/4274 4465/3017/4275 4464/3014/4272
f 4463/3015/4273 4464/3014/4272 4467/3018/4276 4466/3019/4277
f 4464/3014/4272 4465/3017/4275 4468/3020/4278 4467/3018/4276
f 4044/3021/4106 4116/3022/4105 4460/3012/4270 4170/3023/4279
f 4116/3022/4105 4117/3024/4104 4461/3013/4271 4460/3012/4270
f 4117/3024/4104 4118/3025/4103 4462/3016/4274 4461/3013/4271
f 4118/3025/4103 4042/2813/4086 4158/2815/4122 4462/3016/4274
f 4462/3016/4274 4158/2815/4122 4159/2828/4132 4465/3017/4275
f 4465/3017/4275 4159/2828/4132 4160/2826/4130 4468/3020/4278
f 4468/3020/4278 4160/2826/4130 4056/2827/4131 4184/3026/4280
f 4467/3018/4276 4468/3020/4278 4184/3026/4280 4183/3027/4281
f 4466/3019/4277 4467/3018/4276 4183/3027/4281 4182/3028/4282
f 4172/3029/4283 4466/3019/4277 4182/3028/4282 4057/3030/4284
f 4171/3031/4285 4463/3015/4273 4466/3019/4277 4172/3029/4283
f 4170/3023/4279 4460/3012/4270 4463/3015/4273 4171/3031/4285
f 4469/3032/4286 4470/3033/4287 4473/3034/4288 4472/3035/4289
f 4470/3033/4287 4471/3036/4290 4474/3037/4291 4473/3034/4288
f 4472/3035/4289 4473/3034/4288 4476/3038/4292 4475/3039/4293
f 4473/3034/4288 4474/3037/4291 4477/3040/4294 4476/3038/4292
f 4050/2955/4223 4148/2957/4225 4469/3032/4286 4163/3041/4295
f 4148/2957/4225 4147/3042/4222 4470/3033/4287 4469/3032/4286
f 4147/3042/4222 4146/3043/4220 4471/3036/4290 4470/3033/4287
f 4146/3043/4220 4051/2951/4219 4164/3044/4296 4471/3036/4290
f 4471/3036/4290 4164/3044/4296 4165/3045/4297 4474/3037/4291
f 4474/3037/4291 4165/3045/4297 4166/3046/4298 4477/3040/4294
f 4477/3040/4294 4166/3046/4298 4063/3047/4299 4200/3048/4300
f 4476/3038/4292 4477/3040/4294 4200/3048/4300 4201/3049/4301
f 4475/3039/4293 4476/3038/4292 4201/3049/4301 4202/3050/4302
f 4161/3051/4303 4475/3039/4293 4202/3050/4302 4062/3052/4304
f 4162/3053/4305 4472/3035/4289 4475/3039/4293 4161/3051/4303
f 4163/3041/4295 4469/3032/4286 4472/3035/4289 4162/3053/4305
f 4478/3054/4306 4479/3055/4307 4482/3056/4308 4481/3057/4309
f 4479/3055/4307 4480/3058/4310 4483/3059/4311 4482/3056/4308
f 4481/3057/4309 4482/3056/4308 4485/3060/4312 4484/3061/4313
f 4482/3056/4308 4483/3059/4311 4486/3062/4314 4485/3060/4312
f 4046/3063/4146 4125/3064/4145 4478/3054/4306 4169/3065/4315
f 4125/3064/4145 4126/3066/4144 4479/3055/4307 4478/3054/4306
f 4126/3066/4144 4127/3067/4143 4480/3058/4310 4479/3055/4307
f 4127/3067/4143 4044/3021/4106 4170/3023/4279 4480/3058/4310
f 4480/3058/4310 4170/3023/4279 4171/3031/4285 4483/3059/4311
f 4483/3059/4311 4171/3031/4285 4172/3029/4283 4486/3062/4314
f 4486/3062/4314 4172/3029/4283 4057/3030/4284 4187/3068/4316
f 4485/3060/4312 4486/3062/4314 4187/3068/4316 4186/3069/4317
f 4484/3061/4313 4485/3060/4312 4186/3069/4317 4185/3070/4318
f 4167/3071/4319 4484/3061/4313 4185/3070/4318 4058/3072/4320
f 4168/3073/4321 4481/3057/4309 4484/3061/4313 4167/3071/4319
f 4169/3065/4315 4478/3054/4306 4481/3057/4309 4168/3073/4321
f 4487/3074/4322 4488/3075/4323 4491/3076/4324 4490/3077/4325
f 4488/3075/4323 4489/3078/4326 4492/3079/4327 4491/3076/4324
f 4490/3077/4325 4491/3076/4324 4494/3080/4328 4493/3081/4329
f 4491/3076/4324 4492/3079/4327 4495/3082/4330 4494/3080/4328
f 4066/3083/4331 4280/3084/4332 4487/3074/4322 4250/3085/4333
f 4280/3084/4332 4279/3086/4334 4488/3075/4323 4487/3074/4322
f 4279/3086/4334 4278/3087/4335 4489/3078/4326 4488/3075/4323
f 4278/3087/4335 4065/3088/4336 4209/3089/4337 4489/3078/4326
f 4489/3078/4326 4209/3089/4337 4210/3090/4338 4492/3079/4327
f 4492/3079/4327 4210/3090/4338 4211/3091/4339 4495/3082/4330
f 4495/3082/4330 4211/3091/4339 4059/3092/4263 4196/3093/4340
f 4494/3080/4328 4495/3082/4330 4196/3093/4340 4195/3094/4341
f 4493/3081/4329 4494/3080/4328 4195/3094/4341 4194/3095/4342
f 4248/3096/4343 4493/3081/4329 4194/3095/4342 4061/3097/4344
f 4249/3098/4345 4490/3077/4325 4493/3081/4329 4248/3096/4343
f 4250/3085/4333 4487/3074/4322 4490/3077/4325 4249/3098/4345
f 4496/3099/4346 4497/3100/4347 4500/3101/4348 4499/3102/4349
f 4497/3100/4347 4498/3103/4350 4501/3104/4351 4500/3101/4348
f 4499/3102/4349 4500/3101/4348 4503/3105/4352 4502/3106/4353
f 4500/3101/4348 4501/3104/4351 4504/3107/4354 4503/3105/4352
f 4068/3108/4355 4277/3109/4356 4496/3099/4346 4256/3110/4357
f 4277/3109/4356 4276/3111/4358 4497/3100/4347 4496/3099/4346
f 4276/3111/4358 4275/3112/4359 4498/3103/4350 4497/3100/4347
f 4275/3112/4359 4067/3113/4360 4215/3114/4361 4498/3103/4350
f 4498/3103/4350 4215/3114/4361 4216/3115/4362 4501/3104/4351
f 4501/3104/4351 4216/3115/4362 4217/3116/4363 4504/3107/4354
f 4504/3107/4354 4217/3116/4363 4063/3047/4299 4205/3117/4364
f 4503/3105/4352 4504/3107/4354 4205/3117/4364 4204/3118/4365
f 4502/3106/4353 4503/3105/4352 4204/3118/4365 4203/3119/4366
f 4254/3120/4367 4502/3106/4353 4203/3119/4366 4064/3121/4368
f 4255/3122/4369 4499/3102/4349 4502/3106/4353 4254/3120/4367
f 4256/3110/4357 4496/3099/4346 4499/3102/4349 4255/3122/4369
f 4505/3123/4370 4506/3124/4371 4509/3125/4372 4508/3126/4373
f 4506/3124/4371 4507/3127/4374 4510/3128/4375 4509/3125/4372
f 4508/3126/4373 4509/3125/4372 4512/3129/4376 4511/3130/4377
f 4509/3125/4372 4510/3128/4375 4513/3131/4378 4512/3129/4376
f 4065/3132/4336 4274/3133/4379 4505/3123/4370 4209/3134/4337
f 4274/3133/4379 4273/3135/4380 4506/3124/4371 4505/3123/4370
f 4273/3135/4380 4272/3136/4381 4507/3127/4374 4506/3124/4371
f 4272/3136/4381 4069/3137/4382 4221/3138/4383 4507/3127/4374
f 4507/3127/4374 4221/3138/4383 4222/3139/4384 4510/3128/4375
f 4510/3128/4375 4222/3139/4384 4223/3140/4385 4513/3131/4378
f 4513/3131/4378 4223/3140/4385 4060/3010/4268 4193/3141/4266
f 4512/3129/4376 4513/3131/4378 4193/3141/4266 4192/3142/4265
f 4511/3130/4377 4512/3129/4376 4192/3142/4265 4191/3143/4264
f 4211/3144/4339 4511/3130/4377 4191/3143/4264 4059/3005/4263
f 4210/3145/4338 4508/3126/4373 4511/3130/4377 4211/3144/4339
f 4209/3134/4337 4505/3123/4370 4508/3126/4373 4210/3145/4338
f 4514/3146/4386 4515/3147/4387 4518/3148/4388 4517/3149/4389
f 4515/3147/4387 4516/3150/4390 4519/3151/4391 4518/3148/4388
f 4517/3149/4389 4518/3148/4388 4521/3152/4392 4520/3153/4393
f 4518/3148/4388 4519/3151/4391 4522/3154/4394 4521/3152/4392
f 4070/3155/4395 4271/3156/4396 4514/3146/4386 4262/3157/4397
f 4271/3156/4396 4270/3158/4398 4515/3147/4387 4514/3146/4386
f 4270/3158/4398 4269/3159/4399 4516/3150/4390 4515/3147/4387
f 4269/3159/4399 4066/3160/4331 4250/3161/4333 4516/3150/4390
f 4516/3150/4390 4250/3161/4333 4249/3162/4345 4519/3151/4391
f 4519/3151/4391 4249/3162/4345 4248/3163/4343 4522/3154/4394
f 4522/3154/4394 4248/3163/4343 4061/3164/4344 4199/3165/4400
f 4521/3152/4392 4522/3154/4394 4199/3165/4400 4198/3166/4401
f 4520/3153/4393 4521/3152/4392 4198/3166/4401 4197/3167/4402
f 4260/3168/4403 4520/3153/4393 4197/3167/4402 4062/3169/4304
f 4261/3170/4404 4517/3149/4389 4520/3153/4393 4260/3168/4403
f 4262/3157/4397 4514/3146/4386 4517/3149/4389 4261/3170/4404
f 4523/3171/4405 4524/3172/4406 4527/3173/4407 4526/3174/4408
f 4524/3172/4406 4525/3175/4409 4528/3176/4410 4527/3173/4407
f 4526/3174/4408 4527/3173/4407 4530/3177/4411 4529/3178/4412
f 4527/3173/4407 4528/3176/4410 4531/3179/4413 4530/3177/4411
f 4069/3180/4382 4268/3181/4414 4523/3171/4405 4221/3182/4383
f 4268/3181/4414 4267/3183/4415 4524/3172/4406 4523/3171/4405
f 4267/3183/4415 4266/3184/4416 4525/3175/4409 4524/3172/4406
f 4266/3184/4416 4068/3185/4355 4256/3186/4357 4525/3175/4409
f 4525/3175/4409 4256/3186/4357 4255/3187/4369 4528/3176/4410
f 4528/3176/4410 4255/3187/4369 4254/3188/4367 4531/3179/4413
f 4531/3179/4413 4254/3188/4367 4064/3189/4368 4208/3190/4417
f 4530/3177/4411 4531/3179/4413 4208/3190/4417 4207/3191/4418
f 4529/3178/4412 4530/3177/4411 4207/3191/4418 4206/3192/4419
f 4223/3193/4385 4529/3178/4412 4206/3192/4419 4060/3194/4268
f 4222/3195/4384 4526/3174/4408 4529/3178/4412 4223/3193/4385
f 4221/3182/4383 4523/3171/4405 4526/3174/4408 4222/3195/4384
f 4532/3196/4420 4533/3197/4421 4536/3198/4422 4535/3199/4423
f 4533/3197/4421 4534/3200/4424 4537/3201/4425 4536/3198/4422
f 4535/3199/4423 4536/3198/4422 4539/3202/4426 4538/3203/4427
f 4536/3198/4422 4537/3201/4425 4540/3204/4428 4539/3202/4426
f 4067/3205/4360 4265/3206/4429 4532/3196/4420 4215/3207/4361
f 4265/3206/4429 4264/3208/4430 4533/3197/4421 4532/3196/4420
f 4264/3208/4430 4263/3209/4431 4534/3200/4424 4533/3197/4421
f 4263/3209/4431 4070/3155/4395 4262/3157/4397 4534/3200/4424
f 4534/3200/4424 4262/3157/4397 4261/3170/4404 4537/3201/4425
f 4537/3201/4425 4261/3170/4404 4260/3168/4403 4540/3204/4428
f 4540/3204/4428 4260/3168/4403 4062/3169/4304 4202/3210/4302
f 4539/3202/4426 4540/3204/4428 4202/3210/4302 4201/3211/4301
f 4538/3203/4427 4539/3202/4426 4201/3211/4301 4200/3212/4300
f 4217/3213/4363 4538/3203/4427 4200/3212/4300 4063/3214/4299
f 4216/3215/4362 4535/3199/4423 4538/3203/4427 4217/3213/4363
f 4215/3207/4361 4532/3196/4420 4535/3199/4423 4216/3215/4362
f 4541/3216/4432 4542/3217/4433 4545/3218/4434 4544/3219/4435
f 4542/3217/4433 4543/3220/4436 4546/3221/4437 4545/3218/4434
f 4544/3219/4435 4545/3218/4434 4548/3222/4438 4547/3223/4439
f 4545/3218/4434 4546/3221/4437 4549/3224/4440 4548/3222/4438
f 4051/2951/4219 4151/3225/4221 4541/3216/4432 4164/3044/4296
f 4151/3225/4221 4150/3226/4218 4542/3217/4433 4541/3216/4432
f 4150/3226/4218 4149/3227/4216 4543/3220/4436 4542/3217/4433
f 4149/3227/4216 4052/2946/4215 4239/3228/4441 4543/3220/4436
f 4543/3220/4436 4239/3228/4441 4240/3229/4442 4546/3221/4437
f 4546/3221/4437 4240/3229/4442 4241/3230/4443 4549/3224/4440
f 4549/3224/4440 4241/3230/4443 4064/3121/4368 4203/3231/4366
f 4548/3222/4438 4549/3224/4440 4203/3231/4366 4204/3232/4365
f 4547/3223/4439 4548/3222/4438 4204/3232/4365 4205/3117/4364
f 4166/3046/4298 4547/3223/4439 4205/3117/4364 4063/3047/4299
f 4165/3045/4297 4544/3219/4435 4547/3223/4439 4166/3046/4298
f 4164/3044/4296 4541/3216/4432 4544/3219/4435 4165/3045/4297
f 4550/3233/4444 4551/3234/4445 4554/3235/4446 4553/3236/4447
f 4551/3234/4445 4552/3237/4448 4555/3238/4449 4554/3235/4446
f 4553/3236/4447 4554/3235/4446 4557/3239/4450 4556/3240/4451
f 4554/3235/4446 4555/3238/4449 4558/3241/4452 4557/3239/4450
f 4040/2818/4066 4098/3242/4065 4550/3233/4444 4236/2819/4123
f 4098/3242/4065 4099/3243/4064 4551/3234/4445 4550/3233/4444
f 4099/3243/4064 4100/3244/4063 4552/3237/4448 4551/3234/4445
f 4100/3244/4063 4038/2974/4046 4235/2976/4239 4552/3237/4448
f 4552/3237/4448 4235/2976/4239 4234/2989/4249 4555/3238/4449
f 4555/3238/4449 4234/2989/4249 4233/2987/4247 4558/3241/4452
f 4558/3241/4452 4233/2987/4247 4053/2988/4248 4178/3245/4453
f 4557/3239/4450 4558/3241/4452 4178/3245/4453 4177/3246/4454
f 4556/3240/4451 4557/3239/4450 4177/3246/4454 4176/3247/4455
f 4238/2821/4125 4556/3240/4451 4176/3247/4455 4055/2822/4126
f 4237/2820/4124 4553/3236/4447 4556/3240/4451 4238/2821/4125
f 4236/2819/4123 4550/3233/4444 4553/3236/4447 4237/2820/4124
f 4559/3248/4456 4560/3249/4457 4563/3250/4458 4562/3251/4459
f 4560/3249/4457 4561/3252/4460 4564/3253/4461 4563/3250/4458
f 4562/3251/4459 4563/3250/4458 4566/3254/4462 4565/3255/4463
f 4563/3250/4458 4564/3253/4461 4567/3256/4464 4566/3254/4462
f 4048/2936/4206 4142/3257/4208 4559/3248/4456 4155/3002/4260
f 4142/3257/4208 4141/3258/4210 4560/3249/4457 4559/3248/4456
f 4141/3258/4210 4140/3259/4228 4561/3252/4460 4560/3249/4457
f 4140/3259/4228 4049/2960/4227 4242/3260/4465 4561/3252/4460
f 4561/3252/4460 4242/3260/4465 4243/3261/4466 4564/3253/4461
f 4564/3253/4461 4243/3261/4466 4244/3262/4467 4567/3256/4464
f 4567/3256/4464 4244/3262/4467 4061/3263/4344 4194/3264/4342
f 4566/3254/4462 4567/3256/4464 4194/3264/4342 4195/3265/4341
f 4565/3255/4463 4566/3254/4462 4195/3265/4341 4196/3266/4340
f 4157/3004/4262 4565/3255/4463 4196/3266/4340 4059/3005/4263
f 4156/3003/4261 4562/3251/4459 4565/3255/4463 4157/3004/4262
f 4155/3002/4260 4559/3248/4456 4562/3251/4459 4156/3003/4261
f 4568/3267/4468 4569/3268/4469 4572/3269/4470 4571/3270/4471
f 4569/3268/4469 4570/3271/4472 4573/3272/4473 4572/3269/4470
f 4571/3270/4471 4572/3269/4470 4575/3273/4474 4574/3274/4475
f 4572/3269/4470 4573/3272/4473 4576/3275/4476 4575/3273/4474
f 4052/2946/4215 4154/2948/4217 4568/3267/4468 4239/3228/4441
f 4154/2948/4217 4153/3276/4214 4569/3268/4469 4568/3267/4468
f 4153/3276/4214 4152/3277/4212 4570/3271/4472 4569/3268/4469
f 4152/3277/4212 4047/2941/4211 4229/3000/4259 4570/3271/4472
f 4570/3271/4472 4229/3000/4259 4228/3011/4269 4573/3272/4473
f 4573/3272/4473 4228/3011/4269 4227/3009/4267 4576/3275/4476
f 4576/3275/4476 4227/3009/4267 4060/3010/4268 4206/3278/4419
f 4575/3273/4474 4576/3275/4476 4206/3278/4419 4207/3279/4418
f 4574/3274/4475 4575/3273/4474 4207/3279/4418 4208/3280/4417
f 4241/3230/4443 4574/3274/4475 4208/3280/4417 4064/3121/4368
f 4240/3229/4442 4571/3270/4471 4574/3274/4475 4241/3230/4443
f 4239/3228/4441 4568/3267/4468 4571/3270/4471 4240/3229/4442
f 4577/3281/4477 4578/3282/4478 4581/3283/4479 4580/3284/4480
f 4578/3282/4478 4579/3285/4481 4582/3286/4482 4581/3283/4479
f 4580/3284/4480 4581/3283/4479 4584/3287/4483 4583/3288/4484
f 4581/3283/4479 4582/3286/4482 4585/3289/4485 4584/3287/4483
f 4049/2960/4227 4145/2962/4229 4577/3281/4477 4242/3260/4465
f 4145/2962/4229 4144/3290/4226 4578/3282/4478 4577/3281/4477
f 4144/3290/4226 4143/3291/4224 4579/3285/4481 4578/3282/4478
f 4143/3291/4224 4050/2955/4223 4163/3041/4295 4579/3285/4481
f 4579/3285/4481 4163/3041/4295 4162/3053/4305 4582/3286/4482
f 4582/3286/4482 4162/3053/4305 4161/3051/4303 4585/3289/4485
f 4585/3289/4485 4161/3051/4303 4062/3052/4304 4197/3292/4402
f 4584/3287/4483 4585/3289/4485 4197/3292/4402 4198/3293/4401
f 4583/3288/4484 4584/3287/4483 4198/3293/4401 4199/3294/4400
f 4244/3262/4467 4583/3288/4484 4199/3294/4400 4061/3263/4344
f 4243/3261/4466 4580/3284/4480 4583/3288/4484 4244/3262/4467
f 4242/3260/4465 4577/3281/4477 4580/3284/4480 4243/3261/4466
f 4586/3295/4486 4587/3296/4487 4590/3297/4488 4589/3298/4489
f 4587/3296/4487 4588/3299/4490 4591/3300/4491 4590/3297/4488
f 4589/3298/4489 4590/3297/4488 4593/3301/4492 4592/3302/4493
f 4590/3297/4488 4591/3300/4491 4594/3303/4494 4593/3301/4492
f 4036/2979/4042 4134/3304/4165 4586/3295/4486 4230/2980/4240
f 4134/3304/4165 4135/3305/4164 4587/3296/4487 4586/3295/4486
f 4135/3305/4164 4136/3306/4163 4588/3299/4490 4587/3296/4487
f 4136/3306/4163 4046/3063/4146 4169/3065/4315 4588/3299/4490
f 4588/3299/4490 4169/3065/4315 4168/3073/4321 4591/3300/4491
f 4591/3300/4491 4168/3073/4321 4167/3071/4319 4594/3303/4494
f 4594/3303/4494 4167/3071/4319 4058/3072/4320 4190/3307/4495
f 4593/3301/4492 4594/3303/4494 4190/3307/4495 4189/3308/4496
f 4592/3302/4493 4593/3301/4492 4189/3308/4496 4188/3309/4497
f 4232/2982/4242 4592/3302/4493 4188/3309/4497 4054/2983/4243
f 4231/2981/4241 4589/3298/4489 4592/3302/4493 4232/2982/4242
f 4230/2980/4240 4586/3295/4486 4589/3298/4489 4231/2981/4241
f 4595/3310/4498 4596/3311/4499 4599/3312/4500 4598/3313/4501
f 4596/3311/4499 4597/3314/4502 4600/3315/4503 4599/3312/4500
f 4598/3313/4501 4599/3312/4500 4602/3316/4504 4601/3317/4505
f 4599/3312/4500 4600/3315/4503 4603/3318/4506 4602/3316/4504
f 4057/3319/4284 4182/3320/4282 4595/3310/4498 4251/3321/4507
f 4182/3320/4282 4183/3322/4281 4596/3311/4499 4595/3310/4498
f 4183/3322/4281 4184/3323/4280 4597/3314/4502 4596/3311/4499
f 4184/3323/4280 4056/3324/4131 4226/3325/4508 4597/3314/4502
f 4597/3314/4502 4226/3325/4508 4225/3326/4509 4600/3315/4503
f 4600/3315/4503 4225/3326/4509 4224/3327/4510 4603/3318/4506
f 4603/3318/4506 4224/3327/4510 4070/3155/4395 4263/3209/4431
f 4602/3316/4504 4603/3318/4506 4263/3209/4431 4264/3208/4430
f 4601/3317/4505 4602/3316/4504 4264/3208/4430 4265/3206/4429
f 4253/3328/4511 4601/3317/4505 4265/3206/4429 4067/3205/4360
f 4252/3329/4512 4598/3313/4501 4601/3317/4505 4253/3328/4511
f 4251/3321/4507 4595/3310/4498 4598/3313/4501 4252/3329/4512
f 4604/3330/4513 4605/3331/4514 4608/3332/4515 4607/3333/4516
f 4605/3331/4514 4606/3334/4517 4609/3335/4518 4608/3332/4515
f 4607/3333/4516 4608/3332/4515 4611/3336/4519 4610/3337/4520
f 4608/3332/4515 4609/3335/4518 4612/3338/4521 4611/3336/4519
f 4054/3339/4243 4188/3340/4497 4604/3330/4513 4257/3341/4522
f 4188/3340/4497 4189/3342/4496 4605/3331/4514 4604/3330/4513
f 4189/3342/4496 4190/3343/4495 4606/3334/4517 4605/3331/4514
f 4190/3343/4495 4058/3344/4320 4220/3345/4523 4606/3334/4517
f 4606/3334/4517 4220/3345/4523 4219/3346/4524 4609/3335/4518
f 4609/3335/4518 4219/3346/4524 4218/3347/4525 4612/3338/4521
f 4612/3338/4521 4218/3347/4525 4068/3185/4355 4266/3184/4416
f 4611/3336/4519 4612/3338/4521 4266/3184/4416 4267/3183/4415
f 4610/3337/4520 4611/3336/4519 4267/3183/4415 4268/3181/4414
f 4259/3348/4526 4610/3337/4520 4268/3181/4414 4069/3180/4382
f 4258/3349/4527 4607/3333/4516 4610/3337/4520 4259/3348/4526
f 4257/3341/4522 4604/3330/4513 4607/3333/4516 4258/3349/4527
f 4613/3350/4528 4614/3351/4529 4617/3352/4530 4616/3353/4531
f 4614/3351/4529 4615/3354/4532 4618/3355/4533 4617/3352/4530
f 4616/3353/4531 4617/3352/4530 4620/3356/4534 4619/3357/4535
f 4617/3352/4530 4618/3355/4533 4621/3358/4536 4620/3356/4534
f 4056/3324/4131 4179/3359/4129 4613/3350/4528 4226/3325/4508
f 4179/3359/4129 4180/3360/4128 4614/3351/4529 4613/3350/4528
f 4180/3360/4128 4181/3361/4127 4615/3354/4532 4614/3351/4529
f 4181/3361/4127 4055/3362/4126 4214/3363/4537 4615/3354/4532
f 4615/3354/4532 4214/3363/4537 4213/3364/4538 4618/3355/4533
f 4618/3355/4533 4213/3364/4538 4212/3365/4539 4621/3358/4536
f 4621/3358/4536 4212/3365/4539 4066/3160/4331 4269/3159/4399
f 4620/3356/4534 4621/3358/4536 4269/3159/4399 4270/3158/4398
f 4619/3357/4535 4620/3356/4534 4270/3158/4398 4271/3156/4396
f 4224/3327/4510 4619/3357/4535 4271/3156/4396 4070/3155/4395
f 4225/3326/4509 4616/3353/4531 4619/3357/4535 4224/3327/4510
f 4226/3325/4508 4613/3350/4528 4616/3353/4531 4225/3326/4509
f 4622/3366/4540 4623/3367/4541 4626/3368/4542 4625/3369/4543
f 4623/3367/4541 4624/3370/4544 4627/3371/4545 4626/3368/4542
f 4625/3369/4543 4626/3368/4542 4629/3372/4546 4628/3373/4547
f 4626/3368/4542 4627/3371/4545 4630/3374/4548 4629/3372/4546
f 4053/2988/4248 4173/2986/4246 4622/3366/4540 4245/3375/4549
f 4173/2986/4246 4174/2985/4245 4623/3367/4541 4622/3366/4540
f 4174/2985/4245 4175/2984/4244 4624/3370/4544 4623/3367/4541
f 4175/2984/4244 4054/2983/4243 4257/3376/4522 4624/3370/4544
f 4624/3370/4544 4257/3376/4522 4258/3377/4527 4627/3371/4545
f 4627/3371/4545 4258/3377/4527 4259/3378/4526 4630/3374/4548
f 4630/3374/4548 4259/3378/4526 4069/3379/4382 4272/3380/4381
f 4629/3372/4546 4630/3374/4548 4272/3380/4381 4273/3381/4380
f 4628/3373/4547 4629/3372/4546 4273/3381/4380 4274/3382/4379
f 4247/3383/4550 4628/3373/4547 4274/3382/4379 4065/3384/4336
f 4246/3385/4551 4625/3369/4543 4628/3373/4547 4247/3383/4550
f 4245/3375/4549 4622/3366/4540 4625/3369/4543 4246/3385/4551
f 4631/3386/4552 4632/3387/4553 4635/3388/4554 4634/3389/4555
f 4632/3387/4553 4633/3390/4556 4636/3391/4557 4635/3388/4554
f 4634/3389/4555 4635/3388/4554 4638/3392/4558 4637/3393/4559
f 4635/3388/4554 4636/3391/4557 4639/3394/4560 4638/3392/4558
f 4058/3072/4320 4185/3070/4318 4631/3386/4552 4220/3395/4523
f 4185/3070/4318 4186/3069/4317 4632/3387/4553 4631/3386/4552
f 4186/3069/4317 4187/3068/4316 4633/3390/4556 4632/3387/4553
f 4187/3068/4316 4057/3030/4284 4251/3396/4507 4633/3390/4556
f 4633/3390/4556 4251/3396/4507 4252/3397/4512 4636/3391/4557
f 4636/3391/4557 4252/3397/4512 4253/3398/4511 4639/3394/4560
f 4639/3394/4560 4253/3398/4511 4067/3399/4360 4275/3400/4359
f 4638/3392/4558 4639/3394/4560 4275/3400/4359 4276/3401/4358
f 4637/3393/4559 4638/3392/4558 4276/3401/4358 4277/3402/4356
f 4218/3403/4525 4637/3393/4559 4277/3402/4356 4068/3404/4355
f 4219/3405/4524 4634/3389/4555 4637/3393/4559 4218/3403/4525
f 4220/3395/4523 4631/3386/4552 4634/3389/4555 4219/3405/4524
f 4640/3406/4561 4641/3407/4562 4644/3408/4563 4643/3409/4564
f 4641/3407/4562 4642/3410/4565 4645/3411/4566 4644/3408/4563
f 4643/3409/4564 4644/3408/4563 4647/3412/4567 4646/3413/4568
f 4644/3408/4563 4645/3411/4566 4648/3414/4569 4647/3412/4567
f 4055/3415/4126 4176/3416/4455 4640/3406/4561 4214/3417/4537
f 4176/3416/4455 4177/3418/4454 4641/3407/4562 4640/3406/4561
f 4177/3418/4454 4178/3419/4453 4642/3410/4565 4641/3407/4562
f 4178/3419/4453 4053/3420/4248 4245/3421/4549 4642/3410/4565
f 4642/3410/4565 4245/3421/4549 4246/3422/4551 4645/3411/4566
f 4645/3411/4566 4246/3422/4551 4247/3423/4550 4648/3414/4569
f 4648/3414/4569 4247/3423/4550 4065/3088/4336 4278/3087/4335
f 4647/3412/4567 4648/3414/4569 4278/3087/4335 4279/3086/4334
f 4646/3413/4568 4647/3412/4567 4279/3086/4334 4280/3084/4332
f 4212/3424/4539 4646/3413/4568 4280/3084/4332 4066/3083/4331
f 4213/3425/4538 4643/3409/4564 4646/3413/4568 4212/3424/4539
f 4214/3417/4537 4640/3406/4561 4643/3409/4564 4213/3425/4538
f 4649/3426/4570 4650/3427/4571 4653/3428/4572 4652/3429/4573
f 4650/3427/4571 4651/3430/4574 4654/3431/4575 4653/3428/4572
f 4652/3429/4573 4653/3428/4572 4656/3432/4576 4655/3433/4577
f 4653/3428/4572 4654/3431/4575 4657/3434/4578 4656/3432/4576
f 4045/3435/4202 4130/3436/4579 4649/3426/4570 4131/3437/4203
f 4130/3436/4579 4129/3438/4580 4650/3427/4571 4649/3426/4570
f 4129/3438/4580 4128/3439/4581 4651/3430/4574 4650/3427/4571
f 4128/3439/4581 4076/3440/4582 4299/3441/4583 4651/3430/4574
f 4651/3430/4574 4299/3441/4583 4300/3442/4584 4654/3431/4575
f 4654/3431/4575 4300/3442/4584 4301/3443/4585 4657/3434/4578
f 4657/3434/4578 4301/3443/4585 4071/3444/4586 4283/3445/4587
f 4656/3432/4576 4657/3434/4578 4283/3445/4587 4282/3446/4588
f 4655/3433/4577 4656/3432/4576 4282/3446/4588 4281/3447/4589
f 4133/3448/4183 4655/3433/4577 4281/3447/4589 4035/3449/4181
f 4132/3450/4185 4652/3429/4573 4655/3433/4577 4133/3448/4183
f 4131/3437/4203 4649/3426/4570 4652/3429/4573 4132/3450/4185
f 4658/3451/4590 4659/3452/4591 4662/3453/4592 4661/3454/4593
f 4659/3452/4591 4660/3455/4594 4663/3456/4595 4662/3453/4592
f 4661/3454/4593 4662/3453/4592 4665/3457/4596 4664/3458/4597
f 4662/3453/4592 4663/3456/4595 4666/3459/4598 4665/3457/4596
f 4043/3460/4198 4121/3461/4599 4658/3451/4590 4122/3462/4199
f 4121/3461/4599 4120/3463/4600 4659/3452/4591 4658/3451/4590
f 4120/3463/4600 4119/3464/4601 4660/3455/4594 4659/3452/4591
f 4119/3464/4601 4075/3465/4602 4302/3466/4603 4660/3455/4594
f 4660/3455/4594 4302/3466/4603 4303/3467/4604 4663/3456/4595
f 4663/3456/4595 4303/3467/4604 4304/3468/4605 4666/3459/4598
f 4666/3459/4598 4304/3468/4605 4076/3440/4582 4128/3439/4581
f 4665/3457/4596 4666/3459/4598 4128/3439/4581 4129/3438/4580
f 4664/3458/4597 4665/3457/4596 4129/3438/4580 4130/3436/4579
f 4124/3469/4204 4664/3458/4597 4130/3436/4579 4045/3435/4202
f 4123/3470/4201 4661/3454/4593 4664/3458/4597 4124/3469/4204
f 4122/3462/4199 4658/3451/4590 4661/3454/4593 4123/3470/4201
f 4667/3471/4606 4668/3472/4607 4671/3473/4608 4670/3474/4609
f 4668/3472/4607 4669/3475/4610 4672/3476/4611 4671/3473/4608
f 4670/3474/4609 4671/3473/4608 4674/3477/4612 4673/3478/4613
f 4671/3473/4608 4672/3476/4611 4675/3479/4614 4674/3477/4612
f 4041/3480/4194 4112/3481/4615 4667/3471/4606 4113/3482/4195
f 4112/3481/4615 4111/3483/4616 4668/3472/4607 4667/3471/4606
f 4111/3483/4616 4110/3484/4617 4669/3475/4610 4668/3472/4607
f 4110/3484/4617 4074/3485/4618 4305/3486/4619 4669/3475/4610
f 4669/3475/4610 4305/3486/4619 4306/3487/4620 4672/3476/4611
f 4672/3476/4611 4306/3487/4620 4307/3488/4621 4675/3479/4614
f 4675/3479/4614 4307/3488/4621 4075/3489/4602 4119/3490/4601
f 4674/3477/4612 4675/3479/4614 4119/3490/4601 4120/3491/4600
f 4673/3478/4613 4674/3477/4612 4120/3491/4600 4121/3492/4599
f 4115/3493/4200 4673/3478/4613 4121/3492/4599 4043/3494/4198
f 4114/3495/4197 4670/3474/4609 4673/3478/4613 4115/3493/4200
f 4113/3482/4195 4667/3471/4606 4670/3474/4609 4114/3495/4197
f 4676/3496/4622 4677/3497/4623 4680/3498/4624 4679/3499/4625
f 4677/3497/4623 4678/3500/4626 4681/3501/4627 4680/3498/4624
f 4679/3499/4625 4680/3498/4624 4683/3502/4628 4682/3503/4629
f 4680/3498/4624 4681/3501/4627 4684/3504/4630 4683/3502/4628
f 4039/3505/4190 4103/3506/4631 4676/3496/4622 4104/3507/4191
f 4103/3506/4631 4102/3508/4632 4677/3497/4623 4676/3496/4622
f 4102/3508/4632 4101/3509/4633 4678/3500/4626 4677/3497/4623
f 4101/3509/4633 4073/3510/4634 4308/3511/4635 4678/3500/4626
f 4678/3500/4626 4308/3511/4635 4309/3512/4636 4681/3501/4627
f 4681/3501/4627 4309/3512/4636 4310/3513/4637 4684/3504/4630
f 4684/3504/4630 4310/3513/4637 4074/3485/4618 4110/3484/4617
f 4683/3502/4628 4684/3504/4630 4110/3484/4617 4111/3483/4616
f 4682/3503/4629 4683/3502/4628 4111/3483/4616 4112/3481/4615
f 4106/3514/4196 4682/3503/4629 4112/3481/4615 4041/3480/4194
f 4105/3515/4193 4679/3499/4625 4682/3503/4629 4106/3514/4196
f 4104/3507/4191 4676/3496/4622 4679/3499/4625 4105/3515/4193
f 4685/3516/4638 4686/3517/4639 4689/3518/4640 4688/3519/4641
f 4686/3517/4639 4687/3520/4642 4690/3521/4643 4689/3518/4640
f 4688/3519/4641 4689/3518/4640 4692/3522/4644 4691/3523/4645
f 4689/3518/4640 4690/3521/4643 4693/3524/4646 4692/3522/4644
f 4037/3525/4186 4094/3526/4647 4685/3516/4638 4095/3527/4187
f 4094/3526/4647 4093/3528/4648 4686/3517/4639 4685/3516/4638
f 4093/3528/4648 4092/3529/4649 4687/3520/4642 4686/3517/4639
f 4092/3529/4649 4072/3530/4650 4311/3531/4651 4687/3520/4642
f 4687/3520/4642 4311/3531/4651 4312/3532/4652 4690/3521/4643
f 4690/3521/4643 4312/3532/4652 4313/3533/4653 4693/3524/4646
f 4693/3524/4646 4313/3533/4653 4073/3534/4634 4101/3535/4633
f 4692/3522/4644 4693/3524/4646 4101/3535/4633 4102/3536/4632
f 4691/3523/4645 4692/3522/4644 4102/3536/4632 4103/3537/4631
f 4097/3538/4192 4691/3523/4645 4103/3537/4631 4039/3539/4190
f 4096/3540/4189 4688/3519/4641 4691/3523/4645 4097/3538/4192
f 4095/3527/4187 4685/3516/4638 4688/3519/4641 4096/3540/4189
f 4694/3541/4654 4695/3542/4655 4698/3543/4656 4697/3544/4657
f 4695/3542/4655 4696/3545/4658 4699/3546/4659 4698/3543/4656
f 4697/3544/4657 4698/3543/4656 4701/3547/4660 4700/3548/4661
f 4698/3543/4656 4699/3546/4659 4702/3549/4662 4701/3547/4660
f 4035/3550/4181 4281/3551/4589 4694/3541/4654 4083/3552/4182
f 4281/3551/4589 4282/3553/4588 4695/3542/4655 4694/3541/4654
f 4282/3553/4588 4283/3554/4587 4696/3545/4658 4695/3542/4655
f 4283/3554/4587 4071/3555/4586 4314/3556/4663 4696/3545/4658
f 4696/3545/4658 4314/3556/4663 4315/3557/4664 4699/3546/4659
f 4699/3546/4659 4315/3557/4664 4316/3558/4665 4702/3549/4662
f 4702/3549/4662 4316/3558/4665 4072/3530/4650 4092/3529/4649
f 4701/3547/4660 4702/3549/4662 4092/3529/4649 4093/3528/4648
f 4700/3548/4661 4701/3547/4660 4093/3528/4648 4094/3526/4647
f 4085/3559/4188 4700/3548/4661 4094/3526/4647 4037/3525/4186
f 4084/3560/4184 4697/3544/4657 4700/3548/4661 4085/3559/4188
f 4083/3552/4182 4694/3541/4654 4697/3544/4657 4084/3560/4184
f 4703/3561/4666 4704/3562/4666 4707/3563/4415 4706/3564/4415
f 4704/3562/4666 4705/3565/4666 4708/3566/4415 4707/3563/4415
f 4706/3564/4415 4707/3563/4415 4710/3567/4667 4709/3568/4667
f 4707/3563/4415 4708/3566/4415 4711/3569/4667 4710/3567/4667
f 4076/3570/4582 4298/3571/4355 4703/3561/4666 4299/3572/4583
f 4298/3571/4355 4297/3573/4355 4704/3562/4666 4703/3561/4666
f 4297/3573/4355 4296/3574/4355 4705/3565/4666 4704/3562/4666
f 4296/3574/4355 4082/3575/4151 4335/3576/4162 4705/3565/4666
f 4705/3565/4666 4335/3576/4162 4336/3577/4167 4708/3566/4415
f 4708/3566/4415 4336/3577/4167 4337/3578/4166 4711/3569/4667
f 4711/3569/4667 4337/3578/4166 4077/3579/4037 4319/3580/4382
f 4710/3567/4667 4711/3569/4667 4319/3580/4382 4318/3581/4382
f 4709/3568/4667 4710/3567/4667 4318/3581/4382 4317/3582/4382
f 4301/3583/4585 4709/3568/4667 4317/3582/4382 4071/3584/4586
f 4300/3585/4584 4706/3564/4415 4709/3568/4667 4301/3583/4585
f 4299/3572/4583 4703/3561/4666 4706/3564/4415 4300/3585/4584
f 4712/3586/4668 4713/3587/4668 4716/3588/4358 4715/3589/4358
f 4713/3587/4668 4714/3590/4668 4717/3591/4358 4716/3588/4358
f 4715/3589/4358 4716/3588/4358 4719/3592/4669 4718/3593/4669
f 4716/3588/4358 4717/3591/4358 4720/3594/4669 4719/3592/4669
f 4075/3595/4602 4295/3596/4360 4712/3586/4668 4302/3597/4603
f 4295/3596/4360 4294/3598/4360 4713/3587/4668 4712/3586/4668
f 4294/3598/4360 4293/3599/4360 4714/3590/4668 4713/3587/4668
f 4293/3599/4360 4081/3600/4111 4338/3601/4142 4714/3590/4668
f 4714/3590/4668 4338/3601/4142 4339/3602/4152 4717/3591/4358
f 4717/3591/4358 4339/3602/4152 4340/3603/4150 4720/3594/4669
f 4720/3594/4669 4340/3603/4150 4082/3575/4151 4296/3574/4355
f 4719/3592/4669 4720/3594/4669 4296/3574/4355 4297/3573/4355
f 4718/3593/4669 4719/3592/4669 4297/3573/4355 4298/3571/4355
f 4304/3604/4605 4718/3593/4669 4298/3571/4355 4076/3570/4582
f 4303/3605/4604 4715/3589/4358 4718/3593/4669 4304/3604/4605
f 4302/3597/4603 4712/3586/4668 4715/3589/4358 4303/3605/4604
f 4721/3606/4670 4722/3607/4670 4725/3608/4430 4724/3609/4430
f 4722/3607/4670 4723/3610/4670 4726/3611/4430 4725/3608/4430
f 4724/3609/4430 4725/3608/4430 4728/3612/4429 4727/3613/4429
f 4725/3608/4430 4726/3611/4430 4729/3614/4429 4728/3612/4429
f 4074/3615/4618 4292/3616/4395 4721/3606/4670 4305/3617/4619
f 4292/3616/4395 4291/3618/4395 4722/3607/4670 4721/3606/4670
f 4291/3618/4395 4290/3619/4395 4723/3610/4670 4722/3607/4670
f 4290/3619/4395 4080/3620/4091 4341/3621/4102 4723/3610/4670
f 4723/3610/4670 4341/3621/4102 4342/3622/4112 4726/3611/4430
f 4726/3611/4430 4342/3622/4112 4343/3623/4110 4729/3614/4429
f 4729/3614/4429 4343/3623/4110 4081/3624/4111 4293/3625/4360
f 4728/3612/4429 4729/3614/4429 4293/3625/4360 4294/3626/4360
f 4727/3613/4429 4728/3612/4429 4294/3626/4360 4295/3627/4360
f 4307/3628/4621 4727/3613/4429 4295/3627/4360 4075/3629/4602
f 4306/3630/4620 4724/3609/4430 4727/3613/4429 4307/3628/4621
f 4305/3617/4619 4721/3606/4670 4724/3609/4430 4306/3630/4620
f 4730/3631/4671 4731/3632/4671 4734/3633/4398 4733/3634/4398
f 4731/3632/4671 4732/3635/4671 4735/3636/4398 4734/3633/4398
f 4733/3634/4398 4734/3633/4398 4737/3637/4672 4736/3638/4672
f 4734/3633/4398 4735/3636/4398 4738/3639/4672 4737/3637/4672
f 4073/3640/4634 4289/3641/4331 4730/3631/4671 4308/3642/4635
f 4289/3641/4331 4288/3643/4331 4731/3632/4671 4730/3631/4671
f 4288/3643/4331 4287/3644/4331 4732/3635/4671 4731/3632/4671
f 4287/3644/4331 4079/3645/4071 4344/3646/4082 4732/3635/4671
f 4732/3635/4671 4344/3646/4082 4345/3647/4092 4735/3636/4398
f 4735/3636/4398 4345/3647/4092 4346/3648/4090 4738/3639/4672
f 4738/3639/4672 4346/3648/4090 4080/3620/4091 4290/3619/4395
f 4737/3637/4672 4738/3639/4672 4290/3619/4395 4291/3618/4395
f 4736/3638/4672 4737/3637/4672 4291/3618/4395 4292/3616/4395
f 4310/3649/4637 4736/3638/4672 4292/3616/4395 4074/3615/4618
f 4309/3650/4636 4733/3634/4398 4736/3638/4672 4310/3649/4637
f 4308/3642/4635 4730/3631/4671 4733/3634/4398 4309/3650/4636
f 4739/3651/4673 4740/3652/4673 4743/3653/4334 4742/3654/4334
f 4740/3652/4673 4741/3655/4673 4744/3656/4334 4743/3653/4334
f 4742/3654/4334 4743/3653/4334 4746/3657/4674 4745/3658/4674
f 4743/3653/4334 4744/3656/4334 4747/3659/4674 4746/3657/4674
f 4072/3660/4650 4286/3661/4336 4739/3651/4673 4311/3662/4651
f 4286/3661/4336 4285/3663/4336 4740/3652/4673 4739/3651/4673
f 4285/3663/4336 4284/3664/4336 4741/3655/4673 4740/3652/4673
f 4284/3664/4336 4078/3665/4051 4347/3666/4062 4741/3655/4673
f 4741/3655/4673 4347/3666/4062 4348/3667/4072 4744/3656/4334
f 4744/3656/4334 4348/3667/4072 4349/3668/4070 4747/3659/4674
f 4747/3659/4674 4349/3668/4070 4079/3669/4071 4287/3670/4331
f 4746/3657/4674 4747/3659/4674 4287/3670/4331 4288/3671/4331
f 4745/3658/4674 4746/3657/4674 4288/3671/4331 4289/3672/4331
f 4313/3673/4653 4745/3658/4674 4289/3672/4331 4073/3674/4634
f 4312/3675/4652 4742/3654/4334 4745/3658/4674 4313/3673/4653
f 4311/3662/4651 4739/3651/4673 4742/3654/4334 4312/3675/4652
f 4748/3676/4675 4749/3677/4675 4752/3678/4380 4751/3679/4380
f 4749/3677/4675 4750/3680/4675 4753/3681/4380 4752/3678/4380
f 4751/3679/4380 4752/3678/4380 4755/3682/4379 4754/3683/4379
f 4752/3678/4380 4753/3681/4380 4756/3684/4379 4755/3682/4379
f 4071/3685/4586 4317/3686/4382 4748/3676/4675 4314/3687/4663
f 4317/3686/4382 4318/3688/4382 4749/3677/4675 4748/3676/4675
f 4318/3688/4382 4319/3689/4382 4750/3680/4675 4749/3677/4675
f 4319/3689/4382 4077/3690/4037 4350/3691/4039 4750/3680/4675
f 4750/3680/4675 4350/3691/4039 4351/3692/4052 4753/3681/4380
f 4753/3681/4380 4351/3692/4052 4352/3693/4050 4756/3684/4379
f 4756/3684/4379 4352/3693/4050 4078/3665/4051 4284/3664/4336
f 4755/3682/4379 4756/3684/4379 4284/3664/4336 4285/3663/4336
f 4754/3683/4379 4755/3682/4379 4285/3663/4336 4286/3661/4336
f 4316/3694/4665 4754/3683/4379 4286/3661/4336 4072/3660/4650
f 4315/3695/4664 4751/3679/4380 4754/3683/4379 4316/3694/4665
f 4314/3687/4663 4748/3676/4675 4751/3679/4380 4315/3695/4664
